"","m"
"1",229678093097023
"2",229409893575713
"3",229410207387704
"4",229855352128725
"5",229409893575717
"6",229242449963187
"7",229242449967120
"8",229242449977582
"9",229321437993153
"10",229242449971313
"11",229677069754503
"12",229409893573885
"13",229320605975640
"14",229242295758012
"15",229242450031736
"16",229937962990809
"17",229320605977725
"18",229320605953211
"19",229242295766090
"20",229320605966526
"21",229678093162569
"22",229256171956357
"23",229321438155991
"24",229678093336703
"25",229321437763714
"26",229166416661595
"27",229166066823206
"28",229677069783094
"29",229255657933882
"30",229321438092389
"31",229255657946133
"32",229320605949038
"33",229678093439184
"34",229409893553285
"35",229255657936997
"36",229320606007481
"37",229256171710589
"38",227471450957862
"39",229242295860434
"40",229677069757645
"41",229678093311007
"42",229678093441262
"43",229320605968605
"44",229321437677579
"46",230296025463038
"47",229320605943811
"48",229320605988949
"49",229321437909061
"50",229678093130942
"52",229410206920832
"53",229678093429864
"55",229256171747545
"56",229409893560343
"58",229409893603348
"60",229256171567352
"61",229242450000079
