"","ResponseId","emotions.re.pos","emotions.re.pos.scaled","emotions.crisis.neg.tot","emotions.crisis.neg.tot.sc","trust.gov","trust.gov.scaled","trust.info.media","trust.info.gov","m","climate_concern","concern.scaled"
"1","R_06dMV3ns8Oso0fv",4,-0.344827586206897,2.66666666666667,-0.95128626163109,1,-2.65134099616859,1,2,229320605949036,4,-0.804187192118227
"2","R_0GLAzLpKzb2dj0t",4.5,0.155172413793103,4.66666666666667,1.04871373836891,5.33333333333333,1.68199233716475,3,4,229410206607464,5.25,0.445812807881773
"3","R_0wTi4jmliqouWu5",3.5,-0.844827586206897,3.66666666666667,0.0487137383689098,3.66666666666667,0.0153256704980813,4,4,229937963021321,4,-0.804187192118227
"4","R_10pBdcRCpngqXjW",4.5,0.155172413793103,3.33333333333333,-0.284619594964423,3.66666666666667,0.0153256704980813,5,3,229409893581988,5.75,0.945812807881773
"5","R_10r8rAWRBrcfRNn",4,-0.344827586206897,3.33333333333333,-0.284619594964423,3.66666666666667,0.0153256704980813,4,4,229242295831746,4,-0.804187192118227
"6","R_10rCK8WbpwFbUPC",4.5,0.155172413793103,3,-0.617952928297757,3.33333333333333,-0.318007662835252,3,3,229409893585116,5.75,0.945812807881773
"7","R_10xEptLaoi40BlX",3.5,-0.844827586206897,5.66666666666667,2.04871373836891,5.33333333333333,1.68199233716475,4,6,229166066803864,6,1.19581280788177
"8","R_10ZbpT2snlVjOtf",5.5,1.1551724137931,2.33333333333333,-1.28461959496442,2.66666666666667,-0.984674329501919,4,3,229409893572855,6,1.19581280788177
"9","R_11Xg8JyRKok3DIm",5,0.655172413793103,1.33333333333333,-2.28461959496442,5,1.34865900383141,5,5,229256171609167,5.25,0.445812807881773
"10","R_128Yrk2hM6RVtn2",3.5,-0.844827586206897,6,2.38204707170224,2.33333333333333,-1.31800766283525,1,1,229677069834245,1.5,-3.30418719211823
"11","R_12EXkLuWI7zwqvD",3.5,-0.844827586206897,1.66666666666667,-1.95128626163109,4.33333333333333,0.681992337164748,5,4,229255657957600,4.5,-0.304187192118227
"12","R_12fHiuDKnfCHBwJ",6,1.6551724137931,5.33333333333333,1.71538040503558,1,-2.65134099616859,4,2,229855352002681,5.25,0.445812807881773
"13","R_12LqzQngtlo94Le",4,-0.344827586206897,4.66666666666667,1.04871373836891,4.33333333333333,0.681992337164748,5,5,229321438315541,3.75,-1.05418719211823
"14","R_12ncLRlhWhSi4HC",4.5,0.155172413793103,4.66666666666667,1.04871373836891,4.33333333333333,0.681992337164748,4,4,229255658003638,4.75,-0.0541871921182269
"15","R_12nepXyOEnwLAif",3.5,-0.844827586206897,3.33333333333333,-0.284619594964423,3,-0.651340996168585,3,3,229255657936996,4,-0.804187192118227
"16","R_12rpjjaAH22b0AL",4.5,0.155172413793103,6,2.38204707170224,2,-1.65134099616859,1,4,229255657970831,1.75,-3.05418719211823
"17","R_1BnkeWb8Yt6wKJz",4,-0.344827586206897,2.66666666666667,-0.95128626163109,4,0.348659003831415,4,4,229166416660547,4.5,-0.304187192118227
"18","R_1Bw9BeGQL8DHYUF",3,-1.3448275862069,4.33333333333333,0.715380405035576,1,-2.65134099616859,1,1,229409893573885,1.75,-3.05418719211823
"19","R_1C4mhyAltGnXD7Q",5,0.655172413793103,3.33333333333333,-0.284619594964423,4,0.348659003831415,4,4,229409893552237,6,1.19581280788177
"20","R_1CeTcMn0lbUzusP",5,0.655172413793103,2.66666666666667,-0.95128626163109,5,1.34865900383141,4,5,229410207421640,4.75,-0.0541871921182269
"21","R_1CftvhEnlM7DryY",3,-1.3448275862069,3.66666666666667,0.0487137383689098,2.66666666666667,-0.984674329501919,3,3,229409893611678,2.5,-2.30418719211823
"22","R_1CjS9gr2pSxsjzJ",6,1.6551724137931,4.66666666666667,1.04871373836891,2,-1.65134099616859,3,3,229409893622879,6,1.19581280788177
"23","R_1Cl2SebPQbOFhuz",6,1.6551724137931,4,0.382047071702243,5,1.34865900383141,4,5,229256171549895,5.75,0.945812807881773
"24","R_1cTvFzZh8rAXZLM",2,-2.3448275862069,3.33333333333333,-0.284619594964423,1,-2.65134099616859,1,1,229410206789674,3.25,-1.55418719211823
"25","R_1cYyqwuVjx1HrFm",4.5,0.155172413793103,3.33333333333333,-0.284619594964423,3.66666666666667,0.0153256704980813,4,4,230469411957892,5.25,0.445812807881773
"26","R_1DC5nrZ8uUaZwqY",5.5,1.1551724137931,2.66666666666667,-0.95128626163109,3.66666666666667,0.0153256704980813,4,5,229678093154327,5,0.195812807881773
"27","R_1dGnuEDDeFDb6qd",2.5,-1.8448275862069,4.33333333333333,0.715380405035576,1.66666666666667,-1.98467432950192,2,2,229409893637217,3.5,-1.30418719211823
"28","R_1dH1iYOib9kW6Yk",6,1.6551724137931,2.33333333333333,-1.28461959496442,5,1.34865900383141,4,5,229678093228064,5.75,0.945812807881773
"29","R_1DHhLExORVUMSTn",6,1.6551724137931,5,1.38204707170224,3,-0.651340996168585,2,2,229256171569156,5,0.195812807881773
"30","R_1dm0mgLEerYlg7d",6,1.6551724137931,1.66666666666667,-1.95128626163109,2,-1.65134099616859,1,2,229678093101130,6,1.19581280788177
"31","R_1dodXvys6NxgTR9",5,0.655172413793103,3.33333333333333,-0.284619594964423,4,0.348659003831415,4,4,229409893579886,6,1.19581280788177
"32","R_1DSURcJvOpaPjL4",4.5,0.155172413793103,3.66666666666667,0.0487137383689098,4.66666666666667,1.01532567049808,4,5,229410206632128,5.5,0.695812807881773
"33","R_1Dw12dAWVKw9xMK",5,0.655172413793103,3.66666666666667,0.0487137383689098,4,0.348659003831415,3,3,229677069763603,5,0.195812807881773
"34","R_1dyNNy7i0IogXjW",5,0.655172413793103,3.66666666666667,0.0487137383689098,4,0.348659003831415,1,3,229321438291162,5.25,0.445812807881773
"35","R_1E9U1jO9sggxQfj",5.5,1.1551724137931,3.33333333333333,-0.284619594964423,5,1.34865900383141,6,6,229409893617680,6,1.19581280788177
"36","R_1Eag3xMoE7wW18J",3.5,-0.844827586206897,4,0.382047071702243,3.33333333333333,-0.318007662835252,5,3,229320605989990,5.25,0.445812807881773
"37","R_1Eh4vp1pfF8GFJb",3.5,-0.844827586206897,4,0.382047071702243,2.66666666666667,-0.984674329501919,3,3,229321438343251,6,1.19581280788177
"38","R_1esHTNUUBMqaFT4",4.5,0.155172413793103,5.66666666666667,2.04871373836891,3.66666666666667,0.0153256704980813,3,4,229758454221926,6,1.19581280788177
"39","R_1EXckHTPL38e8I3",3,-1.3448275862069,5,1.38204707170224,4,0.348659003831415,3,4,229409893618721,5.25,0.445812807881773
"40","R_1F34b5Sc8PY9Agr",6,1.6551724137931,3.66666666666667,0.0487137383689098,5,1.34865900383141,4,4,229320605949038,5.75,0.945812807881773
"41","R_1f3YXfeCEsOPSlV",6,1.6551724137931,2,-1.61795292829776,4.66666666666667,1.01532567049808,5,5,229677069768795,6,1.19581280788177
"42","R_1F95ZqBmJuJUOkw",4.5,0.155172413793103,2.66666666666667,-0.95128626163109,4.66666666666667,1.01532567049808,4,5,230469411958921,5,0.195812807881773
"43","R_1F97pVdAYa0AR1X",4,-0.344827586206897,3,-0.617952928297757,3,-0.651340996168585,3,3,229321438387356,5.25,0.445812807881773
"44","R_1Fb60FleWdn0RUE",4,-0.344827586206897,3,-0.617952928297757,3,-0.651340996168585,3,3,229677069754513,4,-0.804187192118227
"45","R_1fd2J5yU5aMILdN",3.5,-0.844827586206897,1,-2.61795292829776,3,-0.651340996168585,1,1,229321437584534,6,1.19581280788177
"46","R_1FDpeUrcOgJSNxf",5.5,1.1551724137931,3.66666666666667,0.0487137383689098,4,0.348659003831415,4,4,229320605935728,6,1.19581280788177
"47","R_1FET35ZNzpaPbdF",5,0.655172413793103,5,1.38204707170224,4,0.348659003831415,3,3,229678093261955,6,1.19581280788177
"48","R_1Ff7YEINWKKGDH6",5.5,1.1551724137931,3,-0.617952928297757,5,1.34865900383141,4,5,229166416673876,5.75,0.945812807881773
"49","R_1FFDYiR7B3bxAQw",3.5,-0.844827586206897,4.33333333333333,0.715380405035576,3.33333333333333,-0.318007662835252,4,4,229409893563459,3.5,-1.30418719211823
"50","R_1FmtO0YnX1gLS41",1,-3.3448275862069,4.33333333333333,0.715380405035576,1,-2.65134099616859,1,1,229321437677579,1,-3.80418719211823
"51","R_1Frcm9brNvhVz0E",3.5,-0.844827586206897,3.66666666666667,0.0487137383689098,2.33333333333333,-1.31800766283525,4,2,229166066778296,6,1.19581280788177
"52","R_1FsrFDQpo9ZXqH5",6,1.6551724137931,3,-0.617952928297757,4,0.348659003831415,4,4,229678093212685,5.5,0.695812807881773
"53","R_1FxPHFim5fqJQQ6",5.5,1.1551724137931,4.66666666666667,1.04871373836891,1,-2.65134099616859,3,4,229320605945902,6,1.19581280788177
"54","R_1g0codRo4a9OQoO",1,-3.3448275862069,2,-1.61795292829776,6,2.34865900383141,6,6,229255657936997,6,1.19581280788177
"55","R_1g8sB1oxmSUbqac",6,1.6551724137931,4.66666666666667,1.04871373836891,4.33333333333333,0.681992337164748,4,3,229321437575305,6,1.19581280788177
"56","R_1GHQl4ynOuXKsoJ",4,-0.344827586206897,3.33333333333333,-0.284619594964423,4.66666666666667,1.01532567049808,5,5,229166416665772,4.75,-0.0541871921182269
"57","R_1gLvjTZg4QNX5QS",2.5,-1.8448275862069,4.33333333333333,0.715380405035576,4,0.348659003831415,4,3,229255657939091,4.75,-0.0541871921182269
"58","R_1gnF5xx7LiG6Ey4",3,-1.3448275862069,5.33333333333333,1.71538040503558,5,1.34865900383141,2,5,229320605952170,4.25,-0.554187192118227
"59","R_1gznfQwU0vN5Ydh",3.5,-0.844827586206897,5.33333333333333,1.71538040503558,2.66666666666667,-0.984674329501919,2,2,229678093431933,2.5,-2.30418719211823
"60","R_1H6Rjj0awqzoXyO",5,0.655172413793103,4.66666666666667,1.04871373836891,4,0.348659003831415,2,4,229677069756609,5,0.195812807881773
"61","R_1hN2fFHEfAEgcbd",6,1.6551724137931,4.33333333333333,0.715380405035576,5,1.34865900383141,6,6,229320605944858,6,1.19581280788177
"62","R_1hPRfP2ZEnVS9MR",6,1.6551724137931,3.33333333333333,-0.284619594964423,4,0.348659003831415,3,4,229255657966697,5.25,0.445812807881773
"63","R_1hQEo3eSrkO8U4m",4.5,0.155172413793103,2.33333333333333,-1.28461959496442,3.66666666666667,0.0153256704980813,4,4,229255657965656,4,-0.804187192118227
"64","R_1hYcEowvUwVWBqw",1,-3.3448275862069,4.33333333333333,0.715380405035576,3,-0.651340996168585,2,3,229855351995491,6,1.19581280788177
"65","R_1i3WThj1PPLv7sg",5,0.655172413793103,2.33333333333333,-1.28461959496442,4.33333333333333,0.681992337164748,4,5,229321438164192,4.25,-0.554187192118227
"66","R_1I4WlAa3OiJqVwK",3.5,-0.844827586206897,3.66666666666667,0.0487137383689098,4.33333333333333,0.681992337164748,4,4,229758453888227,5.75,0.945812807881773
"67","R_1I6MKxO41jAt15N",4.5,0.155172413793103,4.66666666666667,1.04871373836891,2.66666666666667,-0.984674329501919,5,2,229166066782222,5.75,0.945812807881773
"68","R_1IGfF1abpdkWhLy",4.5,0.155172413793103,3.66666666666667,0.0487137383689098,3.66666666666667,0.0153256704980813,4,3,229166066780404,4.75,-0.0541871921182269
"69","R_1iqZeodTGsnoO71",5,0.655172413793103,4.66666666666667,1.04871373836891,5,1.34865900383141,4,5,229242449969214,5,0.195812807881773
"70","R_1j7oxMkWVP5NSpt",4.5,0.155172413793103,1.33333333333333,-2.28461959496442,5,1.34865900383141,5,5,229410207373567,5,0.195812807881773
"71","R_1j9BySKkUls71SL",6,1.6551724137931,1,-2.61795292829776,4,0.348659003831415,3,4,229409893572842,6,1.19581280788177
"72","R_1JFb2GboLo58HzV",1,-3.3448275862069,1,-2.61795292829776,1,-2.65134099616859,1,1,229242449965295,1,-3.80418719211823
"73","R_1jIJHh1689WJ1Wf",5.5,1.1551724137931,3.33333333333333,-0.284619594964423,5.66666666666667,2.01532567049808,5,6,230296025094160,5.75,0.945812807881773
"74","R_1jMMgQWaTF17FdD",4,-0.344827586206897,4.33333333333333,0.715380405035576,2,-1.65134099616859,2,2,229410206863586,3.5,-1.30418719211823
"75","R_1jOhygKAl2j4uoW",5,0.655172413793103,2.33333333333333,-1.28461959496442,5,1.34865900383141,5,5,229409893574684,5.5,0.695812807881773
"76","R_1JUrVGo4h0DuwTF",3.5,-0.844827586206897,4.66666666666667,1.04871373836891,3.66666666666667,0.0153256704980813,4,4,229242295798887,6,1.19581280788177
"77","R_1jxnsKE1PsOW2ud",4.5,0.155172413793103,3,-0.617952928297757,3.66666666666667,0.0153256704980813,4,5,229242449956923,5.5,0.695812807881773
"78","R_1jZcZ1S8MccWXlw",6,1.6551724137931,3.66666666666667,0.0487137383689098,4.66666666666667,1.01532567049808,5,5,229937963399296,6,1.19581280788177
"79","R_1K41lGNotMQuaYo",4.5,0.155172413793103,4.33333333333333,0.715380405035576,3,-0.651340996168585,1,2,229321438312457,6,1.19581280788177
"80","R_1KjR9tFAM9YeB0x",4,-0.344827586206897,3,-0.617952928297757,4.33333333333333,0.681992337164748,4,4,229256171712646,5.5,0.695812807881773
"81","R_1Km3m54TPU3JKM1",5.5,1.1551724137931,2.33333333333333,-1.28461959496442,4,0.348659003831415,5,5,229678093326426,6,1.19581280788177
"82","R_1KXEGN3b38r2ypb",5,0.655172413793103,4.33333333333333,0.715380405035576,5,1.34865900383141,5,5,229166066821130,6,1.19581280788177
"83","R_1l0RIyAa9CP5bzP",5,0.655172413793103,2,-1.61795292829776,3.66666666666667,0.0153256704980813,4,4,229256171658438,2.5,-2.30418719211823
"84","R_1LexZBYJhPpiZjV",6,1.6551724137931,3.66666666666667,0.0487137383689098,5,1.34865900383141,4,4,229242449960063,5.75,0.945812807881773
"85","R_1LFH0LOWi9Yz49r",5,0.655172413793103,3.66666666666667,0.0487137383689098,5,1.34865900383141,4,5,229758453932074,5.5,0.695812807881773
"86","R_1LFmb4Bx13gTnD3",5,0.655172413793103,2.33333333333333,-1.28461959496442,4,0.348659003831415,4,4,230469411954784,4.5,-0.304187192118227
"87","R_1loWPZTW4yf5XH7",6,1.6551724137931,2.33333333333333,-1.28461959496442,6,2.34865900383141,6,5,229677069801542,6,1.19581280788177
"88","R_1LtemN8EXM5ZUBN",5.5,1.1551724137931,4.33333333333333,0.715380405035576,3.33333333333333,-0.318007662835252,5,3,229255657951349,6,1.19581280788177
"89","R_1LU8zd8gVQJ9Ymv",3,-1.3448275862069,3.66666666666667,0.0487137383689098,4,0.348659003831415,5,4,229677069783101,6,1.19581280788177
"90","R_1LuhzYh0vCqcqBC",3.5,-0.844827586206897,3.66666666666667,0.0487137383689098,4,0.348659003831415,4,4,229242449972339,4,-0.804187192118227
"91","R_1LUJuqInfZjP2R8",4,-0.344827586206897,3.66666666666667,0.0487137383689098,3.33333333333333,-0.318007662835252,2,1,229166066786390,1.25,-3.55418719211823
"92","R_1lzB3yQwCXpUq1d",3.5,-0.844827586206897,3.33333333333333,-0.284619594964423,3.66666666666667,0.0153256704980813,3,3,229166416659487,4,-0.804187192118227
"93","R_1MK61RcnsRnWNLS",4,-0.344827586206897,3.66666666666667,0.0487137383689098,4,0.348659003831415,5,5,229321437739104,4,-0.804187192118227
"94","R_1mltiMTeFeXLWJB",5.5,1.1551724137931,4.66666666666667,1.04871373836891,4,0.348659003831415,5,5,229166416658444,6,1.19581280788177
"95","R_1mmFq3cx5odSSLt",4.5,0.155172413793103,4,0.382047071702243,4.33333333333333,0.681992337164748,5,5,229678093105251,5.75,0.945812807881773
"96","R_1mn6nqlgVzfC7By",3,-1.3448275862069,4,0.382047071702243,4,0.348659003831415,4,4,229321437507604,4.75,-0.0541871921182269
"97","R_1mPZTN6F4Yrwu6f",4.5,0.155172413793103,2.66666666666667,-0.95128626163109,4.33333333333333,0.681992337164748,4,3,229166066770993,5.5,0.695812807881773
"98","R_1mqjuQbjSc7zaz8",4.5,0.155172413793103,5.66666666666667,2.04871373836891,2.33333333333333,-1.31800766283525,4,3,229320605946949,6,1.19581280788177
"99","R_1MS46DkDMSuh1PA",5.5,1.1551724137931,4.66666666666667,1.04871373836891,4.66666666666667,1.01532567049808,4,5,229321437515815,6,1.19581280788177
"100","R_1mt96mbxkfZ8oJc",4.5,0.155172413793103,4.66666666666667,1.04871373836891,2.66666666666667,-0.984674329501919,3,3,229677069783098,6,1.19581280788177
"101","R_1mUwQ8WDbVXY7Bc",5,0.655172413793103,3.33333333333333,-0.284619594964423,3.66666666666667,0.0153256704980813,2,3,229409893551197,6,1.19581280788177
"102","R_1mw9V9ozzWi1LAn",2.5,-1.8448275862069,2.33333333333333,-1.28461959496442,3.33333333333333,-0.318007662835252,3,2,229409893558495,3.25,-1.55418719211823
"103","R_1n0hU9OFnulf6DQ",6,1.6551724137931,3,-0.617952928297757,5,1.34865900383141,4,5,229409893562422,6,1.19581280788177
"104","R_1n1JzBYizsP8rTM",5,0.655172413793103,2.66666666666667,-0.95128626163109,2.33333333333333,-1.31800766283525,2,2,229256171660490,4,-0.804187192118227
"105","R_1NaFm6LK1x6V9gF",3,-1.3448275862069,4,0.382047071702243,4.66666666666667,1.01532567049808,3,4,229320605939889,4,-0.804187192118227
"106","R_1NgER6kVSAaUKmK",3,-1.3448275862069,3.66666666666667,0.0487137383689098,1,-2.65134099616859,3,1,229409893587194,2,-2.80418719211823
"107","R_1o59gPx3PeNGzjI",4.5,0.155172413793103,2.66666666666667,-0.95128626163109,4,0.348659003831415,1,3,229410206629043,6,1.19581280788177
"108","R_1ob4JLq5bEFQZX3",4.5,0.155172413793103,3.66666666666667,0.0487137383689098,2.66666666666667,-0.984674329501919,4,3,229678093131973,4.5,-0.304187192118227
"109","R_1odmUPPKrKX7yt0",5,0.655172413793103,3.66666666666667,0.0487137383689098,4,0.348659003831415,3,4,229677069757653,6,1.19581280788177
"110","R_1OI9sjzqAoq5VTd",3.5,-0.844827586206897,5.33333333333333,1.71538040503558,1.66666666666667,-1.98467432950192,1,1,229855352005760,3,-1.80418719211823
"111","R_1oj0iGwz5gWx4EM",5,0.655172413793103,2.66666666666667,-0.95128626163109,5,1.34865900383141,5,4,229320605936759,5,0.195812807881773
"112","R_1oniO1xKkANO7Rs",3,-1.3448275862069,2.33333333333333,-1.28461959496442,1,-2.65134099616859,4,1,229320605950073,1,-3.80418719211823
"113","R_1OOwSBX7GRf44TF",6,1.6551724137931,3.33333333333333,-0.284619594964423,5,1.34865900383141,4,5,229256171733167,6,1.19581280788177
"114","R_1oqkBndhcpDZMqi",3,-1.3448275862069,3,-0.617952928297757,4,0.348659003831415,2,4,227471450957862,5,0.195812807881773
"115","R_1OwNrBIiXECqoyG",4.5,0.155172413793103,3.66666666666667,0.0487137383689098,2.33333333333333,-1.31800766283525,2,2,229242295848169,5.75,0.945812807881773
"116","R_1OZvYMVO8FhOvaF",5.5,1.1551724137931,3,-0.617952928297757,5,1.34865900383141,5,5,230469412011106,5,0.195812807881773
"117","R_1PdvSyRjroeuRch",4.5,0.155172413793103,5.66666666666667,2.04871373836891,4.33333333333333,0.681992337164748,4,4,229242449982562,4.75,-0.0541871921182269
"118","R_1pF3jLkb5kuiHLt",3,-1.3448275862069,3.33333333333333,-0.284619594964423,2,-1.65134099616859,3,2,229242295738458,6,1.19581280788177
"119","R_1pFFiHfQdEkz93a",4,-0.344827586206897,4,0.382047071702243,5,1.34865900383141,5,5,229678093414635,6,1.19581280788177
"120","R_1pQXa06zhttQ2QK",2.5,-1.8448275862069,4.33333333333333,0.715380405035576,1,-2.65134099616859,1,1,229320606006452,1,-3.80418719211823
"121","R_1PT0N7jE8CEe4Om",4.5,0.155172413793103,3.33333333333333,-0.284619594964423,5,1.34865900383141,4,5,229320605934677,6,1.19581280788177
"122","R_1pWi3TQiCGOmyri",4,-0.344827586206897,2.66666666666667,-0.95128626163109,4,0.348659003831415,4,4,229320605953210,4.25,-0.554187192118227
"123","R_1pY7VZtwZ0xvste",2.5,-1.8448275862069,3.33333333333333,-0.284619594964423,3.66666666666667,0.0153256704980813,5,4,229409893571809,5,0.195812807881773
"124","R_1pyPj6pxQTGpmoY",4,-0.344827586206897,2.66666666666667,-0.95128626163109,5,1.34865900383141,5,5,230296025238534,5,0.195812807881773
"125","R_1PZfkT8XYl42PDz",6,1.6551724137931,4.66666666666667,1.04871373836891,5,1.34865900383141,5,5,229242295748626,6,1.19581280788177
"126","R_1Q3M5DRW0wNEKbT",5,0.655172413793103,2,-1.61795292829776,4,0.348659003831415,5,4,229409893583024,3.25,-1.55418719211823
"127","R_1Q5SORbIaDcvhXw",4.5,0.155172413793103,6,2.38204707170224,3,-0.651340996168585,5,3,229320605959210,3.75,-1.05418719211823
"128","R_1q97VY7HVIAyFYv",3,-1.3448275862069,3,-0.617952928297757,2.33333333333333,-1.31800766283525,1,1,229320605949033,3.75,-1.05418719211823
"129","R_1QcQf40hnZ8IGIv",4,-0.344827586206897,4,0.382047071702243,3.33333333333333,-0.318007662835252,4,4,229855352039662,5,0.195812807881773
"130","R_1QcuoKglTc1aR2c",2.5,-1.8448275862069,3.33333333333333,-0.284619594964423,5,1.34865900383141,5,6,230469411967151,3.75,-1.05418719211823
"131","R_1QlrekUmzTk0Wbq",5,0.655172413793103,3.33333333333333,-0.284619594964423,4.66666666666667,1.01532567049808,3,5,229321438363760,4,-0.804187192118227
"132","R_1QltThrqzdt4ppe",6,1.6551724137931,5.66666666666667,2.04871373836891,2,-1.65134099616859,3,1,229242295775457,3.25,-1.55418719211823
"133","R_1QrpE21fw7QXXYu",6,1.6551724137931,4.33333333333333,0.715380405035576,1,-2.65134099616859,4,1,229242295744700,6,1.19581280788177
"134","R_1QrwLMIn7K2GhNN",4.5,0.155172413793103,4.33333333333333,0.715380405035576,2,-1.65134099616859,1,2,229321438287057,5,0.195812807881773
"135","R_1qX9y9uKlkCAb4j",5,0.655172413793103,2.66666666666667,-0.95128626163109,3.66666666666667,0.0153256704980813,4,4,229409893556412,4.5,-0.304187192118227
"136","R_1rAhq8JtngWYhI1",1,-3.3448275862069,1,-2.61795292829776,5,1.34865900383141,4,5,229242295843984,3.75,-1.05418719211823
"137","R_1rJ1QlgXJMaeq34",5,0.655172413793103,3.33333333333333,-0.284619594964423,5,1.34865900383141,4,5,229320605940944,5.75,0.945812807881773
"138","R_1RJFm66oU5fP5Qt",3.5,-0.844827586206897,3.66666666666667,0.0487137383689098,4,0.348659003831415,5,5,229255657942213,3.5,-1.30418719211823
"139","R_1rMMLys7a9QDlKp",5.5,1.1551724137931,2,-1.61795292829776,3.33333333333333,-0.318007662835252,2,2,229937963154540,4.75,-0.0541871921182269
"140","R_1rP3xwHOfSB3Xfm",6,1.6551724137931,2.33333333333333,-1.28461959496442,4.66666666666667,1.01532567049808,5,6,229242449970265,5.75,0.945812807881773
"141","R_1rPu8GlUfBUaT1f",4.5,0.155172413793103,3.33333333333333,-0.284619594964423,3.66666666666667,0.0153256704980813,4,3,229255657999471,6,1.19581280788177
"142","R_1rq6oBNP3dfuJSh",3.5,-0.844827586206897,2.33333333333333,-1.28461959496442,4,0.348659003831415,2,4,229256171676680,1.75,-3.05418719211823
"143","R_1rw4iW8Em9oSO65",4,-0.344827586206897,2.66666666666667,-0.95128626163109,3.66666666666667,0.0153256704980813,4,4,229677069775045,3,-1.80418719211823
"144","R_1Y2iKkxsibQMHVD",3.5,-0.844827586206897,3,-0.617952928297757,5,1.34865900383141,4,5,229321437941882,5.5,0.695812807881773
"145","R_20MCNf1iYVfsbyx",5,0.655172413793103,4.33333333333333,0.715380405035576,3,-0.651340996168585,4,3,229409893611680,6,1.19581280788177
"146","R_20UodHACXAGHKfb",4,-0.344827586206897,1.33333333333333,-2.28461959496442,3.66666666666667,0.0153256704980813,4,3,229677069753462,2,-2.80418719211823
"147","R_20Zr66Ok0cO2lzY",4,-0.344827586206897,6,2.38204707170224,2.66666666666667,-0.984674329501919,3,2,229320605935709,4.5,-0.304187192118227
"148","R_2170LJegYGhKWPO",2.5,-1.8448275862069,3,-0.617952928297757,3,-0.651340996168585,3,3,229320606011397,4,-0.804187192118227
"149","R_21adMr6FTICq8w7",5.5,1.1551724137931,3.33333333333333,-0.284619594964423,4.66666666666667,1.01532567049808,5,5,229410206775296,5,0.195812807881773
"150","R_21hMGEwDlPxhjIx",4,-0.344827586206897,2.66666666666667,-0.95128626163109,3.33333333333333,-0.318007662835252,2,2,229242449956922,3,-1.80418719211823
"151","R_21u3i7hJZiGF7q8",4.5,0.155172413793103,4,0.382047071702243,3.33333333333333,-0.318007662835252,3,4,229256171709564,4.75,-0.0541871921182269
"152","R_22DlIOA1QuwsRtH",4.5,0.155172413793103,5.33333333333333,1.71538040503558,3,-0.651340996168585,3,2,229256171670763,5,0.195812807881773
"153","R_22LmAhnuYngmKbY",4.5,0.155172413793103,1.33333333333333,-2.28461959496442,3.66666666666667,0.0153256704980813,4,4,229678093101134,5.75,0.945812807881773
"154","R_22re08dv5zyt3zy",6,1.6551724137931,3.66666666666667,0.0487137383689098,5,1.34865900383141,1,5,229256171552970,6,1.19581280788177
"155","R_22y2tZsREaqt265",4,-0.344827586206897,4.33333333333333,0.715380405035576,5,1.34865900383141,4,5,229242295738453,5,0.195812807881773
"156","R_22zBwIlTw6hKf92",5,0.655172413793103,3.33333333333333,-0.284619594964423,3.66666666666667,0.0153256704980813,3,3,229242449964248,3.5,-1.30418719211823
"157","R_23eQRGUU63p5ape",2.5,-1.8448275862069,4.66666666666667,1.04871373836891,2,-1.65134099616859,1,3,229677069779187,2.5,-2.30418719211823
"158","R_241nEMMdhWumQoO",4,-0.344827586206897,3.66666666666667,0.0487137383689098,4,0.348659003831415,3,4,229256171951216,5.25,0.445812807881773
"159","R_2492pCKHqf5dlKi",6,1.6551724137931,1.33333333333333,-2.28461959496442,2.66666666666667,-0.984674329501919,3,5,229678093372428,3,-1.80418719211823
"160","R_24cprR80Slkcffl",4,-0.344827586206897,4.33333333333333,0.715380405035576,5,1.34865900383141,4,3,229409893574672,1.75,-3.05418719211823
"161","R_24FPzaogsJl5Oao",4,-0.344827586206897,5,1.38204707170224,4.33333333333333,0.681992337164748,4,4,229242295830711,4.75,-0.0541871921182269
"162","R_24pwPmPBXaNb1Jp",5,0.655172413793103,1,-2.61795292829776,2.66666666666667,-0.984674329501919,2,2,229409893558502,5.25,0.445812807881773
"163","R_25HpnGCVJmRDJeN",6,1.6551724137931,5.33333333333333,1.71538040503558,5,1.34865900383141,5,5,229256171906265,6,1.19581280788177
"164","R_25u0Sp2GchmKqpa",5,0.655172413793103,5,1.38204707170224,3,-0.651340996168585,3,2,229320606027862,5,0.195812807881773
"165","R_263IFUYHOUdE9SR",5,0.655172413793103,4.33333333333333,0.715380405035576,2.66666666666667,-0.984674329501919,2,3,229678093381679,5.5,0.695812807881773
"166","R_268x0qErskNtjpo",4.5,0.155172413793103,3,-0.617952928297757,3,-0.651340996168585,4,3,229410206658574,4.75,-0.0541871921182269
"167","R_26buS4VBqPDXu4Q",6,1.6551724137931,2,-1.61795292829776,6,2.34865900383141,6,5,229677069754519,6,1.19581280788177
"168","R_26f1OmYAyKKQTeV",5,0.655172413793103,5,1.38204707170224,3.33333333333333,-0.318007662835252,3,3,229678093313064,5.75,0.945812807881773
"169","R_26o2dqIsY2j0ikn",5,0.655172413793103,4.66666666666667,1.04871373836891,4.33333333333333,0.681992337164748,4,4,229320605958180,5.75,0.945812807881773
"170","R_27dSC2bMDR9Y5Nq",5.5,1.1551724137931,2.66666666666667,-0.95128626163109,3,-0.651340996168585,4,4,229678093170793,6,1.19581280788177
"171","R_27eCE2XkQwLAAYK",5.5,1.1551724137931,4,0.382047071702243,4.33333333333333,0.681992337164748,5,6,229320606000189,6,1.19581280788177
"172","R_27jyk5bJ7c5tTIw",2.5,-1.8448275862069,5.66666666666667,2.04871373836891,1.66666666666667,-1.98467432950192,3,1,229242295765044,2.75,-2.05418719211823
"173","R_27k8PbNPolq0QAU",5.5,1.1551724137931,3,-0.617952928297757,4.66666666666667,1.01532567049808,4,5,229409893555368,6,1.19581280788177
"174","R_27PatKwP1D3wBGB",4,-0.344827586206897,3.66666666666667,0.0487137383689098,4,0.348659003831415,4,4,229242449957958,6,1.19581280788177
"175","R_27TNjzQrRpz3JWy",1.5,-2.8448275862069,5.33333333333333,1.71538040503558,3,-0.651340996168585,4,4,229677069762575,4.25,-0.554187192118227
"176","R_27UbqIBbAAvXtnO",3.5,-0.844827586206897,2,-1.61795292829776,6,2.34865900383141,6,6,229320606061811,3.75,-1.05418719211823
"177","R_27xmPUAjYoTlGbO",5,0.655172413793103,4.66666666666667,1.04871373836891,4,0.348659003831415,3,3,229410206643426,5,0.195812807881773
"178","R_28CZFXMZNeee8Tb",5.5,1.1551724137931,4.66666666666667,1.04871373836891,5,1.34865900383141,3,4,229410207337591,6,1.19581280788177
"179","R_28G4qPGUAsKipWV",4,-0.344827586206897,3.66666666666667,0.0487137383689098,3,-0.651340996168585,1,1,229242295743653,1.75,-3.05418719211823
"180","R_28Gxw9vDZkw4AFl",1,-3.3448275862069,2,-1.61795292829776,2.33333333333333,-1.31800766283525,2,2,229855352122474,1,-3.80418719211823
"181","R_291jqH1l086hM3H",4,-0.344827586206897,3.66666666666667,0.0487137383689098,4.33333333333333,0.681992337164748,4,6,229320605958184,3.75,-1.05418719211823
"182","R_299MMOiAM0CwBhl",6,1.6551724137931,5.33333333333333,1.71538040503558,5.33333333333333,1.68199233716475,6,6,229409893599427,5,0.195812807881773
"183","R_29uhdl1Vw2SydD1",5,0.655172413793103,3,-0.617952928297757,4.66666666666667,1.01532567049808,4,5,229242449960057,5.5,0.695812807881773
"184","R_2A0ZyfHN8PF2erE",4.5,0.155172413793103,4.33333333333333,0.715380405035576,3,-0.651340996168585,2,3,229255657933879,4.5,-0.304187192118227
"185","R_2aCzseQ1RcQVYH4",5.5,1.1551724137931,2.66666666666667,-0.95128626163109,5,1.34865900383141,5,5,229409893566597,6,1.19581280788177
"186","R_2AFo5duAc0IHQXg",4.5,0.155172413793103,2.66666666666667,-0.95128626163109,4,0.348659003831415,5,4,229937963228341,5.75,0.945812807881773
"187","R_2aFwdSvQ5kee5F5",6,1.6551724137931,2.66666666666667,-0.95128626163109,5.66666666666667,2.01532567049808,5,5,229409893568695,6,1.19581280788177
"188","R_2AG1H1VH5t5XhR1",5,0.655172413793103,4.66666666666667,1.04871373836891,4,0.348659003831415,4,4,229409893561381,6,1.19581280788177
"189","R_2aGDROz7N2AxH8J",3.5,-0.844827586206897,3.66666666666667,0.0487137383689098,3,-0.651340996168585,4,3,229242295791846,3.25,-1.55418719211823
"190","R_2AHkbMeJiEZwITa",4.5,0.155172413793103,3.66666666666667,0.0487137383689098,4,0.348659003831415,3,3,229677069757642,4.75,-0.0541871921182269
"191","R_2AQl8SZjeBihLpa",4,-0.344827586206897,3.33333333333333,-0.284619594964423,1,-2.65134099616859,1,1,229409893601517,5.25,0.445812807881773
"192","R_2AYJXywwVu6QGs3",4.5,0.155172413793103,3.33333333333333,-0.284619594964423,4.66666666666667,1.01532567049808,4,4,229409893553280,6,1.19581280788177
"193","R_2B40DDGZ80mBEbc",5.5,1.1551724137931,1.66666666666667,-1.95128626163109,2.66666666666667,-0.984674329501919,4,4,229409893580933,5.75,0.945812807881773
"194","R_2b4cSi6KufHEXQf",5,0.655172413793103,3.66666666666667,0.0487137383689098,4.66666666666667,1.01532567049808,4,4,229242295738451,4.5,-0.304187192118227
"195","R_2B4jgxePdmcIg6a",2.5,-1.8448275862069,5.33333333333333,1.71538040503558,1.33333333333333,-2.31800766283525,1,1,229242295746789,1.75,-3.05418719211823
"196","R_2BerMsevklfK0C6",3,-1.3448275862069,3.66666666666667,0.0487137383689098,3,-0.651340996168585,3,2,229255657958647,4,-0.804187192118227
"197","R_2Bm2KJXRyABauyk",4,-0.344827586206897,3.33333333333333,-0.284619594964423,5,1.34865900383141,5,5,229855352130794,6,1.19581280788177
"198","R_2bN5F89p3dp47h6",4.5,0.155172413793103,3.66666666666667,0.0487137383689098,3.33333333333333,-0.318007662835252,2,2,229678093302790,4.75,-0.0541871921182269
"199","R_2CJps0uBujnODbe",3.5,-0.844827586206897,3.66666666666667,0.0487137383689098,5,1.34865900383141,4,4,229409893600486,6,1.19581280788177
"200","R_2cnEXR8WCTUWKDw",2.5,-1.8448275862069,6,2.38204707170224,2,-1.65134099616859,1,1,229242295753838,5.25,0.445812807881773
"201","R_2CQ8YyzW1RpRmOa",4,-0.344827586206897,6,2.38204707170224,3,-0.651340996168585,1,1,229855352122461,4,-0.804187192118227
"202","R_2CwZWrVSNkvn7hm",6,1.6551724137931,6,2.38204707170224,1,-2.65134099616859,1,1,229678093412574,6,1.19581280788177
"203","R_2CZMbro8CP9Uu5t",6,1.6551724137931,5.33333333333333,1.71538040503558,2,-1.65134099616859,5,1,229678093163595,4.75,-0.0541871921182269
"204","R_2D6c4MB4OoCIkDm",4,-0.344827586206897,2.66666666666667,-0.95128626163109,3.33333333333333,-0.318007662835252,4,4,229321438330936,6,1.19581280788177
"205","R_2dg3EfUOU09B5o4",5.5,1.1551724137931,4.66666666666667,1.04871373836891,3.66666666666667,0.0153256704980813,4,4,229256171951214,6,1.19581280788177
"206","R_2dGR1ye0yw7G94w",2,-2.3448275862069,4.66666666666667,1.04871373836891,2,-1.65134099616859,2,1,229242295822351,3,-1.80418719211823
"207","R_2dKehFZ6Q0ZuvKP",2.5,-1.8448275862069,4,0.382047071702243,1.33333333333333,-2.31800766283525,2,2,229242295738457,2.25,-2.55418719211823
"208","R_2DOdBo6U9ALFufg",4,-0.344827586206897,3.33333333333333,-0.284619594964423,4.66666666666667,1.01532567049808,2,4,229242450019449,3.5,-1.30418719211823
"209","R_2DSan3zt5JS8l9P",1,-3.3448275862069,3.33333333333333,-0.284619594964423,3.33333333333333,-0.318007662835252,3,3,229242295766090,2.5,-2.30418719211823
"210","R_2dWss8mIevBNbql",6,1.6551724137931,1.66666666666667,-1.95128626163109,4.66666666666667,1.01532567049808,6,6,229242449956910,6,1.19581280788177
"211","R_2dzIMFCeBrnYXrM",5,0.655172413793103,3.66666666666667,0.0487137383689098,4,0.348659003831415,6,4,229255657942219,4.5,-0.304187192118227
"212","R_2dztNeIeNilgZSd",5,0.655172413793103,4.33333333333333,0.715380405035576,4,0.348659003831415,4,4,229242295787687,5,0.195812807881773
"213","R_2e4CoHK76vvECIM",6,1.6551724137931,4,0.382047071702243,4,0.348659003831415,4,3,229409893639303,6,1.19581280788177
"214","R_2e4gsRcT2FLvlEh",3.5,-0.844827586206897,3,-0.617952928297757,3.66666666666667,0.0153256704980813,4,3,229256171561183,5.5,0.695812807881773
"215","R_2E4XZ1gU8UuEcy2",3,-1.3448275862069,3.66666666666667,0.0487137383689098,3.66666666666667,0.0153256704980813,4,4,229855351994462,5.75,0.945812807881773
"216","R_2e5tMsjqS8r894Q",4.5,0.155172413793103,3.66666666666667,0.0487137383689098,4.33333333333333,0.681992337164748,4,4,229242449962154,5,0.195812807881773
"217","R_2e8zf4yA6aADPCx",4.5,0.155172413793103,3.33333333333333,-0.284619594964423,4,0.348659003831415,4,3,229321437583507,4.5,-0.304187192118227
"218","R_2EczmD5SwSzay4A",1.5,-2.8448275862069,4.66666666666667,1.04871373836891,4,0.348659003831415,3,3,229409893573887,5,0.195812807881773
"219","R_2En7dxb8PY0sVqa",5,0.655172413793103,4,0.382047071702243,2,-1.65134099616859,1,2,229242449963203,4.75,-0.0541871921182269
"220","R_2EudHnKol1N7utZ",3,-1.3448275862069,3.66666666666667,0.0487137383689098,1,-2.65134099616859,1,1,229321438308355,6,1.19581280788177
"221","R_2eWgxkI1ZcLlACS",6,1.6551724137931,3,-0.617952928297757,5.33333333333333,1.68199233716475,4,6,229256171818133,5.25,0.445812807881773
"222","R_2EzrxrOnJkcxDmK",1,-3.3448275862069,4.33333333333333,0.715380405035576,1.33333333333333,-2.31800766283525,1,1,229410207386675,1.75,-3.05418719211823
"223","R_2fx5TdeHZkzu7SR",4,-0.344827586206897,3.66666666666667,0.0487137383689098,6,2.34865900383141,5,6,229166416667863,4,-0.804187192118227
"224","R_2fxg9AHWtBi2GBP",5.5,1.1551724137931,3,-0.617952928297757,5,1.34865900383141,5,5,229677069755550,6,1.19581280788177
"225","R_2ghsWopwxNyadTb",3.5,-0.844827586206897,2.66666666666667,-0.95128626163109,3,-0.651340996168585,3,2,229758454236304,6,1.19581280788177
"226","R_2m0qE3DQhkw5quZ",3.5,-0.844827586206897,3.66666666666667,0.0487137383689098,5.33333333333333,1.68199233716475,4,5,229242449966328,6,1.19581280788177
"227","R_2OGwTX83fhyDNnI",3.5,-0.844827586206897,4,0.382047071702243,3,-0.651340996168585,5,4,229320606084260,5.25,0.445812807881773
"228","R_2OTsX0VoE5sGvbN",4,-0.344827586206897,3.66666666666667,0.0487137383689098,3.33333333333333,-0.318007662835252,4,4,229256171556050,5.75,0.945812807881773
"229","R_2OTucPfWLWySgbQ",4.5,0.155172413793103,2,-1.61795292829776,4.33333333333333,0.681992337164748,4,6,229242450008195,5.75,0.945812807881773
"230","R_2OZmN3GX1csFnvS",6,1.6551724137931,4.66666666666667,1.04871373836891,2,-1.65134099616859,2,2,229321438243967,6,1.19581280788177
"231","R_2P4JBo0bhSklWm8",3,-1.3448275862069,5,1.38204707170224,1,-2.65134099616859,2,2,229409893551191,5,0.195812807881773
"232","R_2P6WvCjxDtRXpfh",5.5,1.1551724137931,5,1.38204707170224,1.33333333333333,-2.31800766283525,3,1,229677069770890,6,1.19581280788177
"233","R_2PAMXQWMnCShnhv",4.5,0.155172413793103,2.66666666666667,-0.95128626163109,4,0.348659003831415,4,4,229409893610648,4,-0.804187192118227
"234","R_2PcWpDYMkGdiWuA",5.5,1.1551724137931,3.66666666666667,0.0487137383689098,6,2.34865900383141,5,6,229242295753832,3.5,-1.30418719211823
"235","R_2PnvZ3t3ESLuuRg",3.5,-0.844827586206897,2.66666666666667,-0.95128626163109,5.33333333333333,1.68199233716475,4,5,229242449956920,5.25,0.445812807881773
"236","R_2pVN9xJPvGeQwTl",4,-0.344827586206897,2,-1.61795292829776,5,1.34865900383141,3,5,229409893567654,4.75,-0.0541871921182269
"237","R_2pWDY1aVJKk8Eky",3,-1.3448275862069,4,0.382047071702243,2,-1.65134099616859,1,1,229409893616893,3.75,-1.05418719211823
"238","R_2q2wBpEDDTOLQAr",1.5,-2.8448275862069,6,2.38204707170224,4.66666666666667,1.01532567049808,5,5,229678093358306,1.75,-3.05418719211823
"239","R_2q3jFjpu8freoQG",4,-0.344827586206897,3.66666666666667,0.0487137383689098,1,-2.65134099616859,2,1,229409893605426,4.25,-0.554187192118227
"240","R_2q8jjB4POrxng1J",6,1.6551724137931,2.66666666666667,-0.95128626163109,4.66666666666667,1.01532567049808,4,4,229242449962151,4,-0.804187192118227
"241","R_2qlSogoBK0vIz2z",5.5,1.1551724137931,2.66666666666667,-0.95128626163109,5,1.34865900383141,4,4,229678093384755,5,0.195812807881773
"242","R_2QRGPTuTFmph4Tw",6,1.6551724137931,2.66666666666667,-0.95128626163109,2,-1.65134099616859,3,3,229409893634086,6,1.19581280788177
"243","R_2qsbwlWVgx3U2Ga",4.5,0.155172413793103,4,0.382047071702243,5.33333333333333,1.68199233716475,4,4,229409893556415,5.75,0.945812807881773
"244","R_2QtcKsYZWhhqqjS",3,-1.3448275862069,4,0.382047071702243,2.33333333333333,-1.31800766283525,2,2,229320605936763,3.25,-1.55418719211823
"245","R_2qvzPowbEHSePSC",4,-0.344827586206897,2.66666666666667,-0.95128626163109,4.33333333333333,0.681992337164748,5,5,229321437681681,5.25,0.445812807881773
"246","R_2qw808RHTW32LfJ",6,1.6551724137931,1,-2.61795292829776,4.33333333333333,0.681992337164748,5,5,227471450945619,5,0.195812807881773
"247","R_2QX1hhnet3fuiW3",5.5,1.1551724137931,4,0.382047071702243,3,-0.651340996168585,5,3,229321437763714,4.5,-0.304187192118227
"248","R_2QYGfMYzAouv17p",3.5,-0.844827586206897,4.33333333333333,0.715380405035576,4.33333333333333,0.681992337164748,2,3,229321438289110,6,1.19581280788177
"249","R_2R3WdyyTBE50O4B",6,1.6551724137931,5,1.38204707170224,4,0.348659003831415,5,4,229242449960062,6,1.19581280788177
"250","R_2RaD1qLsjvheOt2",3.5,-0.844827586206897,4.33333333333333,0.715380405035576,3.66666666666667,0.0153256704980813,2,3,229678093111417,4,-0.804187192118227
"251","R_2rAZ1Ka3wuVKPBW",4.5,0.155172413793103,4.33333333333333,0.715380405035576,5,1.34865900383141,4,5,229410206693467,6,1.19581280788177
"252","R_2riOlz6GykyQOSK",6,1.6551724137931,5,1.38204707170224,3,-0.651340996168585,4,4,229242449960052,6,1.19581280788177
"253","R_2rMazT4mo70rBsf",6,1.6551724137931,2,-1.61795292829776,5,1.34865900383141,4,5,229242295805140,5.5,0.695812807881773
"254","R_2ROlNuBvXLmCi1x",4,-0.344827586206897,3.33333333333333,-0.284619594964423,5.66666666666667,2.01532567049808,3,6,229255657931005,6,1.19581280788177
"255","R_2rTwpwnzTaksgxl",5.5,1.1551724137931,3,-0.617952928297757,2,-1.65134099616859,2,1,229320606066792,5.5,0.695812807881773
"256","R_2rU8sA0U715NiEp",5,0.655172413793103,3.33333333333333,-0.284619594964423,3,-0.651340996168585,4,4,229677069755544,5.25,0.445812807881773
"257","R_2RVM3Ml3yrbHgEd",6,1.6551724137931,4.33333333333333,0.715380405035576,5,1.34865900383141,5,5,229409893563468,6,1.19581280788177
"258","R_2rwInOPZ1KueAnO",3,-1.3448275862069,3.66666666666667,0.0487137383689098,1.33333333333333,-2.31800766283525,2,3,229256171835582,4.25,-0.554187192118227
"259","R_2rwvaT72ZJEiKlI",1,-3.3448275862069,2.66666666666667,-0.95128626163109,2.33333333333333,-1.31800766283525,2,1,229320605937806,1.75,-3.05418719211823
"260","R_2RXiWR7wst6Q1iP",3,-1.3448275862069,3.66666666666667,0.0487137383689098,3.33333333333333,-0.318007662835252,4,4,229409893557466,4.25,-0.554187192118227
"261","R_2S0octCIzzOhicw",4.5,0.155172413793103,3.33333333333333,-0.284619594964423,2,-1.65134099616859,3,3,229256171754731,6,1.19581280788177
"262","R_2S16EzuYSfQHKX0",3,-1.3448275862069,3.66666666666667,0.0487137383689098,3.33333333333333,-0.318007662835252,6,4,229242295749665,4,-0.804187192118227
"263","R_2s1MfU0zDpR0Jca",4,-0.344827586206897,3,-0.617952928297757,4.66666666666667,1.01532567049808,4,4,229409893555379,3.75,-1.05418719211823
"264","R_2s1p24MNKJ6pXqN",4.5,0.155172413793103,3.66666666666667,0.0487137383689098,1,-2.65134099616859,2,2,229410206617741,4,-0.804187192118227
"265","R_2S2hLsZH1WfTg51",4.5,0.155172413793103,4,0.382047071702243,3.66666666666667,0.0153256704980813,4,4,229256171968702,6,1.19581280788177
"266","R_2s56lo4tG3fLjIQ",4,-0.344827586206897,2.66666666666667,-0.95128626163109,4,0.348659003831415,4,4,229256171644062,4,-0.804187192118227
"267","R_2S8EuuoWZ1zlEUd",4.5,0.155172413793103,3,-0.617952928297757,4,0.348659003831415,4,5,229166066833642,6,1.19581280788177
"268","R_2SHzrbVeMibq1Gl",5,0.655172413793103,5,1.38204707170224,4.66666666666667,1.01532567049808,5,4,229242295756956,6,1.19581280788177
"269","R_2SoeQbtedg9U7A9",3,-1.3448275862069,4.66666666666667,1.04871373836891,4.33333333333333,0.681992337164748,2,4,229321438210114,4.75,-0.0541871921182269
"270","R_2sZMR3HZgebyC7G",4,-0.344827586206897,3,-0.617952928297757,1.33333333333333,-2.31800766283525,1,1,229409893578856,5.75,0.945812807881773
"271","R_2t673KXh7dRiqrM",4.5,0.155172413793103,2.66666666666667,-0.95128626163109,5,1.34865900383141,5,5,229678093260930,5,0.195812807881773
"272","R_2t9y2YhFbxge3FX",5.5,1.1551724137931,5.66666666666667,2.04871373836891,4.66666666666667,1.01532567049808,5,5,229242450002154,6,1.19581280788177
"273","R_2tAodbyDXek1lmO",6,1.6551724137931,5.66666666666667,2.04871373836891,5,1.34865900383141,5,5,229678093431930,6,1.19581280788177
"274","R_2tbb14YphaE4xH6",5,0.655172413793103,2.66666666666667,-0.95128626163109,5,1.34865900383141,5,5,229409893560330,5.25,0.445812807881773
"275","R_2th9gAtAIbanbIK",3,-1.3448275862069,3.33333333333333,-0.284619594964423,2,-1.65134099616859,3,2,229678093336703,3,-1.80418719211823
"276","R_2THMWSSD3Kxxxy0",5.5,1.1551724137931,2.66666666666667,-0.95128626163109,5,1.34865900383141,5,4,229255657931784,5.75,0.945812807881773
"277","R_2TR9UuVKt2Jw0Ai",4.5,0.155172413793103,4.33333333333333,0.715380405035576,3,-0.651340996168585,4,4,229320605943813,3.25,-1.55418719211823
"278","R_2trlsJrfwYEN5I7",5,0.655172413793103,4,0.382047071702243,4.66666666666667,1.01532567049808,5,6,229409893614815,4.5,-0.304187192118227
"279","R_2tunXP6UyGFpYHU",1.5,-2.8448275862069,3,-0.617952928297757,6,2.34865900383141,3,5,229678093130942,2.25,-2.55418719211823
"280","R_2TXIK6VleUaA37H",6,1.6551724137931,3.66666666666667,0.0487137383689098,2.66666666666667,-0.984674329501919,3,4,229242450014215,6,1.19581280788177
"281","R_2tzlX1mX1CPkNHm",4,-0.344827586206897,3,-0.617952928297757,4.33333333333333,0.681992337164748,4,4,229242449963187,6,1.19581280788177
"282","R_2U4JJgoRrHPqxRx",4,-0.344827586206897,5.33333333333333,1.71538040503558,3.33333333333333,-0.318007662835252,3,3,229242295811148,6,1.19581280788177
"283","R_2uFsFqQJzrSQ0IV",6,1.6551724137931,2,-1.61795292829776,4,0.348659003831415,6,5,229409893589023,6,1.19581280788177
"284","R_2uInyNC7MnrJsWt",1.5,-2.8448275862069,4.66666666666667,1.04871373836891,2.66666666666667,-0.984674329501919,3,1,229677069757645,6,1.19581280788177
"285","R_2uOMTtyh1bXg9ty",4.5,0.155172413793103,3.66666666666667,0.0487137383689098,4,0.348659003831415,5,5,230296025033849,6,1.19581280788177
"286","R_2uTLa7HMnc5Gs9E",4,-0.344827586206897,4,0.382047071702243,3.66666666666667,0.0153256704980813,3,3,229255657997387,3.75,-1.05418719211823
"287","R_2UVPhEcZkIqzMpj",5,0.655172413793103,2.66666666666667,-0.95128626163109,4.33333333333333,0.681992337164748,5,5,229677069789327,5.5,0.695812807881773
"288","R_2uyAjmplIniR3LB",3.5,-0.844827586206897,3.66666666666667,0.0487137383689098,3,-0.651340996168585,2,4,229410206981135,4,-0.804187192118227
"289","R_2v0yEORbEoaCcvW",5.5,1.1551724137931,5.66666666666667,2.04871373836891,4,0.348659003831415,4,3,229242295753826,6,1.19581280788177
"290","R_2v16SgaYMHNBq6S",4.5,0.155172413793103,3.66666666666667,0.0487137383689098,4.66666666666667,1.01532567049808,5,5,229409893570762,5.75,0.945812807881773
"291","R_2v2Ea5eT240inrU",1,-3.3448275862069,1,-2.61795292829776,1,-2.65134099616859,1,1,229320605953211,1,-3.80418719211823
"292","R_2V8sidAyrLfM799",4.5,0.155172413793103,4.66666666666667,1.04871373836891,4,0.348659003831415,5,4,230469411964067,5.25,0.445812807881773
"293","R_2VEBV1FZqbQzJh9",4.5,0.155172413793103,4,0.382047071702243,4.66666666666667,1.01532567049808,5,4,229166416662627,4,-0.804187192118227
"294","R_2Vr5HURfk3ALUOy",5,0.655172413793103,2.33333333333333,-1.28461959496442,4.33333333333333,0.681992337164748,3,5,229321437921368,4,-0.804187192118227
"295","R_2VsQH2SgvmwEvPl",4.5,0.155172413793103,1.66666666666667,-1.95128626163109,5,1.34865900383141,6,6,229255657966698,5.25,0.445812807881773
"296","R_2VxLGUSM0lfPof1",3.5,-0.844827586206897,4,0.382047071702243,2.33333333333333,-1.31800766283525,2,2,229255657934918,5.75,0.945812807881773
"297","R_2vZhhzJLS8XEt1K",2.5,-1.8448275862069,5.66666666666667,2.04871373836891,1,-2.65134099616859,1,1,229678093381676,3,-1.80418719211823
"298","R_2w7AymsBq0kFlRS",5.5,1.1551724137931,3.33333333333333,-0.284619594964423,4.33333333333333,0.681992337164748,5,5,229256171907291,4.75,-0.0541871921182269
"299","R_2WAJRrWbWwkXh4E",4.5,0.155172413793103,4.33333333333333,0.715380405035576,4.66666666666667,1.01532567049808,3,4,229321438376071,6,1.19581280788177
"300","R_2WCGRS3itljeTiz",4.5,0.155172413793103,1,-2.61795292829776,3,-0.651340996168585,1,2,229321437547620,3,-1.80418719211823
"301","R_2WHAkr9jjTRTfWF",4,-0.344827586206897,4.66666666666667,1.04871373836891,3.33333333333333,-0.318007662835252,2,3,229242295745754,4.25,-0.554187192118227
"302","R_2WNnfEbzmLI06mJ",4,-0.344827586206897,2.66666666666667,-0.95128626163109,4.66666666666667,1.01532567049808,4,4,229855352035555,4.25,-0.554187192118227
"303","R_2woYgEWJfj0UZPI",4.5,0.155172413793103,4.66666666666667,1.04871373836891,5,1.34865900383141,5,5,229242295759045,5.5,0.695812807881773
"304","R_2wt1y2Xbl9pcLpW",3.5,-0.844827586206897,4.33333333333333,0.715380405035576,1,-2.65134099616859,2,1,229678093404309,5.75,0.945812807881773
"305","R_2WTlibDKLH1wBQv",4.5,0.155172413793103,4,0.382047071702243,4,0.348659003831415,5,4,229242295739490,4.5,-0.304187192118227
"306","R_2X4FuYhXmC8ywIK",6,1.6551724137931,3.33333333333333,-0.284619594964423,5.66666666666667,2.01532567049808,5,5,229256171743437,5,0.195812807881773
"307","R_2XiIXFvRQQWAgP4",2.5,-1.8448275862069,3.66666666666667,0.0487137383689098,3,-0.651340996168585,4,3,229242449955882,5,0.195812807881773
"308","R_2xK4m6fzER4JIVP",3.5,-0.844827586206897,5.33333333333333,1.71538040503558,2.66666666666667,-0.984674329501919,2,1,229320605936754,4.75,-0.0541871921182269
"309","R_2xRFAHf3m984KjF",5.5,1.1551724137931,3.66666666666667,0.0487137383689098,2.33333333333333,-1.31800766283525,1,2,229937963274473,3.75,-1.05418719211823
"310","R_2xS2aNnxwYu52vT",5,0.655172413793103,4.33333333333333,0.715380405035576,4.33333333333333,0.681992337164748,3,4,229678093440224,6,1.19581280788177
"311","R_2Y9WhVvkCDyq3KU",3.5,-0.844827586206897,3.33333333333333,-0.284619594964423,1,-2.65134099616859,2,1,229758453882067,5.5,0.695812807881773
"312","R_2ya14O4rS4r6z6L",3.5,-0.844827586206897,3.33333333333333,-0.284619594964423,3,-0.651340996168585,3,3,229678093158445,5.5,0.695812807881773
"313","R_2YEre5bJYfgYrBC",4.5,0.155172413793103,3.66666666666667,0.0487137383689098,2.33333333333333,-1.31800766283525,1,2,229321437994179,3,-1.80418719211823
"314","R_2YJ3yYatdij6rX1",5,0.655172413793103,3,-0.617952928297757,5,1.34865900383141,4,4,229320605935718,5,0.195812807881773
"315","R_2YKwMWQVUVMr2UE",5.5,1.1551724137931,4.33333333333333,0.715380405035576,4,0.348659003831415,4,4,229410207207669,6,1.19581280788177
"316","R_2YLoY951ZogozTf",3.5,-0.844827586206897,1.66666666666667,-1.95128626163109,4,0.348659003831415,6,5,229255657939099,6,1.19581280788177
"317","R_2YmNX6Oye45BteD",5,0.655172413793103,3,-0.617952928297757,5,1.34865900383141,5,5,229678093252715,6,1.19581280788177
"318","R_2YQxuPlsGNs1gax",3,-1.3448275862069,2.33333333333333,-1.28461959496442,4.33333333333333,0.681992337164748,2,4,230469411989522,4.25,-0.554187192118227
"319","R_2yrOKnTx9VJIJYc",2.5,-1.8448275862069,4,0.382047071702243,4.33333333333333,0.681992337164748,4,5,229678093439187,5.75,0.945812807881773
"320","R_2YSB2Ar1L0afUeM",4,-0.344827586206897,3.66666666666667,0.0487137383689098,4,0.348659003831415,4,4,229166416665777,4.75,-0.0541871921182269
"321","R_2ZCBDZDzOb6z8WQ",4.5,0.155172413793103,4,0.382047071702243,3,-0.651340996168585,3,4,229242449974438,6,1.19581280788177
"322","R_2zcJgAqnxH8Y4yS",4.5,0.155172413793103,3.33333333333333,-0.284619594964423,3,-0.651340996168585,2,2,229321437762688,5,0.195812807881773
"323","R_2zD6fkfpFXgQBFe",4.5,0.155172413793103,4.33333333333333,0.715380405035576,4.33333333333333,0.681992337164748,4,4,229409893614812,4.5,-0.304187192118227
"324","R_2zMd9bkt5QQ0oyj",5,0.655172413793103,3.66666666666667,0.0487137383689098,4.66666666666667,1.01532567049808,6,5,229409893584066,5.25,0.445812807881773
"325","R_2ZOinPgmmbRwYkw",2,-2.3448275862069,3,-0.617952928297757,2.33333333333333,-1.31800766283525,3,2,229409893587987,5,0.195812807881773
"326","R_2ZOLtO5eQcxaywi",4,-0.344827586206897,3,-0.617952928297757,5,1.34865900383141,5,5,229256171630718,4.5,-0.304187192118227
"327","R_2ZQvMICyBHJJC25",3.5,-0.844827586206897,2.66666666666667,-0.95128626163109,1,-2.65134099616859,1,1,229166066792658,5.25,0.445812807881773
"328","R_2ZTsNN6kZ9cVYHV",4,-0.344827586206897,4,0.382047071702243,4,0.348659003831415,4,5,229255657980998,6,1.19581280788177
"329","R_2zx96JsJgGlf2Gl",6,1.6551724137931,5,1.38204707170224,4.66666666666667,1.01532567049808,4,5,229937963436224,6,1.19581280788177
"330","R_300O2DUnqnIyEq8",6,1.6551724137931,4.33333333333333,0.715380405035576,5,1.34865900383141,4,5,229255657984125,6,1.19581280788177
"331","R_3018SSHXTKbMgat",4,-0.344827586206897,5.33333333333333,1.71538040503558,3.66666666666667,0.0153256704980813,2,2,229242449967117,5.5,0.695812807881773
"332","R_30bGOYP8zubfggO",5.5,1.1551724137931,3,-0.617952928297757,3.66666666666667,0.0153256704980813,5,4,229678093404311,5.75,0.945812807881773
"333","R_30fcPq6axMgBolc",4.5,0.155172413793103,4,0.382047071702243,4.66666666666667,1.01532567049808,4,4,229255657938040,5.5,0.695812807881773
"334","R_30jwO1Q51T1Oqua",4,-0.344827586206897,3.33333333333333,-0.284619594964423,4.66666666666667,1.01532567049808,4,4,229678093115531,5.75,0.945812807881773
"335","R_30kjJ6aflGnLwCZ",5.5,1.1551724137931,3.66666666666667,0.0487137383689098,4.33333333333333,0.681992337164748,5,5,229855352053806,5.75,0.945812807881773
"336","R_31d46rHYvYh3VrS",5,0.655172413793103,6,2.38204707170224,2,-1.65134099616859,3,3,229255657949260,6,1.19581280788177
"337","R_31gXaeWDD8YXO0m",5,0.655172413793103,4,0.382047071702243,5,1.34865900383141,5,5,229166416663673,4.25,-0.554187192118227
"338","R_31nkaGKfULADQcy",4.5,0.155172413793103,2.66666666666667,-0.95128626163109,4.66666666666667,1.01532567049808,4,5,229677069804668,5.25,0.445812807881773
"339","R_31szBB0IAUEKR80",3,-1.3448275862069,5,1.38204707170224,3,-0.651340996168585,2,2,230469411984631,3.75,-1.05418719211823
"340","R_3257tFfOjV1jKwQ",3,-1.3448275862069,4,0.382047071702243,1.66666666666667,-1.98467432950192,1,2,229242295749654,3,-1.80418719211823
"341","R_331IDX0zbNRfPC5",4.5,0.155172413793103,3,-0.617952928297757,4,0.348659003831415,4,5,229678093162569,5.75,0.945812807881773
"342","R_331Q8LFmRVzV6sG",4.5,0.155172413793103,4.33333333333333,0.715380405035576,3.33333333333333,-0.318007662835252,5,4,229320605935711,3.75,-1.05418719211823
"343","R_33DNS6quldJesE7",4,-0.344827586206897,3.66666666666667,0.0487137383689098,4,0.348659003831415,4,4,229255657944311,6,1.19581280788177
"344","R_33sDgCJtJ211JGG",4,-0.344827586206897,3,-0.617952928297757,4,0.348659003831415,3,2,229321438161117,5.25,0.445812807881773
"345","R_3CINlYRwGPISJ35",5,0.655172413793103,4.66666666666667,1.04871373836891,2.33333333333333,-1.31800766283525,3,2,229855352125597,3.5,-1.30418719211823
"346","R_3D22i7cfYJncBeS",5,0.655172413793103,4.33333333333333,0.715380405035576,4.66666666666667,1.01532567049808,5,5,229677069787271,5.5,0.695812807881773
"347","R_3D2zYtpdbhtT6vH",5,0.655172413793103,5,1.38204707170224,5,1.34865900383141,6,4,229166416657657,6,1.19581280788177
"348","R_3D6L59mSw4oauWc",4,-0.344827586206897,2.33333333333333,-1.28461959496442,4.66666666666667,1.01532567049808,4,4,229409893587973,4.5,-0.304187192118227
"349","R_3D8h1NrjCM66rpq",3,-1.3448275862069,2.33333333333333,-1.28461959496442,4,0.348659003831415,2,4,229678093212684,2.75,-2.05418719211823
"350","R_3dDFByZJ9WiRRnb",5.5,1.1551724137931,5,1.38204707170224,5,1.34865900383141,5,5,229242450031736,4.75,-0.0541871921182269
"351","R_3dG2OSaM6IKem2B",4,-0.344827586206897,4.33333333333333,0.715380405035576,3.66666666666667,0.0153256704980813,2,2,229678093102160,3.5,-1.30418719211823
"352","R_3Dv9CIgzor6PPpz",1,-3.3448275862069,3.66666666666667,0.0487137383689098,1.66666666666667,-1.98467432950192,1,1,229409893574678,3,-1.80418719211823
"353","R_3dWXqIgiMohp3v6",4.5,0.155172413793103,3.66666666666667,0.0487137383689098,5,1.34865900383141,4,5,229321437858830,6,1.19581280788177
"354","R_3e1TqdtfLQhf4L2",6,1.6551724137931,3.33333333333333,-0.284619594964423,4,0.348659003831415,4,4,229255657940131,6,1.19581280788177
"355","R_3eagtAH5SJ1436B",4,-0.344827586206897,3.33333333333333,-0.284619594964423,4.33333333333333,0.681992337164748,4,5,229410207311898,5.5,0.695812807881773
"356","R_3EaPiC8QBqrdCzv",4,-0.344827586206897,4.66666666666667,1.04871373836891,4,0.348659003831415,4,2,229677069756595,5,0.195812807881773
"357","R_3EDOF5X2jihdhSP",5,0.655172413793103,2,-1.61795292829776,4.33333333333333,0.681992337164748,3,3,229255657942218,3,-1.80418719211823
"358","R_3EFEwrUIE8Kac63",1,-3.3448275862069,6,2.38204707170224,1,-2.65134099616859,1,1,229409893570768,6,1.19581280788177
"359","R_3EgThIVtlqB8ZFN",5,0.655172413793103,4,0.382047071702243,3.66666666666667,0.0153256704980813,4,4,229242450025714,6,1.19581280788177
"360","R_3EmcbAxB2fgWfm5",6,1.6551724137931,4.66666666666667,1.04871373836891,4,0.348659003831415,4,5,229678093294826,6,1.19581280788177
"361","R_3eXIx145q24P5ct",4,-0.344827586206897,1,-2.61795292829776,3.66666666666667,0.0153256704980813,3,4,229255658041440,3.25,-1.55418719211823
"362","R_3exXU5InBRQRN4u",3.5,-0.844827586206897,3,-0.617952928297757,1.33333333333333,-2.31800766283525,5,4,229256171776032,5.25,0.445812807881773
"363","R_3fpDyJOpJ1Eg7nH",4,-0.344827586206897,3.33333333333333,-0.284619594964423,3,-0.651340996168585,4,4,229758454231173,3.75,-1.05418719211823
"364","R_3FRKYX9SsnpvlPA",2,-2.3448275862069,4.66666666666667,1.04871373836891,1.66666666666667,-1.98467432950192,3,2,229256171770896,5,0.195812807881773
"365","R_3fTRdl9Y4HIzfQI",6,1.6551724137931,1.66666666666667,-1.95128626163109,6,2.34865900383141,6,6,229242449966323,5.5,0.695812807881773
"366","R_3fV6xhcxV8bOpff",6,1.6551724137931,1.66666666666667,-1.95128626163109,4.66666666666667,1.01532567049808,4,4,229409893590069,6,1.19581280788177
"367","R_3fZs2X9Bkox4pig",6,1.6551724137931,3.66666666666667,0.0487137383689098,3,-0.651340996168585,3,3,229409893561373,6,1.19581280788177
"368","R_3g18M4zbTwAqVh1",6,1.6551724137931,3.33333333333333,-0.284619594964423,4.33333333333333,0.681992337164748,4,4,229320606018720,6,1.19581280788177
"369","R_3G6sJVzV6kfEKOa",4.5,0.155172413793103,2.66666666666667,-0.95128626163109,5,1.34865900383141,4,4,229255657932820,4.5,-0.304187192118227
"370","R_3GBwXjMcRyWH99O",4.5,0.155172413793103,4.66666666666667,1.04871373836891,4,0.348659003831415,6,5,229409893636180,3.5,-1.30418719211823
"371","R_3gL5PLi3c3Tyn7l",6,1.6551724137931,3.66666666666667,0.0487137383689098,4.66666666666667,1.01532567049808,5,6,229256171707512,6,1.19581280788177
"372","R_3GpNBQ5CgxNdsMz",4.5,0.155172413793103,2.66666666666667,-0.95128626163109,2.33333333333333,-1.31800766283525,1,2,229678093165654,3.75,-1.05418719211823
"373","R_3GvpTnsgO0dN7v3",5.5,1.1551724137931,3.33333333333333,-0.284619594964423,3.66666666666667,0.0153256704980813,4,4,229937962964147,5.75,0.945812807881773
"374","R_3gXFwb5Rj3GeayC",5.5,1.1551724137931,3.33333333333333,-0.284619594964423,5,1.34865900383141,5,5,229242450017359,6,1.19581280788177
"375","R_3gYIjoJuMp5WMCS",6,1.6551724137931,4.66666666666667,1.04871373836891,3.33333333333333,-0.318007662835252,4,4,229410207067333,5.25,0.445812807881773
"376","R_3gZRuNUJsE7IDtm",5.5,1.1551724137931,4.33333333333333,0.715380405035576,5,1.34865900383141,5,5,229677069763602,6,1.19581280788177
"377","R_3HFoTLJEFC5wC4x",5,0.655172413793103,2.66666666666667,-0.95128626163109,4,0.348659003831415,4,4,229678093166682,6,1.19581280788177
"378","R_3hg7VuBZdF9ke2k",5.5,1.1551724137931,3.33333333333333,-0.284619594964423,4.33333333333333,0.681992337164748,4,4,229758453977189,5.75,0.945812807881773
"379","R_3HGnvl8ph4ituaK",4,-0.344827586206897,3,-0.617952928297757,3,-0.651340996168585,3,3,229409893589029,4,-0.804187192118227
"380","R_3HnNy5J0bdL2Jlz",4.5,0.155172413793103,4.33333333333333,0.715380405035576,3.33333333333333,-0.318007662835252,3,4,229409893580943,5.5,0.695812807881773
"381","R_3hrrjVoBCW5aVLN",5.5,1.1551724137931,2,-1.61795292829776,3,-0.651340996168585,4,3,229409893576768,6,1.19581280788177
"382","R_3HRXDzTH4lYxD57",5,0.655172413793103,5.66666666666667,2.04871373836891,4,0.348659003831415,3,4,229242295779354,6,1.19581280788177
"383","R_3HTDoD3sdEXRJ69",1.5,-2.8448275862069,4,0.382047071702243,1,-2.65134099616859,2,1,229855352055869,1.25,-3.55418719211823
"384","R_3hubsLzXrSdsisz",3,-1.3448275862069,4.33333333333333,0.715380405035576,4,0.348659003831415,4,5,229255657937001,6,1.19581280788177
"385","R_3hxUPG9N0GYg3od",5,0.655172413793103,5.66666666666667,2.04871373836891,4.66666666666667,1.01532567049808,5,3,229937963133014,5.75,0.945812807881773
"386","R_3imMpTgiTh7IFze",2,-2.3448275862069,6,2.38204707170224,3.33333333333333,-0.318007662835252,1,1,229320605936770,3,-1.80418719211823
"387","R_3iq9Qrw3esWRHLJ",5,0.655172413793103,5.33333333333333,1.71538040503558,2.33333333333333,-1.31800766283525,3,2,229320606005406,4.25,-0.554187192118227
"388","R_3IXfO6cjcY5pjY5",6,1.6551724137931,4,0.382047071702243,3,-0.651340996168585,5,3,229409893563467,6,1.19581280788177
"389","R_3J8CArQnsceZPxX",4.5,0.155172413793103,4,0.382047071702243,3.66666666666667,0.0153256704980813,1,3,229256171870273,5,0.195812807881773
"390","R_3jd276FCkxUx0jk",5.5,1.1551724137931,3,-0.617952928297757,4,0.348659003831415,4,5,229242449955883,3.75,-1.05418719211823
"391","R_3JdS6G2oeyURtlh",3,-1.3448275862069,4,0.382047071702243,3.66666666666667,0.0153256704980813,3,3,229256171575321,4,-0.804187192118227
"392","R_3JedFD408eCUXoU",5,0.655172413793103,3.66666666666667,0.0487137383689098,3,-0.651340996168585,3,4,229321438291163,4,-0.804187192118227
"393","R_3Jfm7oG4vSdjKOY",4,-0.344827586206897,5,1.38204707170224,4.33333333333333,0.681992337164748,3,4,229242295868534,4,-0.804187192118227
"394","R_3Jx6MbfEXTvKxDI",5.5,1.1551724137931,3.33333333333333,-0.284619594964423,4,0.348659003831415,5,5,229242449961112,5.5,0.695812807881773
"395","R_3K7ud1ITarVlcMF",5,0.655172413793103,2,-1.61795292829776,4,0.348659003831415,3,4,229855352032472,3.75,-1.05418719211823
"396","R_3KHlnf4QUvxSqJv",4.5,0.155172413793103,3,-0.617952928297757,1,-2.65134099616859,1,1,229321437668352,2,-2.80418719211823
"397","R_3khTb6ohZTEw1uj",4.5,0.155172413793103,4.33333333333333,0.715380405035576,4.66666666666667,1.01532567049808,5,5,229256171581482,6,1.19581280788177
"398","R_3KJHMzL3J7PD1Ha",4,-0.344827586206897,2.66666666666667,-0.95128626163109,5.33333333333333,1.68199233716475,2,4,229937963317277,3.25,-1.55418719211823
"399","R_3kMmLUhdgxfo5E4",3,-1.3448275862069,6,2.38204707170224,2,-1.65134099616859,4,2,229255657932824,3.25,-1.55418719211823
"400","R_3KpGGIpTCeV26Qq",4.5,0.155172413793103,3.33333333333333,-0.284619594964423,4.33333333333333,0.681992337164748,4,3,229410206664732,4,-0.804187192118227
"401","R_3KQ41GktMjIY1UM",6,1.6551724137931,4.33333333333333,0.715380405035576,3.33333333333333,-0.318007662835252,5,3,229410206696544,6,1.19581280788177
"402","R_3KSHZzbgYF0hmWN",3.5,-0.844827586206897,3.33333333333333,-0.284619594964423,3.33333333333333,-0.318007662835252,4,3,229678093435043,4.25,-0.554187192118227
"403","R_3KTwRSPp3KkukEt",5,0.655172413793103,2.66666666666667,-0.95128626163109,4.66666666666667,1.01532567049808,3,3,229678093184174,5,0.195812807881773
"404","R_3ku0qDr8bQu8PFW",2.5,-1.8448275862069,3,-0.617952928297757,2.33333333333333,-1.31800766283525,1,1,229320605938852,3.25,-1.55418719211823
"405","R_3Kwkto5OYOMGaGx",5,0.655172413793103,3,-0.617952928297757,1.66666666666667,-1.98467432950192,4,2,229678093236281,5.25,0.445812807881773
"406","R_3L7muBEyUDuUPvc",5.5,1.1551724137931,3.66666666666667,0.0487137383689098,4,0.348659003831415,4,4,229255657941170,6,1.19581280788177
"407","R_3lFcUWnw4BZ5vmK",4,-0.344827586206897,1.33333333333333,-2.28461959496442,3,-0.651340996168585,4,4,229409893553285,4.5,-0.304187192118227
"408","R_3lPRoXD0peSUgP1",5.5,1.1551724137931,3,-0.617952928297757,4.66666666666667,1.01532567049808,4,4,229678093275314,4.5,-0.304187192118227
"409","R_3lQDx1cB3wc76j8",5,0.655172413793103,4,0.382047071702243,3.33333333333333,-0.318007662835252,3,3,229242449975493,3.75,-1.05418719211823
"410","R_3lUpoBEtzy9drZD",4,-0.344827586206897,3,-0.617952928297757,3.66666666666667,0.0153256704980813,4,4,229321438125234,3.75,-1.05418719211823
"411","R_3LYXqMeVnadDV9q",4,-0.344827586206897,2.66666666666667,-0.95128626163109,4.66666666666667,1.01532567049808,5,5,229321438159066,5,0.195812807881773
"412","R_3M0xwiuX0tjd8ZJ",6,1.6551724137931,3.33333333333333,-0.284619594964423,4.66666666666667,1.01532567049808,4,5,229166066788472,6,1.19581280788177
"413","R_3m32qTstvhmJ84V",4,-0.344827586206897,4.66666666666667,1.04871373836891,4,0.348659003831415,3,4,229758454067427,2.25,-2.55418719211823
"414","R_3m7AJOItrFHHcFB",5.5,1.1551724137931,3,-0.617952928297757,4.66666666666667,1.01532567049808,4,3,229166416667853,5,0.195812807881773
"415","R_3mAe9TEtmdbknbb",3.5,-0.844827586206897,3.33333333333333,-0.284619594964423,1.66666666666667,-1.98467432950192,3,2,229166416662637,5,0.195812807881773
"416","R_3memv651G9uTAZj",5.5,1.1551724137931,5,1.38204707170224,2,-1.65134099616859,4,3,229242295744711,6,1.19581280788177
"417","R_3MG5FAqJxElwWok",4,-0.344827586206897,2.33333333333333,-1.28461959496442,3,-0.651340996168585,3,3,229321437541463,3.25,-1.55418719211823
"418","R_3mjBG4EWOAh2zPn",6,1.6551724137931,5,1.38204707170224,3.33333333333333,-0.318007662835252,4,3,229166416659499,6,1.19581280788177
"419","R_3MPAl1HRGhuO15w",4,-0.344827586206897,5.33333333333333,1.71538040503558,4,0.348659003831415,4,4,229937963356233,4.75,-0.0541871921182269
"420","R_3MuHWM5gnFAahwf",4,-0.344827586206897,4.66666666666667,1.04871373836891,2.66666666666667,-0.984674329501919,4,2,229255657932828,5.75,0.945812807881773
"421","R_3MxtBVkHFb0eckC",4,-0.344827586206897,3,-0.617952928297757,1,-2.65134099616859,1,1,229855351994463,6,1.19581280788177
"422","R_3n0pwsbo2rmd09H",5.5,1.1551724137931,4,0.382047071702243,5,1.34865900383141,6,5,229320605938856,6,1.19581280788177
"423","R_3nAgm8GpHtzVUDU",3,-1.3448275862069,4.33333333333333,0.715380405035576,2.33333333333333,-1.31800766283525,3,1,229166066770991,4,-0.804187192118227
"424","R_3nDcGHwLMBdULri",5,0.655172413793103,4,0.382047071702243,4.66666666666667,1.01532567049808,4,4,229242449969217,5.5,0.695812807881773
"425","R_3NEcJYl36tldrhz",3.5,-0.844827586206897,5,1.38204707170224,3,-0.651340996168585,1,1,229678093270176,6,1.19581280788177
"426","R_3NFkiMPlq1ujKz7",5,0.655172413793103,2,-1.61795292829776,4.33333333333333,0.681992337164748,5,5,229677069755553,6,1.19581280788177
"427","R_3nHJa8W4XzoQbm4",2.5,-1.8448275862069,3,-0.617952928297757,5.33333333333333,1.68199233716475,5,6,229410206798905,5.5,0.695812807881773
"428","R_3nNQbVPzRGKWTvf",5,0.655172413793103,3,-0.617952928297757,4.66666666666667,1.01532567049808,4,5,229758201742380,6,1.19581280788177
"429","R_3nouJkI0EPchv0K",3.5,-0.844827586206897,1.33333333333333,-2.28461959496442,5.33333333333333,1.68199233716475,4,4,229242449968175,4.25,-0.554187192118227
"430","R_3NUFJAjAEqShdxY",3.5,-0.844827586206897,4.66666666666667,1.04871373836891,2.66666666666667,-0.984674329501919,2,3,229409893592158,5,0.195812807881773
"431","R_3O0UASSJuVz1wKV",4.5,0.155172413793103,5.33333333333333,1.71538040503558,3.66666666666667,0.0153256704980813,2,2,229678093438137,3.5,-1.30418719211823
"432","R_3O3nOZtgpHg6gaK",4.5,0.155172413793103,4.33333333333333,0.715380405035576,5,1.34865900383141,4,5,229256171962526,4.75,-0.0541871921182269
"433","R_3oACf4JerntqzmZ",4,-0.344827586206897,3.66666666666667,0.0487137383689098,5,1.34865900383141,4,4,229409893597348,5.25,0.445812807881773
"434","R_3oENSp13RG6glC5",6,1.6551724137931,5.66666666666667,2.04871373836891,5.33333333333333,1.68199233716475,6,4,229320605970439,6,1.19581280788177
"435","R_3oHgVo6YiH2NtEO",6,1.6551724137931,1.66666666666667,-1.95128626163109,5,1.34865900383141,4,4,229677069755561,3.75,-1.05418719211823
"436","R_3Oq241l7XqxA9WE",5,0.655172413793103,4,0.382047071702243,4.66666666666667,1.01532567049808,5,5,229166066778312,6,1.19581280788177
"437","R_3oTxjZRLervWm86",4.5,0.155172413793103,1.33333333333333,-2.28461959496442,5,1.34865900383141,2,6,229410206924938,1.75,-3.05418719211823
"438","R_3oYG3dkZhORjOX6",4.5,0.155172413793103,2.66666666666667,-0.95128626163109,4.33333333333333,0.681992337164748,4,5,229255657959433,5.75,0.945812807881773
"439","R_3P7edDRGQnc2Fot",3.5,-0.844827586206897,4,0.382047071702243,4.66666666666667,1.01532567049808,4,5,229409893598399,4.25,-0.554187192118227
"440","R_3PB2Ltxuh03nSYU",4.5,0.155172413793103,3.66666666666667,0.0487137383689098,3.33333333333333,-0.318007662835252,3,4,229678093243470,4.25,-0.554187192118227
"441","R_3Pe0emppqE6grrU",3,-1.3448275862069,1.66666666666667,-1.95128626163109,1.66666666666667,-1.98467432950192,3,1,229166066799696,4.75,-0.0541871921182269
"442","R_3pik33O5ERDcnHu",6,1.6551724137931,4.33333333333333,0.715380405035576,5,1.34865900383141,5,5,229321437509656,6,1.19581280788177
"443","R_3pkY5QiTao68mOf",4,-0.344827586206897,3.66666666666667,0.0487137383689098,4,0.348659003831415,2,3,229256171622503,3.75,-1.05418719211823
"444","R_3PMDY8ouNSnNQBG",1.5,-2.8448275862069,4,0.382047071702243,1.66666666666667,-1.98467432950192,2,2,229409893614809,2.75,-2.05418719211823
"445","R_3PMmGs7hhZ3d5jS",5.5,1.1551724137931,4.66666666666667,1.04871373836891,6,2.34865900383141,6,6,229409893579895,6,1.19581280788177
"446","R_3Pq4dwxmvP7IV7W",5,0.655172413793103,3.33333333333333,-0.284619594964423,3.66666666666667,0.0153256704980813,4,2,229678093298939,5.5,0.695812807881773
"447","R_3PufoRoPfelYFwl",5.5,1.1551724137931,4.66666666666667,1.04871373836891,2.66666666666667,-0.984674329501919,4,5,229677069772958,6,1.19581280788177
"448","R_3qatyGZwQtBLs5f",4,-0.344827586206897,3,-0.617952928297757,4.33333333333333,0.681992337164748,3,3,229256171858967,5,0.195812807881773
"449","R_3QFrmHKrdNNttqa",4,-0.344827586206897,1.33333333333333,-2.28461959496442,5.33333333333333,1.68199233716475,5,5,229409893568680,3.25,-1.55418719211823
"450","R_3qHYqEwKsOQQyRT",6,1.6551724137931,5,1.38204707170224,3.33333333333333,-0.318007662835252,4,2,229320605934683,6,1.19581280788177
"451","R_3QPZLvzZvpyN968",2.5,-1.8448275862069,2.33333333333333,-1.28461959496442,1.33333333333333,-2.31800766283525,1,1,229255657947188,4,-0.804187192118227
"452","R_3QQyZQp3jw4DK0T",5,0.655172413793103,2.66666666666667,-0.95128626163109,4.33333333333333,0.681992337164748,5,5,229166416689292,6,1.19581280788177
"453","R_3qwf7JTBzYxKCgd",3,-1.3448275862069,3.66666666666667,0.0487137383689098,3,-0.651340996168585,3,3,229677069777112,6,1.19581280788177
"454","R_3QXeVyZkmzNceBN",1,-3.3448275862069,3,-0.617952928297757,4,0.348659003831415,4,4,229409893551200,4.25,-0.554187192118227
"455","R_3Qy41xx43VBVI2J",3.5,-0.844827586206897,4.66666666666667,1.04871373836891,4,0.348659003831415,2,4,229678093284551,6,1.19581280788177
"456","R_3R4pVcd0KlBWl4V",4.5,0.155172413793103,2,-1.61795292829776,4,0.348659003831415,4,4,229255657935968,4,-0.804187192118227
"457","R_3rGmsRvbFb1g0f8",5.5,1.1551724137931,4,0.382047071702243,4.66666666666667,1.01532567049808,5,3,229855351959799,6,1.19581280788177
"458","R_3rGtK5dTnqFVCjc",3,-1.3448275862069,2.66666666666667,-0.95128626163109,4,0.348659003831415,3,4,229678093415665,3.75,-1.05418719211823
"459","R_3rNS3W6jWnb4XA4",5,0.655172413793103,2.66666666666667,-0.95128626163109,4,0.348659003831415,4,5,229256171582508,6,1.19581280788177
"460","R_3rS4w78ysOQsr12",3.5,-0.844827586206897,4,0.382047071702243,4.33333333333333,0.681992337164748,4,4,229166066768915,4.75,-0.0541871921182269
"461","R_3rUHdtjaXvtIvz2",2,-2.3448275862069,2.33333333333333,-1.28461959496442,3,-0.651340996168585,3,2,229409893552235,3,-1.80418719211823
"462","R_3rzrxxCG9fLy6pr",3.5,-0.844827586206897,3.66666666666667,0.0487137383689098,2,-1.65134099616859,3,2,229242449960055,3.75,-1.05418719211823
"463","R_3s6Ss4gsg98OQGW",3,-1.3448275862069,4,0.382047071702243,1,-2.65134099616859,1,1,229166066833639,1,-3.80418719211823
"464","R_3soja05ifxsWkQq",2.5,-1.8448275862069,1.66666666666667,-1.95128626163109,4,0.348659003831415,5,4,229166416666812,2.5,-2.30418719211823
"465","R_3sz7qUavyfVdYmv",5.5,1.1551724137931,5,1.38204707170224,3.66666666666667,0.0153256704980813,5,5,229256171972822,6,1.19581280788177
"466","R_3xe9GWONYDTpSKZ",5.5,1.1551724137931,3,-0.617952928297757,4,0.348659003831415,5,5,229321437670402,5.75,0.945812807881773
"467","R_3XeseMFKEK1HLwd",4.5,0.155172413793103,3.33333333333333,-0.284619594964423,3,-0.651340996168585,3,3,230469411956853,4,-0.804187192118227
"468","R_3ZQS1UkBxvCaDwR",4.5,0.155172413793103,4,0.382047071702243,4.66666666666667,1.01532567049808,5,5,229320605962358,5.5,0.695812807881773
"469","R_4GWm9Ta9Kjzy2E9",4.5,0.155172413793103,4.66666666666667,1.04871373836891,4.33333333333333,0.681992337164748,5,4,229410206780427,5.75,0.945812807881773
"470","R_4THnRrSaFkyGZoJ",3.5,-0.844827586206897,3.33333333333333,-0.284619594964423,4,0.348659003831415,3,4,229410207199454,3.25,-1.55418719211823
"471","R_51PkHufroAjUffP",4,-0.344827586206897,4,0.382047071702243,3.66666666666667,0.0153256704980813,4,3,229410206661654,6,1.19581280788177
"472","R_5pvosAPSGgsbplv",4,-0.344827586206897,3.33333333333333,-0.284619594964423,4.66666666666667,1.01532567049808,3,4,229677069770882,6,1.19581280788177
"473","R_5urbZCQJoc2Yv7j",6,1.6551724137931,3.33333333333333,-0.284619594964423,5,1.34865900383141,5,5,229242295766095,5.25,0.445812807881773
"474","R_6s6crm2aG0TsoBr",3,-1.3448275862069,3.33333333333333,-0.284619594964423,5,1.34865900383141,5,5,229166066809875,5.75,0.945812807881773
"475","R_73rmQ93Q7Rd36mZ",3.5,-0.844827586206897,4,0.382047071702243,4,0.348659003831415,3,3,229321438075977,3.75,-1.05418719211823
"476","R_88FkXzzd92InUJP",4,-0.344827586206897,3,-0.617952928297757,2.66666666666667,-0.984674329501919,5,3,229677069772955,6,1.19581280788177
"477","R_8crnxAqp8zqKv2V",4.5,0.155172413793103,4.33333333333333,0.715380405035576,1,-2.65134099616859,4,1,229409893574681,1,-3.80418719211823
"478","R_8hNT7jXVSBb9qhP",4.5,0.155172413793103,4.33333333333333,0.715380405035576,4.33333333333333,0.681992337164748,4,5,229166066778304,5.5,0.695812807881773
"479","R_9ELsKDXdklSgout",4.5,0.155172413793103,4.66666666666667,1.04871373836891,3.33333333333333,-0.318007662835252,4,4,229242450000078,5.25,0.445812807881773
"480","R_9G4jTq77unMeLkZ",4,-0.344827586206897,3.66666666666667,0.0487137383689098,3,-0.651340996168585,3,4,229320605974599,4.75,-0.0541871921182269
"481","R_9Lwbu0dX4GYTTdT",4.5,0.155172413793103,4,0.382047071702243,3,-0.651340996168585,4,3,229677069786216,5.25,0.445812807881773
"482","R_9MQsh0tELQM4X1T",4.5,0.155172413793103,3,-0.617952928297757,4,0.348659003831415,5,5,229242449961107,4.5,-0.304187192118227
"483","R_9Xgz23SK1HLZnWN",4,-0.344827586206897,4.66666666666667,1.04871373836891,1.33333333333333,-2.31800766283525,3,2,229678093268122,4.5,-0.304187192118227
"484","R_9XkdSTL43hLrWg1",6,1.6551724137931,4,0.382047071702243,5.66666666666667,2.01532567049808,5,5,229677069796587,5.75,0.945812807881773
"485","R_9XKo56LagUvx42d",5.5,1.1551724137931,4,0.382047071702243,5,1.34865900383141,4,5,229678093331563,5.75,0.945812807881773
"486","R_9Yp1rttWTLA5JjX",5,0.655172413793103,3.33333333333333,-0.284619594964423,4.33333333333333,0.681992337164748,4,4,229678093198559,5.25,0.445812807881773
"487","R_A0evhkLCvzpJ2Jb",4,-0.344827586206897,3.33333333333333,-0.284619594964423,2,-1.65134099616859,2,2,229937963061289,1.75,-3.05418719211823
"488","R_Ab5K7H4yk2GvGPn",5,0.655172413793103,1.66666666666667,-1.95128626163109,6,2.34865900383141,5,5,229409893559548,4.75,-0.0541871921182269
"489","R_aeM2kI1j8xc8YzT",3,-1.3448275862069,3.33333333333333,-0.284619594964423,1,-2.65134099616859,1,1,229242449957957,3.5,-1.30418719211823
"490","R_AG05TbDyvhvnphD",3.5,-0.844827586206897,2.66666666666667,-0.95128626163109,3,-0.651340996168585,2,2,229678093386810,6,1.19581280788177
"491","R_AGaw5ajbGRzKpwZ",4,-0.344827586206897,5.33333333333333,1.71538040503558,4.66666666666667,1.01532567049808,5,5,229409893589020,5.5,0.695812807881773
"492","R_BA5f3bgdhMyK6Rz",5.5,1.1551724137931,2.33333333333333,-1.28461959496442,4.66666666666667,1.01532567049808,3,4,229242295855225,5.25,0.445812807881773
"493","R_bJaH8kg5VUNEozn",6,1.6551724137931,2.66666666666667,-0.95128626163109,3.33333333333333,-0.318007662835252,4,1,229320605955296,6,1.19581280788177
"494","R_bkklTWAEx4yeNhL",4,-0.344827586206897,2.33333333333333,-1.28461959496442,4.33333333333333,0.681992337164748,4,4,229242449966332,6,1.19581280788177
"495","R_blT9RFPb7Be5eRr",5,0.655172413793103,4,0.382047071702243,5,1.34865900383141,4,4,229409893558499,6,1.19581280788177
"496","R_bmdU5AFsEXGtKqB",1,-3.3448275862069,2.66666666666667,-0.95128626163109,1,-2.65134099616859,1,1,229242295750704,2,-2.80418719211823
"497","R_BremVIKM3Mz3PEJ",5.5,1.1551724137931,4.33333333333333,0.715380405035576,2.33333333333333,-1.31800766283525,1,2,229242449982547,5,0.195812807881773
"498","R_BWhUQvzCcNKa6Fb",4.5,0.155172413793103,4.33333333333333,0.715380405035576,3.66666666666667,0.0153256704980813,5,4,229410206636238,4.25,-0.554187192118227
"499","R_C15NoNUfs7onvvr",4.5,0.155172413793103,2.66666666666667,-0.95128626163109,5,1.34865900383141,6,5,229320605937798,6,1.19581280788177
"500","R_C9p6GTOuQlnneOl",6,1.6551724137931,3,-0.617952928297757,1.33333333333333,-2.31800766283525,1,1,229321437542488,6,1.19581280788177
"501","R_cBDbI624h84mH4d",4.5,0.155172413793103,3.33333333333333,-0.284619594964423,5.66666666666667,2.01532567049808,5,5,229242450029643,5.75,0.945812807881773
"502","R_CdHSDDR8IXmD1jr",4.5,0.155172413793103,3.66666666666667,0.0487137383689098,4.66666666666667,1.01532567049808,5,5,229677069801550,5.75,0.945812807881773
"503","R_Cf4IWwVU2VjiRI5",5,0.655172413793103,3.66666666666667,0.0487137383689098,4,0.348659003831415,5,4,229678093098051,5,0.195812807881773
"504","R_cJf9ziUSdIAPBv3",6,1.6551724137931,4,0.382047071702243,4.66666666666667,1.01532567049808,4,5,229320606075132,5.5,0.695812807881773
"505","R_CjiJQujMse9BbvH",3,-1.3448275862069,3,-0.617952928297757,3,-0.651340996168585,3,3,229320605968605,3,-1.80418719211823
"506","R_ctDsV86N4F35z6p",4.5,0.155172413793103,4.66666666666667,1.04871373836891,6,2.34865900383141,5,5,229321437737054,6,1.19581280788177
"507","R_cumm5I9DifLtTPz",5,0.655172413793103,3.33333333333333,-0.284619594964423,5,1.34865900383141,4,4,229677069756589,5.75,0.945812807881773
"508","R_cUssRwZ7X6KVAKR",4,-0.344827586206897,3.33333333333333,-0.284619594964423,3,-0.651340996168585,3,3,229678093138135,5,0.195812807881773
"509","R_d5Svv8gnZ7XR1PX",3.5,-0.844827586206897,5,1.38204707170224,3.33333333333333,-0.318007662835252,4,3,229409893551190,5,0.195812807881773
"510","R_d9Wr6T3DLx5oFd7",6,1.6551724137931,5.33333333333333,1.71538040503558,2,-1.65134099616859,1,4,229677069777128,6,1.19581280788177
"511","R_Dk5989wZHXlEzct",3.5,-0.844827586206897,1.66666666666667,-1.95128626163109,4,0.348659003831415,4,4,229166416656617,4.75,-0.0541871921182269
"512","R_DkR6Ku8TUssOSel",4.5,0.155172413793103,5,1.38204707170224,1.66666666666667,-1.98467432950192,1,1,229409893603348,1.25,-3.55418719211823
"513","R_DNPrKhvZCScA1eV",5.5,1.1551724137931,3.66666666666667,0.0487137383689098,2.66666666666667,-0.984674329501919,4,3,229678093210632,6,1.19581280788177
"514","R_Dq0pgiK5mRsKU81",5.5,1.1551724137931,3.66666666666667,0.0487137383689098,5,1.34865900383141,4,5,229321438104706,6,1.19581280788177
"515","R_DSl3zFkJVpw7StX",1,-3.3448275862069,6,2.38204707170224,1.33333333333333,-2.31800766283525,2,1,229320605954251,5.5,0.695812807881773
"516","R_DvGNooOqCLbTfUt",4,-0.344827586206897,3.33333333333333,-0.284619594964423,5.33333333333333,1.68199233716475,4,5,229242450009233,5.5,0.695812807881773
"517","R_efXCEpWlSglm0g1",6,1.6551724137931,2.33333333333333,-1.28461959496442,5,1.34865900383141,5,5,229242449956912,5.25,0.445812807881773
"518","R_elmKlkvTJ0sBMPf",3,-1.3448275862069,4,0.382047071702243,1,-2.65134099616859,1,1,229242295780393,4.25,-0.554187192118227
"519","R_eUJ7b0qtFajcHiF",4,-0.344827586206897,2.66666666666667,-0.95128626163109,3.33333333333333,-0.318007662835252,3,3,229166066788475,6,1.19581280788177
"520","R_O6yvEF2xIRQ495D",4,-0.344827586206897,2.66666666666667,-0.95128626163109,4.66666666666667,1.01532567049808,5,5,229410206609516,4.5,-0.304187192118227
"521","R_Oa2I8oxbxmFJgWd",3.5,-0.844827586206897,3,-0.617952928297757,3,-0.651340996168585,3,2,229320605938843,5.5,0.695812807881773
"522","R_OCI2HeR32mrC0fv",4,-0.344827586206897,3.66666666666667,0.0487137383689098,1.66666666666667,-1.98467432950192,1,1,229678093430898,1.75,-3.05418719211823
"523","R_Ojo34qwq19Vpce5",3,-1.3448275862069,4,0.382047071702243,2.66666666666667,-0.984674329501919,3,3,227471319859447,6,1.19581280788177
"524","R_OwY0BjyA8AlUB3z",2.5,-1.8448275862069,2.66666666666667,-0.95128626163109,3.66666666666667,0.0153256704980813,3,2,229937962990809,2.5,-2.30418719211823
"525","R_Oy85Q1DqMYq5jlD",5,0.655172413793103,5,1.38204707170224,4,0.348659003831415,4,5,229242449962145,6,1.19581280788177
"526","R_oZRgNtKPISTf8Qh",4.5,0.155172413793103,3.33333333333333,-0.284619594964423,4.33333333333333,0.681992337164748,4,4,229242450013428,5,0.195812807881773
"527","R_PBTyt7WzyZvjzhv",4,-0.344827586206897,6,2.38204707170224,1.66666666666667,-1.98467432950192,5,3,229409893558497,6,1.19581280788177
"528","R_pbz6lXYpu64Zyut",3.5,-0.844827586206897,4,0.382047071702243,5,1.34865900383141,2,2,229255658041449,5,0.195812807881773
"529","R_pDyGasdoI2EyTa9",5.5,1.1551724137931,4,0.382047071702243,4.66666666666667,1.01532567049808,4,3,229255657928942,6,1.19581280788177
"530","R_PM2SPU5OqQOPebn",3.5,-0.844827586206897,4.66666666666667,1.04871373836891,2,-1.65134099616859,3,3,229409893565555,4,-0.804187192118227
"531","R_pMXDxYiOWN0mZAB",5.5,1.1551724137931,5,1.38204707170224,3,-0.651340996168585,3,3,229256171567352,6,1.19581280788177
"532","R_PO4Wl2GCAwaZpXr",5,0.655172413793103,5.66666666666667,2.04871373836891,2.33333333333333,-1.31800766283525,3,2,229320605936769,4.5,-0.304187192118227
"533","R_pQ3F8eEC2ZsUSs1",3.5,-0.844827586206897,5,1.38204707170224,3,-0.651340996168585,4,2,229320605953205,4,-0.804187192118227
"534","R_ps0do9IuOyRiWQ1",4.5,0.155172413793103,5,1.38204707170224,4.33333333333333,0.681992337164748,4,4,229409893559298,4.25,-0.554187192118227
"535","R_qK6xhra0Jo93vON",4,-0.344827586206897,3.33333333333333,-0.284619594964423,3.66666666666667,0.0153256704980813,4,4,229320605976689,5.5,0.695812807881773
"536","R_qQGtOT7apnfrtvj",5.5,1.1551724137931,4,0.382047071702243,5,1.34865900383141,5,5,229855352130795,6,1.19581280788177
"537","R_qVCnJhMYPvHRTjz",1.5,-2.8448275862069,4.33333333333333,0.715380405035576,3,-0.651340996168585,1,2,229321437701161,3.5,-1.30418719211823
"538","R_RCgfxvMaSTFEMEx",5,0.655172413793103,2,-1.61795292829776,3,-0.651340996168585,3,2,229256171741387,2.75,-2.05418719211823
"539","R_Re625Ooz0OYFtXb",3,-1.3448275862069,3.33333333333333,-0.284619594964423,2.66666666666667,-0.984674329501919,3,3,229242295752786,3,-1.80418719211823
"540","R_RFF8tBoS3es1VRf",6,1.6551724137931,4,0.382047071702243,2,-1.65134099616859,3,1,230296025317508,2.75,-2.05418719211823
"541","R_RFtxxKxqDaFLHtT",4.5,0.155172413793103,4.66666666666667,1.04871373836891,4,0.348659003831415,3,3,229678093440221,4.5,-0.304187192118227
"542","R_Rkm2OIdJcP6tieZ",3,-1.3448275862069,2.66666666666667,-0.95128626163109,4.66666666666667,1.01532567049808,4,5,229242449956909,4.25,-0.554187192118227
"543","R_RKqHmKR3xJkYtax",1.5,-2.8448275862069,4,0.382047071702243,5,1.34865900383141,4,4,229255657938043,5.5,0.695812807881773
"544","R_RnnchR9GUfX0ytz",5.5,1.1551724137931,4,0.382047071702243,4.33333333333333,0.681992337164748,4,5,229937963343935,5.25,0.445812807881773
"545","R_RrWEqa504IT11n3",5,0.655172413793103,4.33333333333333,0.715380405035576,4.33333333333333,0.681992337164748,4,4,229758453883093,5.25,0.445812807881773
"546","R_RWADUC9j2nEiRYl",5,0.655172413793103,4.33333333333333,0.715380405035576,4,0.348659003831415,3,3,229758454074603,2,-2.80418719211823
"547","R_sA7Re0aES3EZ7vH",3.5,-0.844827586206897,5.33333333333333,1.71538040503558,5,1.34865900383141,5,5,230296024624230,6,1.19581280788177
"548","R_sBWpaqbVldDifhD",5,0.655172413793103,3.66666666666667,0.0487137383689098,3,-0.651340996168585,3,3,229409893573634,6,1.19581280788177
"549","R_SDftbHpcLbTJRdv",4,-0.344827586206897,4.33333333333333,0.715380405035576,3.66666666666667,0.0153256704980813,4,2,229242450002158,4.75,-0.0541871921182269
"550","R_seaXQMZjWZEuFVv",5,0.655172413793103,3.33333333333333,-0.284619594964423,4.33333333333333,0.681992337164748,3,4,229255658040397,4.5,-0.304187192118227
"551","R_sM5369cj2ZAYOsN",3.5,-0.844827586206897,3.66666666666667,0.0487137383689098,4.66666666666667,1.01532567049808,3,2,229242295796801,3.25,-1.55418719211823
"552","R_SO7m43ZdxE2ch33",4,-0.344827586206897,3.66666666666667,0.0487137383689098,4,0.348659003831415,4,4,229242295740534,3.75,-1.05418719211823
"553","R_spYzqIGhHy1QNSV",5.5,1.1551724137931,2.66666666666667,-0.95128626163109,4,0.348659003831415,5,4,229409893569726,6,1.19581280788177
"554","R_stC3dwfSaL6cLBL",3.5,-0.844827586206897,4,0.382047071702243,1.66666666666667,-1.98467432950192,1,1,229321438035199,3.5,-1.30418719211823
"555","R_stD5sQvmIeLJCtr",4.5,0.155172413793103,3,-0.617952928297757,4,0.348659003831415,4,5,229320605939886,4,-0.804187192118227
"556","R_sYjZgSboOQLexah",4,-0.344827586206897,3.66666666666667,0.0487137383689098,5,1.34865900383141,4,5,229320605973564,4.5,-0.304187192118227
"557","R_sZ5hFn2aGEar5K1",5,0.655172413793103,2.33333333333333,-1.28461959496442,5.33333333333333,1.68199233716475,5,5,229256171671793,5,0.195812807881773
"558","R_sziDyRIyZS2XPAR",4,-0.344827586206897,2.33333333333333,-1.28461959496442,3.66666666666667,0.0153256704980813,4,3,229242295761139,4.25,-0.554187192118227
"559","R_tE6MoKzmZtjFxD3",6,1.6551724137931,1.66666666666667,-1.95128626163109,3.66666666666667,0.0153256704980813,3,5,227471319859444,6,1.19581280788177
"560","R_TjiLF7QjzZx58Ax",5,0.655172413793103,3,-0.617952928297757,3.66666666666667,0.0153256704980813,3,4,229410206856398,5,0.195812807881773
"561","R_TnJKPfSngzfmYhj",6,1.6551724137931,4,0.382047071702243,3,-0.651340996168585,2,2,229256171636877,5.75,0.945812807881773
"562","R_ToAwS1lLBvXxWW5",5,0.655172413793103,2.66666666666667,-0.95128626163109,1.66666666666667,-1.98467432950192,2,2,229321438098546,4.25,-0.554187192118227
"563","R_TowBIbjzMvWm63v",5,0.655172413793103,2,-1.61795292829776,5,1.34865900383141,4,5,229678093141220,4,-0.804187192118227
"564","R_Tw1ucdf63mW2uel",4,-0.344827586206897,3.33333333333333,-0.284619594964423,3,-0.651340996168585,3,3,229409893633038,6,1.19581280788177
"565","R_tWWP8sTyFYX40tH",4,-0.344827586206897,3.66666666666667,0.0487137383689098,3,-0.651340996168585,5,5,229678093439181,3.25,-1.55418719211823
"566","R_u2FMkjFxEZa71G9",4,-0.344827586206897,3.33333333333333,-0.284619594964423,1,-2.65134099616859,1,1,229320605966522,4.5,-0.304187192118227
"567","R_udzH4UN1P064VWh",4,-0.344827586206897,5.33333333333333,1.71538040503558,2.66666666666667,-0.984674329501919,4,2,229242295804087,4.5,-0.304187192118227
"568","R_UfM3vqPCw8zV58l",5,0.655172413793103,3,-0.617952928297757,4.33333333333333,0.681992337164748,3,4,229410207341703,5,0.195812807881773
"569","R_ujE7f07IK4OOVxf",6,1.6551724137931,1.33333333333333,-2.28461959496442,3,-0.651340996168585,4,4,229256171601985,3,-1.80418719211823
"570","R_ukdmrVJpeMHneX7",4.5,0.155172413793103,4,0.382047071702243,5,1.34865900383141,5,6,229320605941974,6,1.19581280788177
"571","R_uwsz0gXGHX7JS5b",4.5,0.155172413793103,4,0.382047071702243,2,-1.65134099616859,2,2,229321437554799,6,1.19581280788177
"572","R_uwVUl5YWIGbnhiF",6,1.6551724137931,3,-0.617952928297757,2.33333333333333,-1.31800766283525,6,5,229937963517143,5.5,0.695812807881773
"573","R_vB80xHW2znurhT3",5,0.655172413793103,3.66666666666667,0.0487137383689098,1,-2.65134099616859,1,1,229409893640352,5.25,0.445812807881773
"574","R_vHoduaMDXqcc6RP",3.5,-0.844827586206897,4.66666666666667,1.04871373836891,1.33333333333333,-2.31800766283525,1,1,229677069760763,3,-1.80418719211823
"575","R_vJPYL8Dz1HYmpb3",4,-0.344827586206897,5.66666666666667,2.04871373836891,2,-1.65134099616859,2,2,229320605943020,6,1.19581280788177
"576","R_vOUVtIULfb961Kp",3.5,-0.844827586206897,3.33333333333333,-0.284619594964423,3,-0.651340996168585,2,2,229678093112449,3.75,-1.05418719211823
"577","R_vrkRIv7sYwaMm09",4,-0.344827586206897,4.33333333333333,0.715380405035576,4,0.348659003831415,4,4,229242449959017,6,1.19581280788177
"578","R_vwBxcGO3XV6CNqx",6,1.6551724137931,2,-1.61795292829776,4.66666666666667,1.01532567049808,4,3,229321437924448,5.75,0.945812807881773
"579","R_w5XWAQ49QLmCWfD",5,0.655172413793103,2.66666666666667,-0.95128626163109,4.33333333333333,0.681992337164748,5,5,229242450030694,4,-0.804187192118227
"580","R_W9DhX6A0Itwctt7",5.5,1.1551724137931,4.33333333333333,0.715380405035576,4.66666666666667,1.01532567049808,5,5,229409893567644,6,1.19581280788177
"581","R_Wc9R39yolT7MThT",4.5,0.155172413793103,3,-0.617952928297757,4,0.348659003831415,4,4,230469411962007,5,0.195812807881773
"582","R_WetzP6sCYnlwhs5",4.5,0.155172413793103,3.66666666666667,0.0487137383689098,4.33333333333333,0.681992337164748,1,4,229256171672827,4.5,-0.304187192118227
"583","R_wKMS5f4HdQYL8Zj",1.5,-2.8448275862069,1.33333333333333,-2.28461959496442,2,-1.65134099616859,2,4,229166066823206,1,-3.80418719211823
"584","R_wNNGSTRMiJnLG8h",6,1.6551724137931,2,-1.61795292829776,4.33333333333333,0.681992337164748,2,4,229410207404169,5.75,0.945812807881773
"585","R_xaojQs1GzLg4Tol",2.5,-1.8448275862069,4.33333333333333,0.715380405035576,1,-2.65134099616859,1,1,229242449957965,1,-3.80418719211823
"586","R_xDcHNv1rrVvbX7H",5,0.655172413793103,3,-0.617952928297757,3.66666666666667,0.0153256704980813,3,4,229677069754505,5.75,0.945812807881773
"587","R_xDXbvT4HcZ1WQaB",5.5,1.1551724137931,2.33333333333333,-1.28461959496442,4.33333333333333,0.681992337164748,4,4,229321437719617,5,0.195812807881773
"588","R_xfjqA81JKACqddn",4.5,0.155172413793103,4.33333333333333,0.715380405035576,4.33333333333333,0.681992337164748,5,5,229242449961111,4.75,-0.0541871921182269
"589","R_xhgwIdsmKhptaSZ",5,0.655172413793103,3.33333333333333,-0.284619594964423,5,1.34865900383141,5,5,229678093312036,5,0.195812807881773
"590","R_XMrlfKuFlmyYBMd",6,1.6551724137931,1.66666666666667,-1.95128626163109,2,-1.65134099616859,2,1,229937963303953,3,-1.80418719211823
"591","R_XOg10LwL1qoLu25",5.5,1.1551724137931,1.33333333333333,-2.28461959496442,5.33333333333333,1.68199233716475,4,5,229409893555364,6,1.19581280788177
"592","R_xsZKooKsEADYt8d",2,-2.3448275862069,3.66666666666667,0.0487137383689098,1.33333333333333,-2.31800766283525,4,1,229242295750705,4,-0.804187192118227
"593","R_XtEy0k8gPjhhQ3f",5,0.655172413793103,5.33333333333333,1.71538040503558,1.66666666666667,-1.98467432950192,4,2,229242295749656,3,-1.80418719211823
"594","R_Ybr1hoXT0OQo277",4.5,0.155172413793103,3.66666666666667,0.0487137383689098,1.33333333333333,-2.31800766283525,1,1,229242450035926,2.75,-2.05418719211823
"595","R_YcCAFctVTYMnngZ",5.5,1.1551724137931,5,1.38204707170224,5,1.34865900383141,4,5,229855351995492,6,1.19581280788177
"596","R_yEXDxhzyve1juHD",5.5,1.1551724137931,3,-0.617952928297757,4,0.348659003831415,3,4,229409893556414,6,1.19581280788177
"597","R_yHAHJFquMBmsUEh",6,1.6551724137931,5.33333333333333,1.71538040503558,3,-0.651340996168585,3,3,229255657931781,6,1.19581280788177
"598","R_yjvkrUjn49WQFHj",4.5,0.155172413793103,2,-1.61795292829776,5,1.34865900383141,4,5,229242449970251,5,0.195812807881773
"599","R_yq3kMo5b5Izad4R",1,-3.3448275862069,3,-0.617952928297757,1.66666666666667,-1.98467432950192,1,1,229320605940935,1,-3.80418719211823
"600","R_YVse2xBKz1KBkEF",4.5,0.155172413793103,2.33333333333333,-1.28461959496442,4.33333333333333,0.681992337164748,5,5,229242449960046,4.5,-0.304187192118227
"601","R_Z9rUDwY108FGHgR",5,0.655172413793103,4,0.382047071702243,4,0.348659003831415,3,3,229166416658456,5.5,0.695812807881773
"602","R_ZDBtgQFafDprwXv",4,-0.344827586206897,3.66666666666667,0.0487137383689098,4,0.348659003831415,4,5,229255657930998,5.25,0.445812807881773
"603","R_zdofFPepnmXbyFP",5,0.655172413793103,3.66666666666667,0.0487137383689098,5,1.34865900383141,4,4,229242295742617,4.25,-0.554187192118227
"604","R_ZEoQmdhCQs4tl1n",5,0.655172413793103,4,0.382047071702243,4.66666666666667,1.01532567049808,4,4,229409893616894,6,1.19581280788177
"605","R_zf0YMptxHj9kGVX",2.5,-1.8448275862069,3,-0.617952928297757,4.33333333333333,0.681992337164748,4,4,229320606074103,4.5,-0.304187192118227
"606","R_ZKQs1KphaxQxIbf",1,-3.3448275862069,1,-2.61795292829776,6,2.34865900383141,4,4,229166066789519,1,-3.80418719211823
"607","R_ZvZNUw4EfkNkyCl",5,0.655172413793103,6,2.38204707170224,4.33333333333333,0.681992337164748,5,4,229255657952395,5.75,0.945812807881773
"608","R_zZ23lmI7gsSWtLr",1,-3.3448275862069,5.33333333333333,1.71538040503558,1.33333333333333,-2.31800766283525,3,1,229242295779358,1.75,-3.05418719211823
"609","R_zZhGQuBwm9PKEEh",3.5,-0.844827586206897,4.33333333333333,0.715380405035576,2.33333333333333,-1.31800766283525,2,2,229256171950188,5.5,0.695812807881773
