"","V1","V2","ResponseId","difference"
"1",1.20716078468438,0.849927047979231,"R_06dMV3ns8Oso0fv","1"
"2",0.96874823897169,1.27783740945067,"R_0GLAzLpKzb2dj0t","0"
"3",0.88727981626078,1.40299755566988,"R_0wTi4jmliqouWu5","0"
"4",0.980764057037254,1.29858370343367,"R_10pBdcRCpngqXjW","0"
"5",1.19791674640213,0.875690278847021,"R_10r8rAWRBrcfRNn","1"
"6",0.733772363908545,1.61645683903455,"R_10rCK8WbpwFbUPC","0"
"7",1.17871052040106,0.919427420740198,"R_10xEptLaoi40BlX","1"
"8",1.20266077356743,0.864368573821041,"R_10ZbpT2snlVjOtf","1"
"9",1.20847876595981,0.845943645272397,"R_11Xg8JyRKok3DIm","1"
"10",0.926369137795198,1.34310660686561,"R_128Yrk2hM6RVtn2","0"
"11",0.885861253278737,1.4056732363823,"R_12EXkLuWI7zwqvD","0"
"12",0.962136428960618,1.32232727807297,"R_12fHiuDKnfCHBwJ","0"
"13",0.851141211486144,1.44070237702059,"R_12LqzQngtlo94Le","0"
"14",1.01840310025017,1.26075272039407,"R_12ncLRlhWhSi4HC","0"
"15",1.00084943485615,1.27289625465985,"R_12nepXyOEnwLAif","0"
"16",0.921248819640411,1.34430416260995,"R_12rpjjaAH22b0AL","0"
"17",1.02937836532688,1.22419364375763,"R_1BnkeWb8Yt6wKJz","0"
"18",1.34097033244579,2.18198459628838e-11,"R_1Bw9BeGQL8DHYUF","1"
"19",0.959675136221794,1.32351329294281,"R_1C4mhyAltGnXD7Q","0"
"20",0.938803070889461,1.33502644251615,"R_1CeTcMn0lbUzusP","0"
"21",1.14907548423471,0.962597428719264,"R_1CftvhEnlM7DryY","1"
"22",1.09098037180882,1.12786082438716,"R_1CjS9gr2pSxsjzJ","0"
"23",1.14984118987838,0.96054982166791,"R_1Cl2SebPQbOFhuz","1"
"24",1.14599033532569,0.970022263441837,"R_1cTvFzZh8rAXZLM","1"
"25",1.22082518436601,0.792337117386082,"R_1cYyqwuVjx1HrFm","1"
"26",1.03689563202102,1.21672820100064,"R_1DC5nrZ8uUaZwqY","0"
"27",1.11893398358236,1.06139869681714,"R_1dGnuEDDeFDb6qd","1"
"28",1.02346036297644,1.19610944430827,"R_1dH1iYOib9kW6Yk","0"
"29",0.907927820044133,1.43566860334084,"R_1DHhLExORVUMSTn","0"
"30",1.06246382872688,1.14452618245989,"R_1dm0mgLEerYlg7d","0"
"31",0.944715621636337,1.3595726303081,"R_1dodXvys6NxgTR9","0"
"32",1.0628361200225,1.19229344679511,"R_1DSURcJvOpaPjL4","0"
"33",0.961645887969263,1.32264044933374,"R_1Dw12dAWVKw9xMK","0"
"34",0.932099882057141,1.35824998534093,"R_1dyNNy7i0IogXjW","0"
"35",0.894574742035285,1.4024085411198,"R_1E9U1jO9sggxQfj","0"
"36",1.01374638027433,1.24608418325251,"R_1Eag3xMoE7wW18J","0"
"37",0.955055499182528,1.29616583264285,"R_1Eh4vp1pfF8GFJb","0"
"38",1.05500159768883,1.14355954960208,"R_1esHTNUUBMqaFT4","0"
"39",0.989620838596416,1.26224507141856,"R_1EXckHTPL38e8I3","0"
"40",0.9231659383081,1.38893258061717,"R_1F34b5Sc8PY9Agr","0"
"41",0.937889697031702,1.35124450247048,"R_1f3YXfeCEsOPSlV","0"
"42",1.26692233271673,0.593478611540889,"R_1F95ZqBmJuJUOkw","1"
"43",0.86541602901152,1.45480801840278,"R_1F97pVdAYa0AR1X","0"
"44",0.891799065317788,1.41093855506456,"R_1Fb60FleWdn0RUE","0"
"45",1.20266077356743,0.864368573821041,"R_1fd2J5yU5aMILdN","1"
"46",1.16481612460768,0.954699286813778,"R_1FDpeUrcOgJSNxf","1"
"47",1.19380144070787,0.869297332959294,"R_1FET35ZNzpaPbdF","1"
"48",1.09098037180882,1.12786082438716,"R_1Ff7YEINWKKGDH6","0"
"49",0.88567590002834,1.40975185088203,"R_1FFDYiR7B3bxAQw","0"
"50",1.0628361200225,1.19229344679511,"R_1FmtO0YnX1gLS41","0"
"51",0.923197167134951,1.36608156478254,"R_1Frcm9brNvhVz0E","0"
"52",0.795534099408486,1.53856765982831,"R_1FsrFDQpo9ZXqH5","0"
"53",0.958599223390974,1.30464773092504,"R_1FxPHFim5fqJQQ6","0"
"54",1.0628361200225,1.19229344679511,"R_1g0codRo4a9OQoO","0"
"55",0.704619644394773,1.62734007333621,"R_1g8sB1oxmSUbqac","0"
"56",1.01895237310869,1.22649953434783,"R_1GHQl4ynOuXKsoJ","0"
"57",0.900432473278284,1.37881496599389,"R_1gLvjTZg4QNX5QS","0"
"58",0.748314629431351,1.58718013761444,"R_1gnF5xx7LiG6Ey4","0"
"59",0.914479871862212,1.35466482842243,"R_1gznfQwU0vN5Ydh","0"
"60",1.22573111885198,0.779391674280466,"R_1H6Rjj0awqzoXyO","1"
"61",0.947296006091109,1.35949391669571,"R_1hN2fFHEfAEgcbd","0"
"62",0.730207820729845,1.61547764207996,"R_1hPRfP2ZEnVS9MR","0"
"63",0.985313441992697,1.2970000440403,"R_1hQEo3eSrkO8U4m","0"
"64",0.778261643010955,1.55803822204593,"R_1hYcEowvUwVWBqw","0"
"65",0.957111074353471,1.2926588481475,"R_1i3WThj1PPLv7sg","0"
"66",0.937124020850312,1.38176000965541,"R_1I4WlAa3OiJqVwK","0"
"67",0.743030856132408,1.60315788474786,"R_1I6MKxO41jAt15N","0"
"68",1.01329539737575,1.23046989133418,"R_1IGfF1abpdkWhLy","0"
"69",0.959212584835595,1.32703343456609,"R_1iqZeodTGsnoO71","0"
"70",1.19727994365735,0.879686410663573,"R_1j7oxMkWVP5NSpt","1"
"71",1.18169404421791,0.897707130907393,"R_1j9BySKkUls71SL","1"
"72",1.0628361200225,1.19229344679511,"R_1JFb2GboLo58HzV","0"
"73",1.02075157802932,1.21169404144644,"R_1jIJHh1689WJ1Wf","0"
"74",1.16328975708702,0.962122781745272,"R_1jMMgQWaTF17FdD","1"
"75",0.993972418053982,1.28486033249893,"R_1jOhygKAl2j4uoW","0"
"76",1.19914834782607,0.859177234273424,"R_1JUrVGo4h0DuwTF","1"
"77",1.18169656380853,0.886206781513453,"R_1jxnsKE1PsOW2ud","1"
"78",1.20847876595981,0.845943645272397,"R_1jZcZ1S8MccWXlw","1"
"79",0.93852830797442,1.3497126159888,"R_1K41lGNotMQuaYo","0"
"80",1.03204145446466,1.19935173901359,"R_1KjR9tFAM9YeB0x","0"
"81",0.678912749697891,1.66085061238983,"R_1Km3m54TPU3JKM1","0"
"82",0.99432904993181,1.26528608919654,"R_1KXEGN3b38r2ypb","0"
"83",0.996991703173505,1.24850996300152,"R_1l0RIyAa9CP5bzP","0"
"84",0.948435857812675,1.33769439243654,"R_1LexZBYJhPpiZjV","0"
"85",0.963207743321094,1.31799810038261,"R_1LFH0LOWi9Yz49r","0"
"86",1.17316606555154,0.920288944066086,"R_1LFmb4Bx13gTnD3","1"
"87",1.05289815037142,1.1715560678422,"R_1loWPZTW4yf5XH7","0"
"88",0.907618737201214,1.41924723951608,"R_1LtemN8EXM5ZUBN","0"
"89",0.950108138277795,1.31144831315778,"R_1LU8zd8gVQJ9Ymv","0"
"90",0.895372979874435,1.39040932827,"R_1LuhzYh0vCqcqBC","0"
"91",1.06992496916545,1.1484148572885,"R_1LUJuqInfZjP2R8","0"
"92",0.959806052148192,1.3438551308667,"R_1lzB3yQwCXpUq1d","0"
"93",1.19117284511182,0.882908294377052,"R_1MK61RcnsRnWNLS","1"
"94",0.81664121668117,1.50015791962708,"R_1mltiMTeFeXLWJB","0"
"95",1.03911773086566,1.19342676211717,"R_1mmFq3cx5odSSLt","0"
"96",1.00540217738776,1.26957619736492,"R_1mn6nqlgVzfC7By","0"
"97",1.18125303059601,0.908510770840197,"R_1mPZTN6F4Yrwu6f","1"
"98",0.923300849988047,1.39124065427041,"R_1mqjuQbjSc7zaz8","0"
"99",0.927933633386497,1.33393107882003,"R_1MS46DkDMSuh1PA","0"
"100",1.00467766866722,1.28290281578748,"R_1mt96mbxkfZ8oJc","0"
"101",0.957247385143093,1.32132605830913,"R_1mUwQ8WDbVXY7Bc","0"
"102",1.20266077356743,0.864368573821041,"R_1mw9V9ozzWi1LAn","1"
"103",0.989620838596416,1.26224507141856,"R_1n0hU9OFnulf6DQ","0"
"104",0.902992908289542,1.41477376931072,"R_1n1JzBYizsP8rTM","0"
"105",0.916927749708922,1.3540920922273,"R_1NaFm6LK1x6V9gF","0"
"106",1.13714769997615,0.994204469699863,"R_1NgER6kVSAaUKmK","1"
"107",1.0923391314993,1.11794793892042,"R_1o59gPx3PeNGzjI","0"
"108",0.992562512923594,1.26549711920204,"R_1ob4JLq5bEFQZX3","0"
"109",1.20117071920555,0.853130141739715,"R_1odmUPPKrKX7yt0","1"
"110",0.806342905397225,1.52876664742603,"R_1OI9sjzqAoq5VTd","0"
"111",0.871145235542735,1.44575117661698,"R_1oj0iGwz5gWx4EM","0"
"112",1.04708691410451,1.1665175535845,"R_1oniO1xKkANO7Rs","0"
"113",0.979914536574717,1.33296584093299,"R_1OOwSBX7GRf44TF","0"
"114",0.88567590002834,1.40975185088203,"R_1oqkBndhcpDZMqi","0"
"115",1.11128741804313,1.07918085444768,"R_1OwNrBIiXECqoyG","1"
"116",1.0628361200225,1.19229344679511,"R_1OZvYMVO8FhOvaF","0"
"117",1.02851689408223,1.19720976887984,"R_1PdvSyRjroeuRch","0"
"118",0.767831079476679,1.58509952701402,"R_1pF3jLkb5kuiHLt","0"
"119",1.06449839061051,1.15427788714905,"R_1pFFiHfQdEkz93a","0"
"120",1.0628361200225,1.19229344679511,"R_1pQXa06zhttQ2QK","0"
"121",0.914819353313321,1.40441401473098,"R_1PT0N7jE8CEe4Om","0"
"122",1.06072163969891,1.14781176026902,"R_1pWi3TQiCGOmyri","0"
"123",0.517016032198924,1.79820833306814,"R_1pY7VZtwZ0xvste","0"
"124",0.955145369754593,1.3363411385056,"R_1pyPj6pxQTGpmoY","0"
"125",1.02354537338146,1.24328174976714,"R_1PZfkT8XYl42PDz","0"
"126",1.09748183854563,1.10723316152277,"R_1Q3M5DRW0wNEKbT","0"
"127",1.17900546438586,0.914919841714398,"R_1Q5SORbIaDcvhXw","1"
"128",1.0923391314993,1.11794793892042,"R_1q97VY7HVIAyFYv","0"
"129",1.17871052040106,0.919427420740198,"R_1QcQf40hnZ8IGIv","1"
"130",0.878916410993364,1.42339792670998,"R_1QcuoKglTc1aR2c","0"
"131",0.869116659250664,1.4245318485349,"R_1QlrekUmzTk0Wbq","0"
"132",0.981644612183193,1.28305732742065,"R_1QltThrqzdt4ppe","0"
"133",0.98805103895903,1.26526323433096,"R_1QrpE21fw7QXXYu","0"
"134",0.894704088374249,1.39656249738003,"R_1QrwLMIn7K2GhNN","0"
"135",0.598293702630188,1.74268361656679,"R_1qX9y9uKlkCAb4j","0"
"136",0.895084223943834,1.38220505126126,"R_1rAhq8JtngWYhI1","0"
"137",0.807277865994156,1.53739074655304,"R_1rJ1QlgXJMaeq34","0"
"138",0.989859350321393,1.26001889353136,"R_1RJFm66oU5fP5Qt","0"
"139",0.920394263868196,1.38053255264076,"R_1rMMLys7a9QDlKp","0"
"140",1.08242440431971,1.09801424167607,"R_1rP3xwHOfSB3Xfm","0"
"141",0.986649906479084,1.24887006682589,"R_1rPu8GlUfBUaT1f","0"
"142",0.997787567216071,1.2455900715537,"R_1rq6oBNP3dfuJSh","0"
"143",1.08470836217013,1.14964816388492,"R_1rw4iW8Em9oSO65","0"
"144",0.878916410993364,1.42339792670998,"R_1Y2iKkxsibQMHVD","0"
"145",0.981484491164951,1.2815513765549,"R_20MCNf1iYVfsbyx","0"
"146",1.1671418042407,0.928777504028173,"R_20UodHACXAGHKfb","1"
"147",0.969791798053758,1.3050911708914,"R_20Zr66Ok0cO2lzY","0"
"148",0.836181630912921,1.50453775825127,"R_2170LJegYGhKWPO","0"
"149",0.747930754301799,1.58743641400004,"R_21adMr6FTICq8w7","0"
"150",0.954424061564637,1.32437728058556,"R_21hMGEwDlPxhjIx","0"
"151",0.965879177397266,1.30611730195014,"R_21u3i7hJZiGF7q8","0"
"152",1.0923391314993,1.11794793892042,"R_22DlIOA1QuwsRtH","0"
"153",0.946939939570778,1.3395112721797,"R_22LmAhnuYngmKbY","0"
"154",0.934598771263965,1.32587847024401,"R_22re08dv5zyt3zy","0"
"155",1.20266077356743,0.864368573821041,"R_22y2tZsREaqt265","1"
"156",1.04648031521882,1.18495380114602,"R_22zBwIlTw6hKf92","0"
"157",1.02321981408961,1.20699921028764,"R_23eQRGUU63p5ape","0"
"158",0.895535030227947,1.39768243057808,"R_241nEMMdhWumQoO","0"
"159",1.20120388477495,0.867143312313909,"R_2492pCKHqf5dlKi","1"
"160",0.914479871862212,1.35466482842243,"R_24cprR80Slkcffl","0"
"161",0.950536437041314,1.30891412948804,"R_24FPzaogsJl5Oao","0"
"162",1.0628361200225,1.19229344679511,"R_24pwPmPBXaNb1Jp","0"
"163",1.06897371040441,1.11990068551593,"R_25HpnGCVJmRDJeN","0"
"164",1.17883937326455,0.931915571453262,"R_25u0Sp2GchmKqpa","1"
"165",0.942677514655644,1.35069955323009,"R_263IFUYHOUdE9SR","0"
"166",0.890466418562115,1.40781995661302,"R_268x0qErskNtjpo","0"
"167",0.778313048722836,1.54177057866457,"R_26buS4VBqPDXu4Q","0"
"168",0.968953555892168,1.27745891334484,"R_26f1OmYAyKKQTeV","0"
"169",0.8763792352218,1.42176148926823,"R_26o2dqIsY2j0ikn","0"
"170",0.725527681239978,1.60486772867068,"R_27dSC2bMDR9Y5Nq","0"
"171",0.937192885894812,1.35319336875129,"R_27eCE2XkQwLAAYK","0"
"172",0.442915580801125,1.83722310528602,"R_27jyk5bJ7c5tTIw","0"
"173",0.923617761116432,1.35691125303905,"R_27k8PbNPolq0QAU","0"
"174",0.749459718604929,1.57368279490308,"R_27PatKwP1D3wBGB","0"
"175",0.937124020850312,1.38176000965541,"R_27TNjzQrRpz3JWy","0"
"176",0.861871377163895,1.44375394425019,"R_27UbqIBbAAvXtnO","0"
"177",0.917211630203626,1.38381426911971,"R_27xmPUAjYoTlGbO","0"
"178",1.14907548423471,0.962597428719264,"R_28CZFXMZNeee8Tb","1"
"179",0.950465882846259,1.3793452343891,"R_28G4qPGUAsKipWV","0"
"180",0.262313483952891,1.91729566428575,"R_28Gxw9vDZkw4AFl","0"
"181",0.939002197823953,1.37900952742798,"R_291jqH1l086hM3H","0"
"182",0.719884291992079,1.62397959591045,"R_299MMOiAM0CwBhl","0"
"183",1.2018251522403,0.865205442664807,"R_29uhdl1Vw2SydD1","1"
"184",0.942432166036887,1.32163513712757,"R_2A0ZyfHN8PF2erE","0"
"185",1.17945143199345,0.916189828198175,"R_2aCzseQ1RcQVYH4","1"
"186",0.852796799377162,1.46849155646747,"R_2AFo5duAc0IHQXg","0"
"187",1.17900546438586,0.914919841714398,"R_2aFwdSvQ5kee5F5","1"
"188",1.21027090861047,0.834489173437326,"R_2AG1H1VH5t5XhR1","1"
"189",1.19914834782607,0.859177234273424,"R_2aGDROz7N2AxH8J","1"
"190",1.21574786272237,0.816492196867129,"R_2AHkbMeJiEZwITa","1"
"191",1.04648031521882,1.18495380114602,"R_2AQl8SZjeBihLpa","0"
"192",0.841111337715638,1.496072305967,"R_2AYJXywwVu6QGs3","0"
"193",0.968253182469272,1.30351590654092,"R_2B40DDGZ80mBEbc","0"
"194",1.08662910810836,1.10188460004274,"R_2b4cSi6KufHEXQf","0"
"195",0.919755702515185,1.34472566781822,"R_2B4jgxePdmcIg6a","0"
"196",0.457797412647995,1.81893604338572,"R_2BerMsevklfK0C6","0"
"197",0.854079254670539,1.47646766978786,"R_2Bm2KJXRyABauyk","0"
"198",0.930215630833229,1.34758546932926,"R_2bN5F89p3dp47h6","0"
"199",1.33202655910709,0.225458453935732,"R_2CJps0uBujnODbe","1"
"200",0.810911148607604,1.54245521893391,"R_2cnEXR8WCTUWKDw","0"
"201",1.20847876595981,0.845943645272397,"R_2CQ8YyzW1RpRmOa","1"
"202",1.20266077356743,0.864368573821041,"R_2CwZWrVSNkvn7hm","1"
"203",0.814786903162786,1.54546473310672,"R_2CZMbro8CP9Uu5t","0"
"204",1.17871052040106,0.919427420740198,"R_2D6c4MB4OoCIkDm","1"
"205",0.895084223943834,1.38220505126126,"R_2dg3EfUOU09B5o4","0"
"206",0.924615578215531,1.38305678797315,"R_2dGR1ye0yw7G94w","0"
"207",0.9726610015329,1.31220200031819,"R_2dKehFZ6Q0ZuvKP","0"
"208",0.864201418442983,1.45556508962154,"R_2DOdBo6U9ALFufg","0"
"209",1.0628361200225,1.19229344679511,"R_2DSan3zt5JS8l9P","0"
"210",0.976399687746117,1.29747114019651,"R_2dWss8mIevBNbql","0"
"211",0.954070460067765,1.32788198110612,"R_2dzIMFCeBrnYXrM","0"
"212",1.13173544301794,1.04135018961752,"R_2dztNeIeNilgZSd","1"
"213",0.997051868696101,1.28405391159365,"R_2e4CoHK76vvECIM","0"
"214",1.19080769547896,0.880740054617954,"R_2e4gsRcT2FLvlEh","1"
"215",0.985251784750413,1.25639141481242,"R_2E4XZ1gU8UuEcy2","0"
"216",1.00084943485615,1.27289625465985,"R_2e5tMsjqS8r894Q","0"
"217",0.747449605087071,1.59012057523051,"R_2e8zf4yA6aADPCx","0"
"218",1.20847876595981,0.845943645272397,"R_2EczmD5SwSzay4A","1"
"219",0.877901333421604,1.41070784221576,"R_2En7dxb8PY0sVqa","0"
"220",1.14581659067222,1.01581374398435,"R_2EudHnKol1N7utZ","1"
"221",1.20847876595981,0.845943645272397,"R_2eWgxkI1ZcLlACS","1"
"222",0.99292041787607,1.25994961463016,"R_2EzrxrOnJkcxDmK","0"
"223",0.983681380521639,1.26466468320162,"R_2fx5TdeHZkzu7SR","0"
"224",0.857369749178929,1.49291337157798,"R_2fxg9AHWtBi2GBP","0"
"225",1.20266077356743,0.864368573821041,"R_2ghsWopwxNyadTb","1"
"226",1.02642368895303,1.20247183367897,"R_2m0qE3DQhkw5quZ","0"
"227",1.01300520355187,1.25412907316954,"R_2OGwTX83fhyDNnI","0"
"228",1.16299916861178,0.951327988727485,"R_2OTsX0VoE5sGvbN","1"
"229",1.07654796017006,1.12921707303472,"R_2OTucPfWLWySgbQ","0"
"230",1.12809021496658,1.04526020094849,"R_2OZmN3GX1csFnvS","1"
"231",1.02551704111266,1.22413160425512,"R_2P4JBo0bhSklWm8","0"
"232",1.01128668157575,1.25669025407841,"R_2P6WvCjxDtRXpfh","0"
"233",0.872468022293683,1.42117765500858,"R_2PAMXQWMnCShnhv","0"
"234",1.20266077356743,0.864368573821041,"R_2PcWpDYMkGdiWuA","1"
"235",0.981391443793043,1.28577461561403,"R_2PnvZ3t3ESLuuRg","0"
"236",1.169282048682,0.945121578204078,"R_2pVN9xJPvGeQwTl","1"
"237",0.902154180831418,1.41692834172994,"R_2pWDY1aVJKk8Eky","0"
"238",0.909227927126932,1.36224738011326,"R_2q2wBpEDDTOLQAr","0"
"239",0.765689049015471,1.58158263115571,"R_2q3jFjpu8freoQG","0"
"240",0.765689049015471,1.58158263115571,"R_2q8jjB4POrxng1J","0"
"241",0.704619644394773,1.62734007333621,"R_2qlSogoBK0vIz2z","0"
"242",0.950345287761668,1.35827464706751,"R_2QRGPTuTFmph4Tw","0"
"243",1.21574786272237,0.816492196867129,"R_2qsbwlWVgx3U2Ga","1"
"244",1.17735765267804,0.848974772615576,"R_2QtcKsYZWhhqqjS","1"
"245",1.1712901544897,0.939723901131093,"R_2qvzPowbEHSePSC","1"
"246",1.01635336199088,1.22329429816543,"R_2qw808RHTW32LfJ","0"
"247",1.24573583524845,0.694593883582581,"R_2QX1hhnet3fuiW3","1"
"248",1.00074238016355,1.24964871440597,"R_2QYGfMYzAouv17p","0"
"249",0.881257981723939,1.41704359255894,"R_2R3WdyyTBE50O4B","0"
"250",0.983842325226193,1.26905270928446,"R_2RaD1qLsjvheOt2","0"
"251",1.20846314652159,0.845991097737107,"R_2rAZ1Ka3wuVKPBW","1"
"252",1.20266077356743,0.864368573821041,"R_2riOlz6GykyQOSK","1"
"253",1.20083083867206,0.868144363620506,"R_2rMazT4mo70rBsf","1"
"254",1.20266077356743,0.864368573821041,"R_2ROlNuBvXLmCi1x","1"
"255",0.962236501591757,1.29806446048985,"R_2rTwpwnzTaksgxl","0"
"256",0.916955590683521,1.40995243948222,"R_2rU8sA0U715NiEp","0"
"257",0.948962901645353,1.33949005575408,"R_2RVM3Ml3yrbHgEd","0"
"258",0.985512863824042,1.26673106790873,"R_2rwInOPZ1KueAnO","0"
"259",1.02427362339071,1.22427652215984,"R_2rwvaT72ZJEiKlI","0"
"260",0.997051868696101,1.28405391159365,"R_2RXiWR7wst6Q1iP","0"
"261",0.943255308845052,1.34343143474065,"R_2S0octCIzzOhicw","0"
"262",0.642039616234873,1.68034068401025,"R_2S16EzuYSfQHKX0","0"
"263",0.58953151260235,1.74682447125793,"R_2s1MfU0zDpR0Jca","0"
"264",0.608546167979269,1.71093966697609,"R_2s1p24MNKJ6pXqN","0"
"265",0.617223883250068,1.71200401244334,"R_2S2hLsZH1WfTg51","0"
"266",0.895084223943834,1.38220505126126,"R_2s56lo4tG3fLjIQ","0"
"267",0.975367501005143,1.32440232046345,"R_2S8EuuoWZ1zlEUd","0"
"268",0.932278372995335,1.35804732853689,"R_2SHzrbVeMibq1Gl","0"
"269",0.995337365541283,1.30493418710352,"R_2SoeQbtedg9U7A9","0"
"270",0.946171035674749,1.32482739032089,"R_2sZMR3HZgebyC7G","0"
"271",1.21027090861047,0.834489173437326,"R_2t673KXh7dRiqrM","1"
"272",0.915424181973447,1.35092095583442,"R_2t9y2YhFbxge3FX","0"
"273",0.91457635322376,1.37336195854621,"R_2tAodbyDXek1lmO","0"
"274",0.741913314854799,1.61021288702049,"R_2tbb14YphaE4xH6","0"
"275",0.844122885757802,1.49451482436287,"R_2th9gAtAIbanbIK","0"
"276",1.03508648805726,1.21285183932586,"R_2THMWSSD3Kxxxy0","0"
"277",0.917824611302226,1.36788792618634,"R_2TR9UuVKt2Jw0Ai","0"
"278",0.924303100745203,1.34380582929414,"R_2trlsJrfwYEN5I7","0"
"279",1.20847876595981,0.845943645272397,"R_2tunXP6UyGFpYHU","1"
"280",0.958599223390974,1.30464773092504,"R_2TXIK6VleUaA37H","0"
"281",1.0628361200225,1.19229344679511,"R_2tzlX1mX1CPkNHm","0"
"282",1.19682043294945,0.881223940235603,"R_2U4JJgoRrHPqxRx","1"
"283",0.82660845155819,1.524154633365,"R_2uFsFqQJzrSQ0IV","0"
"284",0.993729625785496,1.27349767303539,"R_2uInyNC7MnrJsWt","0"
"285",0.84236020797688,1.48734598131236,"R_2uOMTtyh1bXg9ty","0"
"286",1.02248960392023,1.23569401067416,"R_2uTLa7HMnc5Gs9E","0"
"287",1.19791674640213,0.875690278847021,"R_2UVPhEcZkIqzMpj","1"
"288",0.858622129841546,1.46253616270777,"R_2uyAjmplIniR3LB","0"
"289",0.968846626343727,1.28796738293686,"R_2v0yEORbEoaCcvW","0"
"290",0.878128442197129,1.46350944212541,"R_2v16SgaYMHNBq6S","0"
"291",1.0628361200225,1.19229344679511,"R_2v2Ea5eT240inrU","0"
"292",0.880314882060012,1.45468965220925,"R_2V8sidAyrLfM799","0"
"293",0.896415983130012,1.39889686312078,"R_2VEBV1FZqbQzJh9","0"
"294",0.999590467056058,1.27115713012901,"R_2Vr5HURfk3ALUOy","0"
"295",1.02346036297644,1.19610944430827,"R_2VsQH2SgvmwEvPl","0"
"296",0.991936070103527,1.2867030847912,"R_2VxLGUSM0lfPof1","0"
"297",1.00841852333886,1.24277716212237,"R_2vZhhzJLS8XEt1K","0"
"298",1.18185228024687,0.885766121925802,"R_2w7AymsBq0kFlRS","1"
"299",1.00218264111681,1.26909549066113,"R_2WAJRrWbWwkXh4E","0"
"300",1.07600056668117,1.14807388834624,"R_2WCGRS3itljeTiz","0"
"301",0.838945893503193,1.48599544302189,"R_2WHAkr9jjTRTfWF","0"
"302",0.887722924359205,1.40323565019915,"R_2WNnfEbzmLI06mJ","0"
"303",0.902874673472768,1.40646655396201,"R_2woYgEWJfj0UZPI","0"
"304",0.974305566029493,1.31920326902287,"R_2wt1y2Xbl9pcLpW","0"
"305",0.9626632395177,1.32483597917723,"R_2WTlibDKLH1wBQv","0"
"306",0.909886487815955,1.35928126891336,"R_2X4FuYhXmC8ywIK","0"
"307",0.965131735171312,1.29280600166771,"R_2XiIXFvRQQWAgP4","0"
"308",1.20266077356743,0.864368573821041,"R_2xK4m6fzER4JIVP","1"
"309",0.81389532883861,1.49657485825314,"R_2xRFAHf3m984KjF","0"
"310",1.00275909806,1.27604914643129,"R_2xS2aNnxwYu52vT","0"
"311",0.890466418562115,1.40781995661302,"R_2Y9WhVvkCDyq3KU","0"
"312",1.17871052040106,0.919427420740198,"R_2ya14O4rS4r6z6L","1"
"313",0.968846626343727,1.28796738293686,"R_2YEre5bJYfgYrBC","0"
"314",0.89754672701598,1.39591812150698,"R_2YJ3yYatdij6rX1","0"
"315",0.951678099567376,1.32093541418362,"R_2YKwMWQVUVMr2UE","0"
"316",0.914111552762291,1.35390857301995,"R_2YLoY951ZogozTf","0"
"317",0.841017776512659,1.47461004810952,"R_2YmNX6Oye45BteD","0"
"318",0.704724492615176,1.63822911700614,"R_2YQxuPlsGNs1gax","0"
"319",0.915424181973447,1.35092095583442,"R_2yrOKnTx9VJIJYc","0"
"320",1.33595934034652,0.0261471267599582,"R_2YSB2Ar1L0afUeM","1"
"321",0.838002769735729,1.49945363548619,"R_2ZCBDZDzOb6z8WQ","0"
"322",1.16293189109187,0.934320313020215,"R_2zcJgAqnxH8Y4yS","1"
"323",0.935849031670997,1.37349753390709,"R_2zD6fkfpFXgQBFe","0"
"324",0.745866057352372,1.59772881292041,"R_2zMd9bkt5QQ0oyj","0"
"325",0.959307868279547,1.29480623931416,"R_2ZOinPgmmbRwYkw","0"
"326",1.00668123361825,1.25433134801708,"R_2ZOLtO5eQcxaywi","0"
"327",1.06588130605845,1.14650774183749,"R_2ZQvMICyBHJJC25","0"
"328",1.05940920282762,1.15639022361867,"R_2ZTsNN6kZ9cVYHV","0"
"329",0.935094187412361,1.36585934763753,"R_2zx96JsJgGlf2Gl","0"
"330",1.10681853650609,1.079118853988,"R_300O2DUnqnIyEq8","1"
"331",1.17596827107717,0.927190517884282,"R_3018SSHXTKbMgat","1"
"332",1.19682043294945,0.881223940235604,"R_30bGOYP8zubfggO","1"
"333",0.798545057979635,1.54433600023875,"R_30fcPq6axMgBolc","0"
"334",0.932671179878737,1.34872169683315,"R_30jwO1Q51T1Oqua","0"
"335",0.898024036842276,1.39281265891882,"R_30kjJ6aflGnLwCZ","0"
"336",0.721909159238155,1.63022621898893,"R_31d46rHYvYh3VrS","0"
"337",0.770693189571838,1.55880196043283,"R_31gXaeWDD8YXO0m","0"
"338",0.987067297089109,1.28697617753702,"R_31nkaGKfULADQcy","0"
"339",1.09156238603795,1.11748484634928,"R_31szBB0IAUEKR80","0"
"340",1.00443941842941,1.23592139418281,"R_3257tFfOjV1jKwQ","0"
"341",1.15840970339015,0.975302837812668,"R_331IDX0zbNRfPC5","1"
"342",1.01890952676347,1.2172183790131,"R_331Q8LFmRVzV6sG","0"
"343",0.890760523714031,1.39905703021174,"R_33DNS6quldJesE7","0"
"344",1.24845568177589,0.694533888596011,"R_33sDgCJtJ211JGG","1"
"345",0.943255308845052,1.34343143474065,"R_3CINlYRwGPISJ35","0"
"346",1.17883937326455,0.931915571453262,"R_3D22i7cfYJncBeS","1"
"347",0.985016714582118,1.26989723373221,"R_3D2zYtpdbhtT6vH","0"
"348",0.968953555892168,1.27745891334484,"R_3D6L59mSw4oauWc","0"
"349",0.69401123839345,1.63720894572833,"R_3D8h1NrjCM66rpq","0"
"350",0.915424181973447,1.35092095583442,"R_3dDFByZJ9WiRRnb","0"
"351",0.981569087690582,1.29849601520747,"R_3dG2OSaM6IKem2B","0"
"352",0.684779299049818,1.65569848053324,"R_3Dv9CIgzor6PPpz","0"
"353",0.924780707041329,1.34008431216611,"R_3dWXqIgiMohp3v6","0"
"354",1.16203289108378,0.952350660474909,"R_3e1TqdtfLQhf4L2","1"
"355",0.951929659448785,1.32261412277054,"R_3eagtAH5SJ1436B","0"
"356",1.13030825537274,1.00795495104182,"R_3EaPiC8QBqrdCzv","1"
"357",0.943420706260078,1.34925430189105,"R_3EDOF5X2jihdhSP","0"
"358",0.765689049015471,1.58158263115571,"R_3EFEwrUIE8Kac63","0"
"359",1.19058309508659,0.881405487954388,"R_3EgThIVtlqB8ZFN","1"
"360",0.799131844812403,1.51999870413962,"R_3EmcbAxB2fgWfm5","0"
"361",0.881383297801251,1.42912715040198,"R_3eXIx145q24P5ct","0"
"362",1.29979685712126,0.451261734534008,"R_3exXU5InBRQRN4u","1"
"363",1.20877575581989,0.830550930336179,"R_3fpDyJOpJ1Eg7nH","1"
"364",1.10559258522088,1.05299827436669,"R_3FRKYX9SsnpvlPA","1"
"365",0.904311189664776,1.38674154630027,"R_3fTRdl9Y4HIzfQI","0"
"366",1.20266077356743,0.864368573821041,"R_3fV6xhcxV8bOpff","1"
"367",0.907674853877994,1.39055966111905,"R_3fZs2X9Bkox4pig","0"
"368",1.19168247623416,0.849562438004383,"R_3g18M4zbTwAqVh1","1"
"369",0.873796553841564,1.45402160438679,"R_3G6sJVzV6kfEKOa","0"
"370",0.879504069637813,1.44240689047471,"R_3GBwXjMcRyWH99O","0"
"371",0.87805991603313,1.42076864427076,"R_3gL5PLi3c3Tyn7l","0"
"372",0.795743306453365,1.52434716972189,"R_3GpNBQ5CgxNdsMz","0"
"373",0.914541329526711,1.38161341191498,"R_3GvpTnsgO0dN7v3","0"
"374",0.895372979874435,1.39040932827,"R_3gXFwb5Rj3GeayC","0"
"375",1.20266077356743,0.864368573821041,"R_3gYIjoJuMp5WMCS","1"
"376",0.636612079274214,1.70355320843136,"R_3gZRuNUJsE7IDtm","0"
"377",0.796441708030017,1.51342807353491,"R_3HFoTLJEFC5wC4x","0"
"378",1.11002192020671,1.05755919954008,"R_3hg7VuBZdF9ke2k","1"
"379",1.04184557866667,1.17380727363592,"R_3HGnvl8ph4ituaK","0"
"380",1.02890416104905,1.19847088651611,"R_3HnNy5J0bdL2Jlz","0"
"381",1.04092188540056,1.19056822277165,"R_3hrrjVoBCW5aVLN","0"
"382",0.651249940726725,1.7032364522091,"R_3HRXDzTH4lYxD57","0"
"383",0.951477202032569,1.35884720005901,"R_3HTDoD3sdEXRJ69","0"
"384",0.962231884837749,1.33352446445706,"R_3hubsLzXrSdsisz","0"
"385",1.00895896320325,1.27161223731055,"R_3hxUPG9N0GYg3od","0"
"386",0.651459947896369,1.66537644414278,"R_3imMpTgiTh7IFze","0"
"387",1.18540526629388,0.888388254938099,"R_3iq9Qrw3esWRHLJ","1"
"388",0.976909914796631,1.30058360892896,"R_3IXfO6cjcY5pjY5","0"
"389",0.975560041370276,1.26884621110454,"R_3J8CArQnsceZPxX","0"
"390",0.743572357386465,1.59184002094004,"R_3jd276FCkxUx0jk","0"
"391",1.15411872417276,0.9819067003191,"R_3JdS6G2oeyURtlh","1"
"392",0.792088353375401,1.55258360625067,"R_3JedFD408eCUXoU","0"
"393",1.16390356725729,0.940265439731778,"R_3Jfm7oG4vSdjKOY","1"
"394",1.20266077356743,0.864368573821041,"R_3Jx6MbfEXTvKxDI","1"
"395",1.02642758801192,1.23459900578193,"R_3K7ud1ITarVlcMF","0"
"396",0.959025262748255,1.32429405070197,"R_3KHlnf4QUvxSqJv","0"
"397",1.32495985656998,0.237553393611908,"R_3khTb6ohZTEw1uj","1"
"398",0.955145369754593,1.3363411385056,"R_3KJHMzL3J7PD1Ha","0"
"399",0.768832900370966,1.56678889078691,"R_3kMmLUhdgxfo5E4","0"
"400",1.20492764061608,0.857607053158361,"R_3KpGGIpTCeV26Qq","1"
"401",0.86083663097411,1.4599354309641,"R_3KQ41GktMjIY1UM","0"
"402",0.97653107822236,1.33549651772776,"R_3KSHZzbgYF0hmWN","0"
"403",1.17883937326455,0.931915571453262,"R_3KTwRSPp3KkukEt","1"
"404",0.853749070611679,1.46186415009154,"R_3ku0qDr8bQu8PFW","0"
"405",1.09748183854563,1.10723316152277,"R_3Kwkto5OYOMGaGx","0"
"406",0.792069329456411,1.52758597032638,"R_3L7muBEyUDuUPvc","0"
"407",0.707669209333917,1.6301181244091,"R_3lFcUWnw4BZ5vmK","0"
"408",0.874045766060881,1.45073738565088,"R_3lPRoXD0peSUgP1","0"
"409",0.8926309668191,1.38399365844049,"R_3lQDx1cB3wc76j8","0"
"410",0.921783207923605,1.36722018897647,"R_3lUpoBEtzy9drZD","0"
"411",0.969506778047628,1.2910980849001,"R_3LYXqMeVnadDV9q","0"
"412",1.13228688464728,1.04175408860104,"R_3M0xwiuX0tjd8ZJ","1"
"413",0.974414866758458,1.3280607059863,"R_3m32qTstvhmJ84V","0"
"414",0.972937972156589,1.32952036364154,"R_3m7AJOItrFHHcFB","0"
"415",0.684779299049818,1.65569848053324,"R_3mAe9TEtmdbknbb","0"
"416",1.20847876595981,0.845943645272397,"R_3memv651G9uTAZj","1"
"417",1.0628361200225,1.19229344679511,"R_3MG5FAqJxElwWok","0"
"418",0.858624164633244,1.46678448089905,"R_3mjBG4EWOAh2zPn","0"
"419",1.24594979742912,0.681153128057938,"R_3MPAl1HRGhuO15w","1"
"420",0.981569087690582,1.29849601520747,"R_3MuHWM5gnFAahwf","0"
"421",0.896325235809033,1.38235036174194,"R_3MxtBVkHFb0eckC","0"
"422",1.01735572885028,1.20931643532581,"R_3n0pwsbo2rmd09H","0"
"423",0.932248734388588,1.34502500908559,"R_3nAgm8GpHtzVUDU","0"
"424",0.962168372152013,1.31495525500833,"R_3nDcGHwLMBdULri","0"
"425",1.0628361200225,1.19229344679511,"R_3NEcJYl36tldrhz","0"
"426",1.20266077356743,0.864368573821041,"R_3NFkiMPlq1ujKz7","1"
"427",0.895372979874435,1.39040932827,"R_3nHJa8W4XzoQbm4","0"
"428",0.738644307862039,1.60395841341191,"R_3nNQbVPzRGKWTvf","0"
"429",0.919072814423278,1.40710199654074,"R_3nouJkI0EPchv0K","0"
"430",0.900047797098226,1.41981768017111,"R_3NUFJAjAEqShdxY","0"
"431",1.18575877005684,0.898186806995968,"R_3O0UASSJuVz1wKV","1"
"432",0.927072743002804,1.37523440460719,"R_3O3nOZtgpHg6gaK","0"
"433",0.914449539141748,1.40345283603501,"R_3oACf4JerntqzmZ","0"
"434",0.891743271460854,1.42374400580331,"R_3oENSp13RG6glC5","0"
"435",0.830930786934595,1.51030905626688,"R_3oHgVo6YiH2NtEO","0"
"436",1.18384329425271,0.87763582530271,"R_3Oq241l7XqxA9WE","1"
"437",0.942003372667722,1.34265015944418,"R_3oTxjZRLervWm86","0"
"438",1.20492764061608,0.857607053158361,"R_3oYG3dkZhORjOX6","1"
"439",1.1670144154202,0.929705507323622,"R_3P7edDRGQnc2Fot","1"
"440",1.01658729710137,1.20876945589662,"R_3PB2Ltxuh03nSYU","0"
"441",0.895372979874435,1.39040932827,"R_3Pe0emppqE6grrU","0"
"442",0.968846626343727,1.28796738293686,"R_3pik33O5ERDcnHu","0"
"443",0.592772371292885,1.74676461447397,"R_3pkY5QiTao68mOf","0"
"444",1.09123413355797,1.0992853962706,"R_3PMDY8ouNSnNQBG","0"
"445",0.98701356354613,1.28996024909445,"R_3PMmGs7hhZ3d5jS","0"
"446",0.998310589152041,1.26808936958234,"R_3Pq4dwxmvP7IV7W","0"
"447",1.01171229910455,1.2300180329868,"R_3PufoRoPfelYFwl","0"
"448",1.137834617729,0.991794343100415,"R_3qatyGZwQtBLs5f","1"
"449",0.758937178869965,1.60473809847172,"R_3QFrmHKrdNNttqa","0"
"450",1.17446501426709,0.928640887278181,"R_3qHYqEwKsOQQyRT","1"
"451",1.14372186298864,0.976569391843325,"R_3QPZLvzZvpyN968","1"
"452",0.890671037262454,1.38827378740919,"R_3QQyZQp3jw4DK0T","0"
"453",0.888166146727642,1.40253848477537,"R_3qwf7JTBzYxKCgd","0"
"454",1.00171185692941,1.23059331339329,"R_3QXeVyZkmzNceBN","0"
"455",0.622489520067727,1.71989848029299,"R_3Qy41xx43VBVI2J","0"
"456",1.20492764061608,0.857607053158361,"R_3R4pVcd0KlBWl4V","1"
"457",1.12358067086986,1.02372323227883,"R_3rGmsRvbFb1g0f8","1"
"458",0.785971885625906,1.54383505677656,"R_3rGtK5dTnqFVCjc","0"
"459",0.855722658827745,1.45073413854631,"R_3rNS3W6jWnb4XA4","0"
"460",0.895372979874435,1.39040932827,"R_3rS4w78ysOQsr12","0"
"461",1.33218346887383,0.223483930824309,"R_3rUHdtjaXvtIvz2","1"
"462",1.09998852036116,1.06892936321367,"R_3rzrxxCG9fLy6pr","1"
"463",1.10345487596607,1.10365866615067,"R_3s6Ss4gsg98OQGW","0"
"464",0.980016388146482,1.28177162475459,"R_3soja05ifxsWkQq","0"
"465",0.906478818484048,1.37648641361076,"R_3sz7qUavyfVdYmv","0"
"466",1.17399478720144,0.926248339231714,"R_3xe9GWONYDTpSKZ","1"
"467",0.974097369280909,1.31292369129989,"R_3XeseMFKEK1HLwd","0"
"468",0.906390376763235,1.43812173080914,"R_3ZQS1UkBxvCaDwR","0"
"469",0.897521809786591,1.39501241999032,"R_4GWm9Ta9Kjzy2E9","0"
"470",0.85598548273059,1.45544840636273,"R_4THnRrSaFkyGZoJ","0"
"471",1.20266077356743,0.864368573821041,"R_51PkHufroAjUffP","1"
"472",1.20266077356743,0.864368573821041,"R_5pvosAPSGgsbplv","1"
"473",1.18125303059601,0.908510770840197,"R_5urbZCQJoc2Yv7j","1"
"474",0.807700762930765,1.53240666281313,"R_6s6crm2aG0TsoBr","0"
"475",0.810097197508772,1.52745752614977,"R_73rmQ93Q7Rd36mZ","0"
"476",0.74694078053811,1.58858430226475,"R_88FkXzzd92InUJP","0"
"477",1.11571112980287,1.04369444411897,"R_8crnxAqp8zqKv2V","1"
"478",1.20350712716335,0.858201082369675,"R_8hNT7jXVSBb9qhP","1"
"479",0.84345557496396,1.48183957639139,"R_9ELsKDXdklSgout","0"
"480",0.741091072448403,1.61689849386179,"R_9G4jTq77unMeLkZ","0"
"481",0.861046028215904,1.45260601114857,"R_9Lwbu0dX4GYTTdT","0"
"482",0.803757143182244,1.53034898090906,"R_9MQsh0tELQM4X1T","0"
"483",1.08366181711788,1.09542416704364,"R_9Xgz23SK1HLZnWN","0"
"484",0.992536263974148,1.28688158190265,"R_9XkdSTL43hLrWg1","0"
"485",1.00084943485615,1.27289625465985,"R_9XKo56LagUvx42d","0"
"486",0.817448533735949,1.54136485616019,"R_9Yp1rttWTLA5JjX","0"
"487",1.02851689408223,1.19720976887984,"R_A0evhkLCvzpJ2Jb","0"
"488",1.20846314652159,0.845991097737107,"R_Ab5K7H4yk2GvGPn","1"
"489",0.845491617463637,1.46870306112198,"R_aeM2kI1j8xc8YzT","0"
"490",0.747930754301798,1.58743641400004,"R_AG05TbDyvhvnphD","0"
"491",0.996650891396489,1.26952954174171,"R_AGaw5ajbGRzKpwZ","0"
"492",0.932410655530072,1.34661881492673,"R_BA5f3bgdhMyK6Rz","0"
"493",1.20266077356743,0.864368573821041,"R_bJaH8kg5VUNEozn","1"
"494",0.949969716136723,1.31973752963298,"R_bkklTWAEx4yeNhL","0"
"495",0.833953764145172,1.50431427979562,"R_blT9RFPb7Be5eRr","0"
"496",1.14142256148534,0.983856443392905,"R_bmdU5AFsEXGtKqB","1"
"497",0.989620838596416,1.26224507141856,"R_BremVIKM3Mz3PEJ","0"
"498",0.922852115094781,1.34241995562895,"R_BWhUQvzCcNKa6Fb","0"
"499",1.21617834804991,0.810814813055338,"R_C15NoNUfs7onvvr","1"
"500",0.825216246830215,1.52108843202035,"R_C9p6GTOuQlnneOl","0"
"501",0.910139995847763,1.40353522839672,"R_cBDbI624h84mH4d","0"
"502",0.862548302403842,1.45502495026727,"R_CdHSDDR8IXmD1jr","0"
"503",1.20266077356743,0.864368573821041,"R_Cf4IWwVU2VjiRI5","1"
"504",1.20266077356743,0.864368573821041,"R_cJf9ziUSdIAPBv3","1"
"505",0.894330345674324,1.45697139570008,"R_CjiJQujMse9BbvH","0"
"506",1.20847876595981,0.845943645272397,"R_ctDsV86N4F35z6p","1"
"507",0.984117033109241,1.30201580313956,"R_cumm5I9DifLtTPz","0"
"508",0.895076670727071,1.42822168026839,"R_cUssRwZ7X6KVAKR","0"
"509",1.20266077356743,0.864368573821041,"R_d5Svv8gnZ7XR1PX","1"
"510",0.779546174981427,1.56872242939866,"R_d9Wr6T3DLx5oFd7","0"
"511",1.10126856483374,1.05486721459164,"R_Dk5989wZHXlEzct","1"
"512",0.802596910671077,1.53009681402123,"R_DkR6Ku8TUssOSel","0"
"513",0.833188337452991,1.49235705436731,"R_DNPrKhvZCScA1eV","0"
"514",1.09931390470998,1.07168078238057,"R_Dq0pgiK5mRsKU81","1"
"515",0.943255308845052,1.34343143474065,"R_DSl3zFkJVpw7StX","0"
"516",0.938386382741865,1.32696707145832,"R_DvGNooOqCLbTfUt","0"
"517",1.02405605508298,1.19502987688555,"R_efXCEpWlSglm0g1","0"
"518",1.05289815037142,1.1715560678422,"R_elmKlkvTJ0sBMPf","0"
"519",1.07527784173307,1.1199280437236,"R_eUJ7b0qtFajcHiF","0"
"520",1.01064349349435,1.2699308875876,"R_O6yvEF2xIRQ495D","0"
"521",0.759687332407338,1.57898033543428,"R_Oa2I8oxbxmFJgWd","0"
"522",0.898816075643135,1.39183671959586,"R_OCI2HeR32mrC0fv","0"
"523",0.748035759504568,1.58791706001978,"R_Ojo34qwq19Vpce5","0"
"524",0.949912317529957,1.33742287550016,"R_OwY0BjyA8AlUB3z","0"
"525",0.738095502767748,1.60038804676967,"R_Oy85Q1DqMYq5jlD","0"
"526",0.876420997897667,1.44765065362753,"R_oZRgNtKPISTf8Qh","0"
"527",1.09748183854563,1.10723316152277,"R_PBTyt7WzyZvjzhv","0"
"528",0.969496022085705,1.32159178447986,"R_pbz6lXYpu64Zyut","0"
"529",0.986822021963175,1.27017910646303,"R_pDyGasdoI2EyTa9","0"
"530",0.953927714628472,1.34954531108533,"R_PM2SPU5OqQOPebn","0"
"531",0.895372979874435,1.39040932827,"R_pMXDxYiOWN0mZAB","0"
"532",0.792982131078102,1.52673379860904,"R_PO4Wl2GCAwaZpXr","0"
"533",0.94030743179091,1.33096514320295,"R_pQ3F8eEC2ZsUSs1","0"
"534",0.989620838596416,1.26224507141856,"R_ps0do9IuOyRiWQ1","0"
"535",1.20847876595981,0.845943645272397,"R_qK6xhra0Jo93vON","1"
"536",0.948490975439064,1.34906929337026,"R_qQGtOT7apnfrtvj","0"
"537",0.590393665898597,1.75564044812477,"R_qVCnJhMYPvHRTjz","0"
"538",1.0923391314993,1.11794793892042,"R_RCgfxvMaSTFEMEx","0"
"539",1.17871052040106,0.919427420740198,"R_Re625Ooz0OYFtXb","1"
"540",0.996991703173505,1.24850996300152,"R_RFF8tBoS3es1VRf","0"
"541",1.18125303059601,0.908510770840197,"R_RFtxxKxqDaFLHtT","1"
"542",0.926393632320312,1.38648508867483,"R_Rkm2OIdJcP6tieZ","0"
"543",1.16474897727673,0.935474099078595,"R_RKqHmKR3xJkYtax","1"
"544",0.903686639501466,1.41845126363978,"R_RnnchR9GUfX0ytz","0"
"545",0.872780227778559,1.42890303727828,"R_RrWEqa504IT11n3","0"
"546",0.946171035674749,1.32482739032089,"R_RWADUC9j2nEiRYl","0"
"547",0.840642449230321,1.47451752540187,"R_sA7Re0aES3EZ7vH","0"
"548",1.07805707297613,1.10759605218608,"R_sBWpaqbVldDifhD","0"
"549",1.16443005082443,0.93728946863052,"R_SDftbHpcLbTJRdv","1"
"550",0.990742350953834,1.2788706483097,"R_seaXQMZjWZEuFVv","0"
"551",0.915074521633346,1.39298282025737,"R_sM5369cj2ZAYOsN","0"
"552",0.823809093524462,1.49803885591028,"R_SO7m43ZdxE2ch33","0"
"553",1.11618595170463,1.04344103306554,"R_spYzqIGhHy1QNSV","1"
"554",0.704619644394773,1.62734007333621,"R_stC3dwfSaL6cLBL","0"
"555",1.21574786272237,0.816492196867129,"R_stD5sQvmIeLJCtr","1"
"556",0.969443196490523,1.31697310731854,"R_sYjZgSboOQLexah","0"
"557",1.0783643425123,1.11357873091541,"R_sZ5hFn2aGEar5K1","0"
"558",0.957869922703106,1.35180084112841,"R_sziDyRIyZS2XPAR","0"
"559",1.06080448047622,1.17473196042322,"R_tE6MoKzmZtjFxD3","0"
"560",0.890870689076553,1.39496732121619,"R_TjiLF7QjzZx58Ax","0"
"561",1.20083083867206,0.868144363620506,"R_TnJKPfSngzfmYhj","1"
"562",0.955055499182528,1.29616583264285,"R_ToAwS1lLBvXxWW5","0"
"563",0.962136428960618,1.32232727807297,"R_TowBIbjzMvWm63v","0"
"564",1.0923391314993,1.11794793892042,"R_Tw1ucdf63mW2uel","0"
"565",0.844415355686658,1.47516994465792,"R_tWWP8sTyFYX40tH","0"
"566",1.33977189052047,0.000150929435374469,"R_u2FMkjFxEZa71G9","1"
"567",0.960451108020166,1.3013445815216,"R_udzH4UN1P064VWh","0"
"568",1.20847876595981,0.845943645272397,"R_UfM3vqPCw8zV58l","1"
"569",0.913320865322815,1.38868171720899,"R_ujE7f07IK4OOVxf","0"
"570",1.07174880696857,1.13008044202345,"R_ukdmrVJpeMHneX7","0"
"571",0.605244220297807,1.73056754695591,"R_uwsz0gXGHX7JS5b","0"
"572",0.871950569061149,1.45875681275522,"R_uwVUl5YWIGbnhiF","0"
"573",1.11707037558143,1.03511861673857,"R_vB80xHW2znurhT3","1"
"574",0.760606620652004,1.59152072762766,"R_vHoduaMDXqcc6RP","0"
"575",1.20716078468438,0.849927047979231,"R_vJPYL8Dz1HYmpb3","1"
"576",1.21763379100436,0.786243984036593,"R_vOUVtIULfb961Kp","1"
"577",0.963874859241056,1.32844991279659,"R_vrkRIv7sYwaMm09","0"
"578",1.20266077356743,0.864368573821041,"R_vwBxcGO3XV6CNqx","1"
"579",1.05908117300242,1.16639620093862,"R_w5XWAQ49QLmCWfD","0"
"580",0.905894370653038,1.37204228934156,"R_W9DhX6A0Itwctt7","0"
"581",1.20492764061608,0.857607053158361,"R_Wc9R39yolT7MThT","1"
"582",0.912484991392228,1.40608378298964,"R_WetzP6sCYnlwhs5","0"
"583",0.962697923155473,1.29896689955468,"R_wKMS5f4HdQYL8Zj","0"
"584",0.962136428960618,1.32232727807297,"R_wNNGSTRMiJnLG8h","0"
"585",1.18698745431413,0.883916158394808,"R_xaojQs1GzLg4Tol","1"
"586",0.898538482816367,1.38298605198573,"R_xDcHNv1rrVvbX7H","0"
"587",0.981484491164951,1.2815513765549,"R_xDXbvT4HcZ1WQaB","0"
"588",0.981795626823204,1.28819893616193,"R_xfjqA81JKACqddn","0"
"589",0.672170565242592,1.67697718141201,"R_xhgwIdsmKhptaSZ","0"
"590",0.904437753524315,1.36949302756727,"R_XMrlfKuFlmyYBMd","0"
"591",1.20083083867206,0.868144363620506,"R_XOg10LwL1qoLu25","1"
"592",0.639970832215645,1.70603889124579,"R_xsZKooKsEADYt8d","0"
"593",0.989620838596416,1.26224507141856,"R_XtEy0k8gPjhhQ3f","0"
"594",1.0509539217622,1.18195042554747,"R_Ybr1hoXT0OQo277","0"
"595",0.962858846506023,1.29538871199959,"R_YcCAFctVTYMnngZ","0"
"596",0.841182907297637,1.49123256625001,"R_yEXDxhzyve1juHD","0"
"597",1.20266077356743,0.864368573821041,"R_yHAHJFquMBmsUEh","1"
"598",0.980764057037254,1.29858370343367,"R_yjvkrUjn49WQFHj","0"
"599",0.900836206058355,1.38733980747806,"R_yq3kMo5b5Izad4R","0"
"600",1.15144100408169,0.969950844517291,"R_YVse2xBKz1KBkEF","1"
"601",1.13977811051082,0.986082685426575,"R_Z9rUDwY108FGHgR","1"
"602",0.980047281005734,1.27078165616061,"R_ZDBtgQFafDprwXv","0"
"603",1.17606260055597,0.929124791434274,"R_zdofFPepnmXbyFP","1"
"604",1.06579707792205,1.15369139069046,"R_ZEoQmdhCQs4tl1n","0"
"605",0.779677814455476,1.55128854346107,"R_zf0YMptxHj9kGVX","0"
"606",1.16327476513129,0.958671167102508,"R_ZKQs1KphaxQxIbf","1"
"607",1.19829420581627,0.872973346407836,"R_ZvZNUw4EfkNkyCl","1"
"608",0.990484194731334,1.26950466191843,"R_zZ23lmI7gsSWtLr","0"
"609",0.974983175016746,1.31690866456238,"R_zZhGQuBwm9PKEEh","0"
