"","m","impact.wave1","events.wave1","ee_concerns.wave1","country","impact.wave2","energy_price","percent_energy","gas_price","percent_gas","ee_concerns.wave2","events.wave2","n","ee_concerns.diff","impact.diff"
"1",227471319859444,3,348,4,"Germany",3,2,8,3,NA,2,348922,1,2,0
"2",227471319859447,4,34,5,"Switzerland",3,3,NA,2,15,4,3,1,1,1
"3",227471450945619,3,48,1,"Switzerland",4,2,3,2,5,1,8,1,0,-1
"4",227471450957862,2,4,5,"Switzerland",2,2,50,2,30,4,4822,1,1,0
"5",229166066768913,3,348,4,"Germany",3,2,10,2,15,4,3422,1,0,0
"6",229166066768915,4,4,4,"Germany",4,2,5,2,10,4,20,1,0,0
"7",229166066769952,3,11,4,"Germany",3,2,30,2,15,5,11,1,-1,0
"8",229166066770991,3,48,6,"Germany",4,4,10,4,10,5,20,1,1,-1
"9",229166066770993,3,48,6,"Germany",3,2,50,2,20,5,4,1,1,0
"10",229166066770995,4,3,4,"Germany",3,2,30,2,80,5,204,1,-1,1
"11",229166066770996,2,34,5,"Germany",2,2,20,2,20,6,3204,1,-1,0
"12",229166066772029,5,34,5,"Germany",3,2,53,2,47,6,32148,1,-1,2
"13",229166066772032,2,34,4,"Germany",3,3,NA,3,NA,4,32021422,1,0,-1
"14",229166066774127,4,34,3,"Germany",3,3,NA,2,10,4,320,1,-1,1
"15",229166066775173,4,1,3,"Germany",3,3,NA,3,NA,4,11,1,-1,1
"16",229166066778296,2,34,5,"Germany",3,2,15,2,25,5,3422,1,0,-1
"17",229166066778304,2,34,5,"Germany",2,2,90,2,80,5,32021422,1,0,0
"18",229166066778312,3,48,5,"Germany",3,2,60,3,NA,5,20214822,1,0,0
"19",229166066780393,4,34,3,"Germany",3,3,NA,2,10,5,11,1,-2,1
"20",229166066780404,4,8,5,"Germany",3,2,30,2,30,6,202148,1,-1,1
"21",229166066782222,3,13456,6,"Germany",3,3,NA,2,10,5,132048,1,1,0
"22",229166066786390,4,8,4,"Germany",3,2,15,2,20,6,20214,1,-2,1
"23",229166066788467,4,8,6,"Germany",3,3,NA,3,NA,6,11,1,0,1
"24",229166066788475,4,4,6,"Germany",4,4,12,4,15,6,214,1,0,0
"25",229166066789519,4,11,2,"Germany",4,2,20,2,25,1,1,1,1,0
"26",229166066790561,3,3,4,"Germany",4,3,NA,2,30,5,3,1,-1,-1
"27",229166066792658,1,11,5,"Germany",1,2,50,2,50,6,2022,1,-1,0
"28",229166066799696,4,11,1,"Germany",4,3,NA,3,NA,3,11,1,-2,0
"29",229166066803864,2,348,6,"Germany",4,2,30,2,40,6,32021422,1,0,-2
"30",229166066809875,1,34,6,"Germany",2,3,NA,3,NA,5,822,1,1,-1
"31",229166066809882,3,9,4,"Germany",4,2,30,2,20,4,21,1,0,-1
"32",229166066821130,2,489,5,"Germany",4,2,50,2,30,5,20214922,1,0,-2
"33",229166066823206,4,4,2,"Germany",4,3,NA,3,NA,2,4,1,0,0
"34",229166066831553,4,48,5,"Germany",3,2,40,4,30,5,202148,1,0,1
"35",229166066833642,3,348,4,"Germany",3,2,25,3,NA,5,320214822,1,-1,0
"36",229166416656617,3,48,4,"Switzerland",3,2,25,4,30,3,48,1,1,0
"37",229166416657415,4,2345,4,"Switzerland",4,3,NA,3,NA,5,246,1,-1,0
"38",229166416657657,4,489,5,"Switzerland",3,2,10,2,5,4,148922,1,1,1
"39",229166416658444,3,12345689,2,"Switzerland",3,3,NA,3,NA,2,148922,1,0,0
"40",229166416658456,4,49,4,"Switzerland",3,2,20,2,15,4,34,1,0,1
"41",229166416659499,3,3489,4,"Switzerland",3,2,40,2,80,5,489,1,-1,0
"42",229166416659503,4,5,4,"Switzerland",3,3,NA,4,40,4,5,1,0,1
"43",229166416660547,3,11,4,"Switzerland",3,2,10,2,8,3,4,1,1,0
"44",229166416661577,3,11,5,"Switzerland",3,3,NA,3,NA,6,22,1,-1,0
"45",229166416661595,3,11,4,"Switzerland",4,2,5,2,10,4,11,1,0,-1
"46",229166416662627,4,1346,4,"Switzerland",3,2,30,2,20,4,42210,1,0,1
"47",229166416662637,3,348,5,"Switzerland",3,2,5,2,10,4,11,1,1,0
"48",229166416663673,3,48,4,"Switzerland",3,2,8,2,5,4,4,1,0,0
"49",229166416665772,2,489,5,"Switzerland",3,2,10,2,20,4,8,1,1,-1
"50",229166416665777,3,3,5,"Switzerland",3,2,15,2,25,4,8922,1,1,0
"51",229166416666812,4,11,2,"Switzerland",4,3,NA,3,NA,1,489,1,1,0
"52",229166416667853,3,8,4,"Switzerland",4,2,10,2,15,3,8,1,1,-1
"53",229166416667863,3,8,5,"Switzerland",2,2,10,2,10,5,22,1,0,1
"54",229166416673876,3,48,3,"Switzerland",3,2,25,4,25,4,4822,1,-1,0
"55",229166416689292,3,348,2,"Switzerland",3,3,NA,4,5,3,4,1,-1,0
"56",229242295738445,2,13456,6,"Germany",3,2,18,2,30,6,32149,1,0,-1
"57",229242295738451,3,8,4,"Germany",3,2,10,2,10,4,20,1,0,0
"58",229242295738453,3,348,5,"Germany",4,2,25,2,5,5,2021422,1,0,-1
"59",229242295738457,3,4,5,"Germany",3,3,NA,2,10,4,4822,1,1,0
"60",229242295738458,3,45,4,"Germany",3,2,17,2,14,4,32148,1,0,0
"61",229242295739490,3,348,5,"Germany",2,4,5,4,5,5,3214,1,0,1
"62",229242295740534,3,48,4,"Germany",4,2,50,2,100,4,20,1,0,-1
"63",229242295740540,1,4,4,"Germany",1,2,5,2,5,5,32021422,1,-1,0
"64",229242295741568,4,11,5,"Germany",3,3,NA,3,NA,3,8922,1,2,1
"65",229242295741575,4,4,6,"Germany",3,2,100,2,100,6,22,1,0,1
"66",229242295742617,3,3489,6,"Germany",3,3,NA,3,NA,6,3214,1,0,0
"67",229242295742618,3,11,5,"Germany",3,2,4,3,NA,6,4,1,-1,0
"68",229242295742621,5,2368,5,"Germany",4,2,20,3,NA,6,2069,1,-1,1
"69",229242295743653,3,348,6,"Germany",3,2,100,2,100,6,3214,1,0,0
"70",229242295743656,1,345,6,"Germany",1,2,100,2,55,6,3214,1,0,0
"71",229242295743657,2,48,5,"Germany",1,2,32,2,27,5,21,1,0,1
"72",229242295743670,2,4,6,"Germany",3,2,100,3,NA,3,4,1,3,-1
"73",229242295744695,5,3,5,"Germany",6,3,NA,3,NA,4,21,1,1,-1
"74",229242295744697,3,349,6,"Germany",4,2,6,2,7,6,3202189,1,0,-1
"75",229242295744700,2,348,6,"Germany",1,2,25,2,25,6,32021492210,1,0,1
"76",229242295744711,3,11,5,"Germany",3,3,NA,2,50,5,20214,1,0,0
"77",229242295745745,5,135689,5,"Germany",4,3,NA,3,NA,3,132145689,1,2,1
"78",229242295745754,3,34,4,"Germany",3,2,20,2,10,5,34,1,-1,0
"79",229242295746787,2,48,6,"Germany",3,4,5,4,5,5,202148,1,1,-1
"80",229242295746789,2,348,6,"Germany",1,2,80,2,100,6,348,1,0,1
"81",229242295747839,4,3,4,"Germany",4,2,10,3,NA,4,20,1,0,0
"82",229242295748625,3,34,4,"Germany",2,2,50,2,50,5,2156,1,-1,1
"83",229242295748626,2,34,6,"Germany",3,2,50,2,100,6,32021422,1,0,-1
"84",229242295749654,2,34,5,"Germany",3,2,40,2,40,6,3214,1,-1,-1
"85",229242295749656,2,134,6,"Germany",3,2,10,2,8,6,8,1,0,-1
"86",229242295749665,4,10,3,"Germany",4,3,NA,3,NA,4,10,1,-1,0
"87",229242295750703,2,4,4,"Germany",3,2,25,3,NA,4,11,1,0,-1
"88",229242295750704,3,348,5,"Germany",2,2,5,2,10,6,320214,1,-1,1
"89",229242295750705,4,11,1,"Germany",3,3,NA,3,NA,4,11,1,-3,1
"90",229242295751744,2,4,3,"Germany",1,3,NA,2,70,4,11,1,-1,1
"91",229242295752786,4,11,4,"Germany",4,2,5,3,NA,4,11,1,0,0
"92",229242295752791,3,8,6,"Germany",3,2,14,2,16,5,218,1,1,0
"93",229242295753826,2,3489,6,"Germany",2,4,15,4,30,6,3202148922,1,0,0
"94",229242295753827,3,3456,6,"Germany",3,2,20,2,20,6,3202148922,1,0,0
"95",229242295753830,1,34,1,"Germany",4,2,25,2,20,6,321,1,-5,-3
"96",229242295753832,3,34,2,"Germany",4,2,5,2,5,3,13422,1,-1,-1
"97",229242295753838,1,13459,6,"Germany",1,2,40,4,15,6,21422,1,0,0
"98",229242295753844,3,34,3,"Germany",3,2,20,2,10,4,3214,1,-1,0
"99",229242295754881,4,3,5,"Germany",4,3,NA,2,100,3,32021,1,2,0
"100",229242295754886,4,4,4,"Germany",4,2,14,3,NA,4,4,1,0,0
"101",229242295755912,4,34,4,"Germany",4,2,15,2,33,5,23489,1,-1,0
"102",229242295755913,4,3456,3,"Germany",3,2,10,2,4,3,34,1,0,1
"103",229242295756956,3,349,6,"Germany",3,3,NA,2,90,6,349,1,0,0
"104",229242295758007,1,9,6,"Germany",1,2,80,2,80,6,21,1,0,0
"105",229242295758012,4,11,4,"Germany",3,2,100,2,100,3,11,1,1,1
"106",229242295759045,2,348,6,"Germany",2,3,NA,4,20,6,1320214822,1,0,0
"107",229242295759052,2,34,6,"Germany",3,2,10,2,6,6,34,1,0,-1
"108",229242295760085,3,489,5,"Germany",3,4,20,4,20,6,148,1,-1,0
"109",229242295760097,5,345689,6,"Germany",4,2,25,2,25,4,21422,1,2,1
"110",229242295761139,3,348,4,"Germany",2,4,15,3,NA,4,8,1,0,1
"111",229242295765044,2,4,6,"Germany",2,2,30,2,30,6,21,1,0,0
"112",229242295766083,3,348,4,"Germany",1,3,NA,2,40,3,822,1,1,2
"113",229242295766086,3,349,6,"Germany",3,3,NA,2,5,6,320214922,1,0,0
"114",229242295766090,4,4,4,"Germany",2,2,10,2,40,4,4,1,0,2
"115",229242295766095,1,348,6,"Germany",1,2,20,2,16,6,204822,1,0,0
"116",229242295770258,4,3,5,"Germany",3,2,4,2,4,4,9,1,1,1
"117",229242295770261,1,34,6,"Germany",2,2,20,2,8,4,20214,1,2,-1
"118",229242295771292,5,13,5,"Germany",4,2,50,2,50,4,2,1,1,1
"119",229242295775457,2,3489,6,"Germany",3,2,15,3,NA,5,3489,1,1,-1
"120",229242295779354,2,134,6,"Germany",3,2,50,2,30,6,1321422,1,0,-1
"121",229242295779358,2,4810,6,"Germany",1,4,15,3,NA,6,48,1,0,1
"122",229242295780393,2,34,5,"Germany",1,2,13,2,12,5,3202148,1,0,1
"123",229242295781433,4,4,5,"Germany",4,2,23,3,NA,5,21,1,0,0
"124",229242295784565,2,348,5,"Germany",2,2,60,2,100,6,320214892210,1,-1,0
"125",229242295787687,3,4,5,"Germany",3,2,30,2,30,5,20422,1,0,0
"126",229242295791846,3,35689,5,"Germany",4,3,NA,3,NA,4,345,1,1,-1
"127",229242295796801,3,2,3,"Germany",4,3,NA,2,20,4,4,1,-1,-1
"128",229242295798887,3,34,4,"Germany",2,2,30,3,NA,5,320214,1,-1,1
"129",229242295804087,1,3458,6,"Germany",1,3,NA,3,NA,6,32021422,1,0,0
"130",229242295805140,3,345689,3,"Germany",3,3,NA,3,NA,3,32148,1,0,0
"131",229242295808010,6,1246,6,"Germany",6,3,NA,3,NA,6,13204,1,0,0
"132",229242295810100,3,34,5,"Germany",3,3,NA,2,30,4,2022,1,1,0
"133",229242295811148,3,89,6,"Germany",3,2,10,2,25,6,4822,1,0,0
"134",229242295814258,6,4568,6,"Germany",1,2,65,2,60,6,34,1,0,5
"135",229242295822351,1,348,6,"Germany",1,2,100,4,15,4,3202148,1,2,0
"136",229242295826528,2,12348,6,"Germany",3,2,40,2,40,4,320,1,2,-1
"137",229242295830711,3,3,5,"Germany",5,4,10,4,10,5,235,1,0,-2
"138",229242295831746,3,89,5,"Germany",3,3,NA,3,NA,5,208,1,0,0
"139",229242295833833,4,4,3,"Germany",5,2,30,2,50,4,216,1,-1,-1
"140",229242295835661,1,34,5,"Germany",1,4,8,4,10,6,11,1,-1,0
"141",229242295843984,4,48,3,"Germany",4,4,20,4,20,1,202148,1,2,0
"142",229242295846074,4,11,4,"Germany",4,3,NA,2,20,4,11,1,0,0
"143",229242295846088,3,4,4,"Germany",3,2,5,2,50,5,34,1,-1,0
"144",229242295848169,2,34,6,"Germany",1,3,NA,2,15,6,218,1,0,1
"145",229242295855225,2,348,5,"Germany",3,3,NA,2,50,3,32021422,1,2,-1
"146",229242295860434,1,1348,6,"Germany",1,2,50,2,30,6,48,1,0,0
"147",229242295869566,5,8,5,"Germany",4,2,15,2,20,5,1320215,1,0,1
"148",229242449955882,3,348,6,"Switzerland",3,2,30,2,30,4,11,1,2,0
"149",229242449955883,3,8,5,"Switzerland",3,4,30,3,NA,2,822,1,3,0
"150",229242449956909,2,4,5,"Switzerland",2,2,90,4,52,5,48,1,0,0
"151",229242449956910,3,89,2,"Switzerland",3,3,NA,4,20,1,892210,1,1,0
"152",229242449956912,4,34689,4,"Switzerland",4,2,10,2,20,3,348,1,1,0
"153",229242449956919,4,19,4,"Switzerland",4,3,NA,2,20,5,89,1,-1,0
"154",229242449956920,3,3489,4,"Switzerland",3,2,8,2,15,6,38,1,-2,0
"155",229242449956922,4,48,5,"Switzerland",3,2,30,2,25,6,4,1,-1,1
"156",229242449956923,4,11,4,"Switzerland",3,2,15,2,50,2,822,1,2,1
"157",229242449957957,3,11,3,"Germany",3,2,10,2,10,3,11,1,0,0
"158",229242449957958,3,8,4,"Switzerland",3,2,15,4,10,4,8,1,0,0
"159",229242449957973,3,4689,5,"Switzerland",3,2,25,2,30,4,48922,1,1,0
"160",229242449959012,2,11,1,"Switzerland",4,2,10,2,10,4,22,1,-3,-2
"161",229242449959017,3,348,4,"Switzerland",3,2,20,2,30,5,348,1,-1,0
"162",229242449960046,3,8,5,"Switzerland",4,3,NA,2,30,4,8,1,1,-1
"163",229242449960050,4,468,3,"Switzerland",3,2,5,2,10,4,48,1,-1,1
"164",229242449960052,3,348910,6,"Switzerland",3,2,30,4,10,6,34822,1,0,0
"165",229242449960054,4,11,4,"Switzerland",3,4,5,2,5,3,14,1,1,1
"166",229242449960055,1,48,5,"Switzerland",2,2,15,2,75,4,348,1,1,-1
"167",229242449960057,4,48,5,"Switzerland",3,3,NA,2,70,3,8,1,2,1
"168",229242449960062,3,3489,6,"Switzerland",2,2,10,2,20,5,348922,1,1,1
"169",229242449960063,4,3,4,"Switzerland",4,2,50,2,100,4,3,1,0,0
"170",229242449961107,3,48,4,"Switzerland",3,2,20,2,100,2,48,1,2,0
"171",229242449961110,2,34,6,"Switzerland",2,2,33,2,20,5,4,1,1,0
"172",229242449961111,3,348,5,"Switzerland",3,2,100,4,15,5,4,1,0,0
"173",229242449961112,3,48,4,"Switzerland",3,2,40,2,50,4,482210,1,0,0
"174",229242449962145,4,4,3,"Switzerland",3,2,30,2,50,5,48,1,-2,1
"175",229242449962151,3,489,5,"Switzerland",3,2,10,4,15,4,4822,1,1,0
"176",229242449962154,2,348,4,"Switzerland",3,2,6,2,10,5,34822,1,-1,-1
"177",229242449963187,3,11,5,"Switzerland",2,2,90,2,80,5,4,1,0,1
"178",229242449963203,3,11,1,"Switzerland",1,2,10,2,15,5,4,1,-4,2
"179",229242449964248,3,48,4,"Switzerland",4,2,10,2,5,4,48,1,0,-1
"180",229242449965295,3,10,1,"Switzerland",3,3,NA,2,100,1,10,1,0,0
"181",229242449965297,3,4,4,"Switzerland",4,2,50,3,NA,5,4822,1,-1,-1
"182",229242449966083,4,11,3,"Switzerland",4,2,8,2,12,3,11,1,0,0
"183",229242449966323,4,48,5,"Switzerland",3,2,5,2,10,3,4,1,2,1
"184",229242449966325,3,468,5,"Switzerland",3,2,5,2,8,3,4,1,2,0
"185",229242449966328,2,11,6,"Switzerland",3,2,7,2,5,3,822,1,3,-1
"186",229242449966330,4,810,5,"Switzerland",2,2,11,2,11,3,369,1,2,2
"187",229242449966332,3,48,4,"Switzerland",3,2,15,2,20,3,48,1,1,0
"188",229242449967117,1,11,5,"Switzerland",1,3,NA,3,NA,6,11,1,-1,0
"189",229242449967120,3,11,3,"Switzerland",4,3,NA,3,NA,3,11,1,0,-1
"190",229242449968159,5,3,3,"Switzerland",3,2,50,3,NA,2,4,1,1,2
"191",229242449968175,3,48,3,"Switzerland",3,2,25,2,10,2,34822,1,1,0
"192",229242449969214,2,89,6,"Switzerland",2,2,80,2,100,6,11,1,0,0
"193",229242449969217,4,34568,5,"Switzerland",3,2,3,2,5,5,348,1,0,1
"194",229242449969221,4,34,5,"Switzerland",4,2,5,2,5,4,34,1,1,0
"195",229242449970251,4,34,4,"Switzerland",4,3,NA,2,5,4,1,1,0,0
"196",229242449970265,6,34910,6,"Switzerland",5,2,4,2,15,5,4892210,1,1,1
"197",229242449971308,3,489,3,"Switzerland",3,2,15,2,10,6,34,1,-3,0
"198",229242449971312,4,4,4,"Switzerland",3,2,20,3,NA,3,4,1,1,1
"199",229242449971313,4,34,5,"Switzerland",3,3,NA,3,NA,3,11,1,2,1
"200",229242449972339,3,11,5,"Switzerland",3,2,50,2,10,4,11,1,1,0
"201",229242449974438,2,48,5,"Switzerland",3,3,NA,2,3,5,22,1,0,-1
"202",229242449974445,2,46,5,"Switzerland",1,2,1,2,1,6,8,1,-1,1
"203",229242449975493,4,8,4,"Switzerland",3,2,15,2,10,5,34822,1,-1,1
"204",229242449977582,2,48,4,"Switzerland",3,2,20,4,20,4,34,1,0,-1
"205",229242449979409,3,3,6,"Switzerland",6,3,NA,2,2,6,3,1,0,-3
"206",229242449982547,1,4,6,"Switzerland",2,2,35,2,15,6,4922,1,0,-1
"207",229242449982562,3,48,6,"Switzerland",3,2,20,2,20,6,489,1,0,0
"208",229242450000078,3,48,4,"Switzerland",3,2,20,2,16,4,1348922,1,0,0
"209",229242450000079,4,11,3,"Switzerland",4,3,NA,3,NA,3,11,1,0,0
"210",229242450002154,2,3489,4,"Switzerland",3,2,20,2,20,6,348922,1,-2,-1
"211",229242450002158,4,3489,5,"Germany",4,2,25,2,20,4,48922,1,1,0
"212",229242450002953,2,4,6,"Switzerland",1,2,100,2,0.8,6,346,1,0,1
"213",229242450005039,3,48,5,"Switzerland",3,2,36,2,36,4,48,1,1,0
"214",229242450005063,2,3,3,"Switzerland",4,2,20,2,20,3,3,1,0,-2
"215",229242450008195,4,48,2,"Switzerland",4,3,NA,4,10,3,822,1,-1,0
"216",229242450009233,3,4,4,"Switzerland",3,2,10,2,20,3,3422,1,1,0
"217",229242450013428,3,11,6,"Switzerland",3,2,4,2,4,4,3,1,2,0
"218",229242450014215,3,34810,5,"Switzerland",3,3,NA,3,NA,4,348922,1,1,0
"219",229242450017359,2,3456,6,"Switzerland",3,2,5,2,12,4,822,1,2,-1
"220",229242450019449,4,4,5,"Switzerland",3,2,30,2,30,5,48,1,0,1
"221",229242450025714,3,411,4,"Switzerland",3,2,20,2,3,4,48922,1,0,0
"222",229242450029643,3,348,4,"Switzerland",4,2,60,2,70,5,4822,1,-1,-1
"223",229242450030694,4,4,5,"Switzerland",4,2,12,2,15,5,348,1,0,0
"224",229242450031736,5,14,5,"Germany",5,2,10,2,20,6,134,1,-1,0
"225",229242450035926,2,48,4,"Switzerland",3,2,20,2,30,4,4,1,0,-1
"226",229255657928942,3,49,6,"Germany",3,4,15,4,10,6,202148922,1,0,0
"227",229255657930998,3,48,5,"Germany",3,3,NA,3,NA,5,48,1,0,0
"228",229255657931005,3,8,5,"Germany",4,3,NA,3,NA,4,21,1,1,-1
"229",229255657931781,2,4,6,"Germany",2,2,25,2,100,5,204822,1,1,0
"230",229255657931784,3,8,5,"Germany",3,2,6,2,15,5,204,1,0,0
"231",229255657932820,2,34,5,"Germany",3,3,NA,3,NA,4,320214822,1,1,-1
"232",229255657932824,2,4,6,"Germany",1,4,10,4,20,6,489,1,0,1
"233",229255657932828,3,3489,4,"Germany",3,3,NA,3,NA,5,3202148922,1,-1,0
"234",229255657932836,2,34,6,"Germany",2,2,10,2,15,5,349,1,1,0
"235",229255657933879,3,34,4,"Germany",2,2,60,2,50,5,320214822,1,-1,1
"236",229255657933882,1,36,6,"Germany",3,3,NA,3,NA,3,221,1,3,-2
"237",229255657934918,2,3489,6,"Germany",3,2,13,2,15,6,34,1,0,-1
"238",229255657935968,3,48,5,"Germany",3,2,10,2,40,4,4,1,1,0
"239",229255657936995,1,123456,6,"Germany",2,2,12,2,8,6,11,1,0,-1
"240",229255657936996,3,34,4,"Germany",4,2,10,2,10,4,348,1,0,-1
"241",229255657936997,3,11,2,"Germany",2,3,NA,3,NA,4,11,1,-2,1
"242",229255657937001,2,11,5,"Germany",2,3,NA,2,25,6,11,1,-1,0
"243",229255657938040,3,48,5,"Germany",3,3,NA,3,NA,5,202148,1,0,0
"244",229255657938043,2,348,6,"Germany",2,2,100,3,NA,5,320214822,1,1,0
"245",229255657938050,3,11,5,"Germany",2,3,NA,3,NA,3,11,1,2,1
"246",229255657938053,4,6,3,"Germany",3,2,5,2,10,3,5,1,0,1
"247",229255657939087,3,48,5,"Germany",3,4,20,4,10,5,202148,1,0,0
"248",229255657939091,4,34,3,"Germany",4,2,10,2,15,5,32148,1,-2,0
"249",229255657939099,4,11,2,"Germany",4,3,NA,3,NA,2,11,1,0,0
"250",229255657940124,2,48,6,"Germany",4,2,20,2,50,6,20422,1,0,-2
"251",229255657940131,3,4,4,"Germany",2,2,2,2,10,3,32048,1,1,1
"252",229255657941170,3,11,4,"Germany",2,2,5,2,8,5,11,1,-1,1
"253",229255657942213,3,348,3,"Germany",4,2,10,2,10,4,32048,1,-1,-1
"254",229255657942218,3,34,5,"Germany",3,2,10,2,5,4,3204,1,1,0
"255",229255657942219,3,34,4,"Germany",3,3,NA,2,70,4,32048,1,0,0
"256",229255657944304,3,4,3,"Germany",3,3,NA,3,NA,4,221,1,-1,0
"257",229255657944311,3,11,6,"Germany",3,2,15,2,10,4,11,1,2,0
"258",229255657945095,3,11,5,"Germany",2,2,30,2,50,4,34,1,1,1
"259",229255657946133,2,11,5,"Germany",2,2,20,2,20,3,11,1,2,0
"260",229255657946137,2,34,5,"Germany",2,3,NA,3,NA,5,321,1,0,0
"261",229255657946140,1,489,5,"Germany",2,2,35,2,35,6,89,1,-1,-1
"262",229255657947177,3,3,3,"Germany",3,2,40,2,40,6,214,1,-3,0
"263",229255657947188,3,11,1,"Germany",3,3,NA,2,30,2,11,1,-1,0
"264",229255657949260,2,3489,6,"Germany",2,2,100,2,100,6,3489,1,0,0
"265",229255657950310,2,34,6,"Germany",3,2,50,2,50,5,3422,1,1,-1
"266",229255657951349,3,348,5,"Germany",3,4,15,4,15,5,3202148,1,0,0
"267",229255657952395,2,348,6,"Germany",2,2,80,2,80,6,320214822,1,0,0
"268",229255657957600,3,3,5,"Germany",4,2,10,2,15,3,422,1,2,-1
"269",229255657958647,3,34,5,"Germany",2,2,10,2,15,5,134,1,0,1
"270",229255657959433,3,348,3,"Germany",3,3,NA,3,NA,4,3204822,1,-1,0
"271",229255657962533,3,4689,4,"Germany",3,3,NA,3,NA,4,22146,1,0,0
"272",229255657965656,2,3489,5,"Germany",2,4,20,4,20,4,3204822,1,1,0
"273",229255657966697,1,345689,6,"Germany",2,2,15,2,15,6,320214822,1,0,-1
"274",229255657966698,3,349,3,"Germany",4,3,NA,3,NA,3,3208,1,0,-1
"275",229255657967727,4,11,2,"Germany",6,2,10,2,20,2,3,1,0,-2
"276",229255657970831,1,34568,6,"Germany",1,2,50,2,40,6,32021456922,1,0,0
"277",229255657980998,3,34,4,"Germany",3,3,NA,3,NA,4,11,1,0,0
"278",229255657984114,2,348,6,"Germany",2,2,70,2,60,6,320214822,1,0,0
"279",229255657984125,3,349,4,"Germany",3,2,2,2,3,4,32048,1,0,0
"280",229255657985168,3,4,5,"Germany",3,3,NA,2,20,6,2021,1,-1,0
"281",229255657997387,3,49,4,"Germany",3,2,40,2,20,5,320214,1,-1,0
"282",229255657999471,3,3456,5,"Germany",3,3,NA,3,NA,4,123204522,1,1,0
"283",229255658003638,3,349,6,"Germany",3,2,100,2,100,5,321422,1,1,0
"284",229255658006771,6,3,5,"Germany",3,2,50,2,30,5,2205,1,0,3
"285",229255658008611,5,45,6,"Germany",3,2,8,2,12,4,2089,1,2,2
"286",229255658040397,3,34,5,"Germany",3,2,10,2,10,4,49,1,1,0
"287",229255658041440,3,389,3,"Germany",3,2,5,2,10,1,204822,1,2,0
"288",229255658041449,3,468,4,"Germany",4,3,NA,4,20,4,32021,1,0,-1
"289",229256171549895,3,4,5,"Switzerland",3,3,NA,4,20,4,4,1,1,0
"290",229256171552970,4,38,4,"Switzerland",3,2,18,2,36,5,34,1,-1,1
"291",229256171556050,3,4,5,"Switzerland",3,2,5,2,6,5,22,1,0,0
"292",229256171561183,3,49,1,"Switzerland",3,2,10,2,20,3,48,1,-2,0
"293",229256171564265,3,46,4,"Switzerland",4,2,40,2,30,3,34,1,1,-1
"294",229256171567352,3,4,5,"Switzerland",3,2,25,4,50,6,48,1,-1,0
"295",229256171569156,2,34,6,"Switzerland",2,2,100,2,20,6,34,1,0,0
"296",229256171575321,3,48,5,"Switzerland",3,2,50,3,NA,6,22,1,-1,0
"297",229256171580455,2,9,2,"Switzerland",1,2,15,2,20,6,4892210,1,-4,1
"298",229256171581480,4,348,5,"Switzerland",2,2,10,2,10,5,348922,1,0,2
"299",229256171581482,3,3,5,"Switzerland",3,2,40,2,25,5,34,1,0,0
"300",229256171582508,3,489,3,"Switzerland",3,2,25,2,4,4,48922,1,-1,0
"301",229256171588667,6,2,5,"Switzerland",3,3,NA,3,NA,4,3,1,1,3
"302",229256171601985,3,18,3,"Switzerland",3,3,NA,3,NA,2,138,1,1,0
"303",229256171609167,3,348,2,"Switzerland",3,2,5,2,40,2,348,1,0,0
"304",229256171622503,4,4,6,"Switzerland",3,2,60,3,NA,6,48,1,0,1
"305",229256171627637,3,3,2,"Switzerland",3,3,NA,3,NA,4,24,1,-2,0
"306",229256171630718,3,8,4,"Switzerland",3,2,10,2,10,5,348,1,-1,0
"307",229256171632771,3,4,5,"Switzerland",3,2,6,3,NA,5,11,1,0,0
"308",229256171634821,3,489,5,"Switzerland",3,2,56,2,30,5,422,1,0,0
"309",229256171636877,3,8,5,"Switzerland",3,2,30,2,20,6,822,1,-1,0
"310",229256171643037,4,136,5,"Switzerland",3,2,10,2,10,5,4,1,0,1
"311",229256171644062,3,348,2,"Switzerland",3,2,15,4,45,4,34822,1,-2,0
"312",229256171658438,4,4,5,"Switzerland",3,2,10,2,8,4,348,1,1,1
"313",229256171660490,3,34568,5,"Switzerland",3,2,23,2,20,4,13456822,1,1,0
"314",229256171670763,1,89,6,"Switzerland",1,2,10,3,NA,5,14822,1,1,0
"315",229256171671793,3,348,5,"Switzerland",3,2,30,3,NA,4,348,1,1,0
"316",229256171672827,3,48,5,"Switzerland",3,2,35,2,40,4,4822,1,1,0
"317",229256171673852,4,136,3,"Switzerland",4,3,NA,2,50,3,345,1,0,0
"318",229256171674879,3,48,1,"Switzerland",3,3,NA,3,NA,1,11,1,0,0
"319",229256171675654,3,3,4,"Switzerland",3,3,NA,2,2,3,34,1,1,0
"320",229256171676680,2,4,3,"Switzerland",3,3,NA,3,NA,3,11,1,0,-1
"321",229256171677705,3,48,4,"Switzerland",5,3,NA,2,10,3,8,1,1,-2
"322",229256171686962,4,4,3,"Switzerland",4,3,NA,3,NA,4,11,1,-1,0
"323",229256171696202,3,34,4,"Switzerland",4,3,NA,2,15,5,11,1,-1,-1
"324",229256171697233,4,8,5,"Switzerland",3,2,3,2,3,5,48,1,0,1
"325",229256171701343,4,34,4,"Switzerland",3,2,10,2,30,5,134,1,-1,1
"326",229256171706482,4,11,6,"Switzerland",6,2,10,2,10,6,8,1,0,-2
"327",229256171707512,3,348,4,"Switzerland",3,2,15,2,15,4,48,1,0,0
"328",229256171709564,4,38,3,"Switzerland",4,2,10,3,NA,4,4822,1,-1,0
"329",229256171710589,3,34,5,"Switzerland",3,3,NA,3,NA,4,4,1,1,0
"330",229256171712646,3,348,4,"Switzerland",3,2,4,3,NA,5,8,1,-1,0
"331",229256171715723,3,34,3,"Switzerland",4,2,25,2,30,5,348,1,-2,-1
"332",229256171733167,4,348,2,"Switzerland",3,2,10,2,20,3,8,1,-1,1
"333",229256171741387,3,489,2,"Switzerland",4,3,NA,4,10,1,8922,1,1,-1
"334",229256171742412,3,348,4,"Switzerland",3,2,30,2,50,3,34,1,1,0
"335",229256171743437,3,1345689,3,"Switzerland",4,2,30,3,NA,4,4,1,-1,-1
"336",229256171747545,1,34,6,"Switzerland",1,2,60,2,60,6,34,1,0,0
"337",229256171754731,3,348,4,"Switzerland",3,2,5,2,2,4,4822,1,0,0
"338",229256171770896,1,348,3,"Switzerland",1,2,50,2,50,5,48,1,-2,0
"339",229256171776032,4,34,1,"Switzerland",1,2,40,2,50,5,15,1,-4,3
"340",229256171783216,4,49,4,"Switzerland",4,3,NA,3,NA,5,8922,1,-1,0
"341",229256171785269,4,5,4,"Switzerland",5,3,NA,3,NA,4,36,1,0,-1
"342",229256171818133,3,3489,3,"Switzerland",3,3,NA,2,18,4,48922,1,-1,0
"343",229256171834554,3,348,5,"Switzerland",2,2,10,3,NA,5,348,1,0,1
"344",229256171835582,3,34,5,"Switzerland",3,2,20,2,10,5,3422,1,0,0
"345",229256171858967,3,3,3,"Switzerland",3,3,NA,3,NA,4,1,1,-1,0
"346",229256171870273,3,348,4,"Switzerland",4,2,12,2,8,4,34822,1,0,-1
"347",229256171870274,3,48,4,"Switzerland",3,2,20,2,20,4,8,1,0,0
"348",229256171892884,3,48,4,"Switzerland",5,2,4,2,3,4,4,1,0,-2
"349",229256171900089,4,1348,4,"Switzerland",4,2,10,2,10,2,134,1,2,0
"350",229256171906265,3,3489,5,"Switzerland",3,2,20,2,2,5,348922,1,0,0
"351",229256171907291,3,11,2,"Switzerland",3,2,10,2,5,5,34,1,-3,0
"352",229256171909345,4,4,5,"Switzerland",3,2,45,3,NA,4,5,1,1,1
"353",229256171948130,4,4,2,"Switzerland",3,2,18,2,15,3,4,1,-1,1
"354",229256171950188,1,4568,6,"Switzerland",1,2,20,2,10,6,34522,1,0,0
"355",229256171951214,3,48,4,"Switzerland",3,2,10,2,15,3,4822,1,1,0
"356",229256171951216,3,4,5,"Switzerland",3,3,NA,3,NA,5,1346,1,0,0
"357",229256171956357,6,456,6,"Switzerland",6,2,20,2,10,6,234568922,1,0,0
"358",229256171959445,6,348,5,"Switzerland",5,3,NA,2,10,4,8922,1,1,1
"359",229256171962526,2,8,4,"Switzerland",3,2,30,2,30,5,48922,1,-1,-1
"360",229256171965617,4,12345689,6,"Switzerland",3,3,NA,2,10,1,3689,1,5,1
"361",229256171968702,4,489,2,"Switzerland",4,2,20,2,20,2,11,1,0,0
"362",229256171971794,3,89,5,"Switzerland",3,2,3,2,10,5,34,1,0,0
"363",229256171971796,3,348,3,"Switzerland",3,2,50,2,50,4,4,1,-1,0
"364",229256171972822,2,489,6,"Switzerland",2,2,15,2,15,6,48922,1,0,0
"365",229256171975909,3,38,3,"Switzerland",3,3,NA,2,1,3,3,1,0,0
"366",229256171978998,3,48,4,"Switzerland",4,2,6,2,10,4,348,1,0,-1
"367",229320605934668,2,8,5,"Germany",2,2,40,2,100,6,3202148,1,-1,0
"368",229320605934675,1,489,2,"Germany",3,4,20,4,29,5,489,1,-3,-2
"369",229320605934677,3,489,4,"Germany",3,3,NA,4,5,5,214922,1,-1,0
"370",229320605934680,4,11,5,"Germany",2,3,NA,3,NA,5,21,1,0,2
"371",229320605934683,2,4,6,"Germany",1,2,65,3,NA,6,2142210,1,0,1
"372",229320605935709,2,349,6,"Germany",1,2,100,2,100,6,32149,1,0,1
"373",229320605935711,2,4,3,"Germany",2,2,25,2,22,5,4,1,-2,0
"374",229320605935713,3,3489,6,"Germany",2,2,10,2,12,6,2048922,1,0,1
"375",229320605935718,3,11,4,"Germany",3,3,NA,4,10,4,4,1,0,0
"376",229320605935722,4,3489,4,"Germany",3,2,25,2,30,3,320469,1,1,1
"377",229320605935728,3,348,5,"Germany",3,2,50,2,80,4,321489,1,1,0
"378",229320605936754,2,48,5,"Germany",2,2,30,2,30,5,48,1,0,0
"379",229320605936759,3,3489,5,"Germany",2,3,NA,4,30,4,3204,1,1,1
"380",229320605936763,2,348,5,"Germany",3,2,30,3,NA,5,3204,1,0,-1
"381",229320605936769,2,1348,6,"Germany",1,2,100,2,70,6,13202148922,1,0,1
"382",229320605936770,1,34,6,"Germany",1,2,100,2,100,6,34,1,0,0
"383",229320605937798,3,34,5,"Germany",3,2,25,2,20,5,320214,1,0,0
"384",229320605937800,4,11,2,"Germany",3,2,3,2,2,5,11,1,-3,1
"385",229320605937806,3,348,6,"Germany",3,2,4,2,4,6,34,1,0,0
"386",229320605937812,4,11,2,"Germany",1,4,10,4,10,1,11,1,1,3
"387",229320605937813,3,3458,5,"Germany",3,3,NA,3,NA,4,20218922,1,1,0
"388",229320605938843,2,49,5,"Germany",3,3,NA,2,2,4,2021,1,1,-1
"389",229320605938844,3,3,4,"Germany",3,2,50,2,20,4,48,1,0,0
"390",229320605938847,2,4,6,"Germany",1,2,15,2,20,6,4,1,0,1
"391",229320605938852,3,348,4,"Germany",4,2,40,2,40,6,320214822,1,-2,-1
"392",229320605938856,3,11,2,"Germany",3,3,NA,3,NA,3,202148,1,-1,0
"393",229320605939886,3,34,4,"Germany",4,2,23,2,27,3,321489,1,1,-1
"394",229320605939889,4,348,3,"Germany",4,2,30,2,40,2,48,1,1,0
"395",229320605939896,3,4,3,"Germany",3,2,50,2,20,4,214,1,-1,0
"396",229320605940933,5,3,6,"Germany",5,2,18,2,20,3,221,1,3,0
"397",229320605940935,1,34,6,"Germany",3,2,60,2,10,6,348,1,0,-2
"398",229320605940944,3,3,5,"Germany",3,3,NA,3,NA,4,3202148,1,1,0
"399",229320605941974,3,349,6,"Germany",3,2,90,2,90,4,2148922,1,2,0
"400",229320605941975,1,34,6,"Germany",1,2,35,4,30,6,21,1,0,0
"401",229320605941978,3,11,4,"Germany",3,2,25,2,50,4,2022,1,0,0
"402",229320605941980,6,346,2,"Germany",5,2,10,2,10,2,235,1,0,1
"403",229320605943020,2,348,6,"Germany",1,2,1,2,1,6,13204822,1,0,1
"404",229320605943021,4,3,3,"Germany",3,2,50,2,50,4,321,1,-1,1
"405",229320605943809,2,34,4,"Germany",3,3,NA,3,NA,3,11,1,1,-1
"406",229320605943811,3,4,4,"Germany",3,2,20,2,10,3,11,1,1,0
"407",229320605943813,2,2,6,"Germany",4,2,50,2,50,4,18,1,2,-2
"408",229320605944060,4,2358,3,"Germany",4,2,30,3,NA,4,22158,1,-1,0
"409",229320605944858,3,89,6,"Germany",3,4,20,4,40,4,2148922,1,2,0
"410",229320605945900,4,348,3,"Germany",3,2,100,4,100,3,11,1,0,1
"411",229320605945902,1,48,6,"Germany",1,2,100,2,100,5,4822,1,1,0
"412",229320605945910,3,34,5,"Germany",4,2,7,2,5,4,218,1,1,-1
"413",229320605946949,2,11,6,"Germany",1,4,5,4,5,6,20214,1,0,1
"414",229320605946953,4,11,3,"Germany",4,2,20,2,20,3,11,1,0,0
"415",229320605946954,4,5,5,"Germany",5,3,NA,3,NA,4,3489,1,1,-1
"416",229320605947997,2,11,6,"Germany",1,2,50,2,40,6,11,1,0,1
"417",229320605949033,4,48,5,"Germany",3,2,10,2,5,5,34822,1,0,1
"418",229320605949036,1,489,6,"Germany",3,2,10,3,NA,6,11,1,0,-2
"419",229320605949038,3,4,6,"Germany",2,3,NA,2,7,5,3202148,1,1,1
"420",229320605949040,3,11,5,"Germany",3,2,20,2,7,6,11,1,-1,0
"421",229320605950073,3,4,6,"Germany",4,4,10,4,30,5,2148,1,1,-1
"422",229320605950078,3,489,5,"Germany",3,4,25,4,10,4,34,1,1,0
"423",229320605950083,4,34,4,"Germany",3,2,7,2,5,5,320,1,-1,1
"424",229320605951130,4,236,4,"Germany",5,2,20,2,30,4,32056,1,0,-1
"425",229320605952170,1,34,5,"Germany",1,2,10,2,5,6,4,1,-1,0
"426",229320605953205,2,489,6,"Germany",1,2,20,2,20,6,3489,1,0,1
"427",229320605953210,3,11,3,"Germany",3,2,40,2,30,3,21,1,0,0
"428",229320605953211,4,11,1,"Germany",4,3,NA,3,NA,1,11,1,0,0
"429",229320605953219,3,389,6,"Germany",3,2,45,2,38,6,320214822,1,0,0
"430",229320605954250,4,48,5,"Germany",3,2,25,2,25,5,2048,1,0,1
"431",229320605954251,1,134,6,"Germany",3,2,15,2,20,6,4,1,0,-2
"432",229320605955296,1,4,5,"Germany",1,3,NA,2,25,6,4822,1,-1,0
"433",229320605955306,4,11,5,"Germany",3,2,8,2,8,6,20922,1,-1,1
"434",229320605956334,5,256,4,"Germany",4,3,NA,2,24,4,32148,1,0,1
"435",229320605957121,3,458,3,"Germany",4,3,NA,3,NA,3,468,1,0,-1
"436",229320605957128,2,1,3,"Germany",4,2,20,2,20,4,18,1,-1,-2
"437",229320605958179,2,34,6,"Germany",1,2,60,2,50,6,4,1,0,1
"438",229320605958180,3,48,5,"Germany",3,2,5,2,10,5,4822,1,0,0
"439",229320605958184,4,26,4,"Germany",4,2,22,3,NA,4,320,1,0,0
"440",229320605959210,1,34,6,"Germany",1,2,30,2,50,6,422,1,0,0
"441",229320605959214,4,5,4,"Germany",3,3,NA,3,NA,4,205,1,0,1
"442",229320605959217,3,24,4,"Germany",5,3,NA,2,8,5,3215,1,-1,-2
"443",229320605959221,3,2,3,"Germany",4,2,3,2,5,4,3,1,-1,-1
"444",229320605960253,4,35,4,"Germany",4,2,45,3,NA,4,3216,1,0,0
"445",229320605962358,1,348,6,"Germany",1,2,20,2,20,5,32049,1,1,0
"446",229320605963391,5,345,2,"Switzerland",2,2,33,2,25,6,34,1,-4,3
"447",229320605963392,2,4,4,"Germany",4,2,30,2,30,4,248,1,0,-2
"448",229320605966522,3,12345689,6,"Germany",2,2,30,2,30,4,32021468,1,2,1
"449",229320605966524,4,4,3,"Germany",3,2,20,2,25,3,4,1,0,1
"450",229320605966526,1,34,6,"Germany",1,2,100,2,100,6,3,1,0,0
"451",229320605966533,1,4,5,"Germany",3,2,20,2,100,6,4,1,-1,-2
"452",229320605968605,3,11,3,"Germany",4,3,NA,3,NA,3,3,1,0,-1
"453",229320605969647,4,11,4,"Germany",6,2,15,2,20,4,20,1,0,-2
"454",229320605970432,4,345689,6,"Germany",3,2,60,2,100,6,3202148922,1,0,1
"455",229320605970439,3,3468,5,"Germany",4,2,10,2,15,5,11,1,0,-1
"456",229320605973564,3,348,6,"Germany",3,4,5,4,15,5,32021422,1,1,0
"457",229320605974599,2,348,5,"Germany",3,3,NA,2,5,4,34,1,1,-1
"458",229320605975640,3,34,5,"Germany",3,3,NA,2,10,4,11,1,1,0
"459",229320605975643,6,34,6,"Germany",1,2,12,2,15,6,214,1,0,5
"460",229320605976689,2,348,6,"Germany",3,2,100,2,100,5,3202148,1,1,-1
"461",229320605977723,2,349,6,"Germany",3,2,80,2,100,4,34,1,2,-1
"462",229320605977725,4,2,4,"Germany",4,3,NA,4,5,3,21,1,1,0
"463",229320605982944,2,34,6,"Germany",3,2,30,2,10,5,349,1,1,-1
"464",229320605982947,2,56,5,"Germany",5,2,30,2,50,3,4,1,2,-3
"465",229320605988949,3,4,4,"Germany",3,2,10,2,10,3,11,1,1,0
"466",229320605989990,3,48,5,"Germany",3,2,50,4,50,5,48,1,0,0
"467",229320605993125,3,349,6,"Germany",3,3,NA,3,NA,6,2021822,1,0,0
"468",229320605993135,2,348,6,"Germany",3,3,NA,2,10,6,922,1,0,-1
"469",229320605995208,5,35,5,"Germany",5,3,NA,2,10,5,215,1,0,0
"470",229320605999129,2,49,5,"Germany",3,2,20,2,50,6,320214,1,-1,-1
"471",229320606000189,2,48,5,"Germany",3,2,50,2,15,4,214822,1,1,-1
"472",229320606005406,3,34,6,"Germany",2,3,NA,3,NA,6,320214,1,0,1
"473",229320606006452,1,1,6,"Germany",1,2,5,2,15,6,134,1,0,0
"474",229320606007481,4,348,4,"Germany",4,3,NA,2,20,3,8,1,1,0
"475",229320606011397,3,348,4,"Germany",3,2,10,2,10,4,202148,1,0,0
"476",229320606018720,2,3459,5,"Germany",3,2,20,2,20,2,32048922,1,3,-1
"477",229320606027862,3,48,4,"Germany",4,2,30,2,30,5,204,1,-1,-1
"478",229320606034124,3,489,5,"Germany",3,2,27,2,38,4,234,1,1,0
"479",229320606050328,3,2458,3,"Germany",4,2,15,2,10,4,132156,1,-1,-1
"480",229320606061811,2,4,4,"Germany",3,2,15,2,25,2,4,1,2,-1
"481",229320606066792,4,134689,4,"Germany",3,3,NA,3,NA,2,20,1,2,1
"482",229320606067831,3,348,6,"Germany",3,2,20,2,15,4,34,1,2,0
"483",229320606074103,3,489,4,"Germany",3,4,6,3,NA,4,20422,1,0,0
"484",229320606075132,3,48,6,"Germany",3,2,20,3,NA,4,11,1,2,0
"485",229320606076969,3,48,4,"Germany",3,2,15,2,10,5,4810,1,-1,0
"486",229320606076978,5,3,6,"Germany",6,2,50,2,60,6,20469,1,0,-1
"487",229320606079057,6,34,6,"Germany",6,2,50,2,50,4,248,1,2,0
"488",229320606084260,2,1389,5,"Germany",3,2,30,2,40,5,1208,1,0,-1
"489",229320606084261,3,6,6,"Germany",1,2,30,2,35,5,1011,1,1,2
"490",229321437507604,4,11,5,"Switzerland",2,3,NA,3,NA,5,11,1,0,2
"491",229321437509656,3,8,4,"Switzerland",3,2,10,2,10,3,892210,1,1,0
"492",229321437514789,3,348,1,"Switzerland",2,2,75,4,20,6,4822,1,-5,1
"493",229321437515815,2,489,6,"Switzerland",3,2,40,2,6,6,48922,1,0,-1
"494",229321437541463,2,1,2,"Switzerland",2,2,20,2,20,1,34,1,1,0
"495",229321437542488,2,11,5,"Switzerland",3,3,NA,2,10,5,810,1,0,-1
"496",229321437546594,4,349,5,"Switzerland",3,2,20,2,15,5,3489,1,0,1
"497",229321437547620,3,11,1,"Switzerland",3,3,NA,3,NA,1,11,1,0,0
"498",229321437554799,3,11,3,"Switzerland",3,4,1.5,4,2,4,4,1,-1,0
"499",229321437563003,5,26,5,"Germany",2,2,5,2,10,5,36,1,0,3
"500",229321437575305,3,8,3,"Switzerland",3,3,NA,3,NA,6,8,1,-3,0
"501",229321437583507,3,34,4,"Switzerland",3,2,30,2,50,4,49,1,0,0
"502",229321437584534,4,1,6,"Switzerland",6,3,NA,2,7,1,8,1,5,-2
"503",229321437593760,1,568,5,"Switzerland",4,2,18,2,20,6,22,1,-1,-3
"504",229321437639901,2,8,5,"Switzerland",3,4,10,4,10,4,22,1,1,-1
"505",229321437668352,4,3,4,"Switzerland",4,2,70,3,NA,6,11,1,-2,0
"506",229321437670402,3,348,4,"Switzerland",4,2,10,4,5,3,4822,1,1,-1
"507",229321437677579,1,4,6,"Switzerland",1,2,100,2,100,6,48,1,0,0
"508",229321437681681,4,346,5,"Switzerland",5,2,25,2,15,3,348,1,2,-1
"509",229321437693984,3,11,5,"Switzerland",3,2,20,3,NA,5,4822,1,0,0
"510",229321437701161,6,11,6,"Switzerland",1,2,12,2,25,6,11,1,0,5
"511",229321437702186,3,48,5,"Switzerland",3,3,NA,3,NA,4,48,1,1,0
"512",229321437719617,3,3468,5,"Switzerland",3,2,2,2,5,4,34,1,1,0
"513",229321437737054,3,4,4,"Switzerland",3,2,8,3,NA,4,8,1,0,0
"514",229321437739104,3,48,4,"Switzerland",4,2,30,4,10,4,48,1,0,-1
"515",229321437752435,4,4,4,"Switzerland",3,3,NA,2,5,4,4,1,0,1
"516",229321437755510,2,89,5,"Switzerland",2,2,25,2,15,5,4,1,0,0
"517",229321437758588,4,5,4,"Switzerland",4,2,33,2,25,3,345,1,1,0
"518",229321437762688,4,11,4,"Switzerland",3,2,20,2,13,4,8,1,0,1
"519",229321437763714,4,4,5,"Switzerland",3,2,80,2,50,5,4922,1,0,1
"520",229321437768842,4,8910,5,"Switzerland",4,2,10,3,NA,5,482210,1,0,0
"521",229321437798583,1,4,6,"Switzerland",1,2,12,2,12,6,4,1,0,0
"522",229321437839597,3,8,4,"Switzerland",3,2,30,2,30,5,48922,1,-1,0
"523",229321437858830,4,4,3,"Switzerland",3,3,NA,2,10,3,8,1,0,1
"524",229321437877282,3,34,4,"Switzerland",4,2,20,3,NA,3,3,1,1,-1
"525",229321437898807,1,4,6,"Switzerland",1,4,2,3,NA,6,48922,1,0,0
"526",229321437909061,3,4,3,"Switzerland",4,2,10,3,NA,4,35,1,-1,-1
"527",229321437918290,3,38,6,"Switzerland",5,3,NA,4,23,5,4,1,1,-2
"528",229321437921368,5,23,3,"Switzerland",4,2,5,2,10,3,38,1,0,1
"529",229321437924445,4,349,4,"Switzerland",5,2,4,2,5,4,39,1,0,-1
"530",229321437924448,3,348,2,"Switzerland",3,3,NA,2,20,2,822,1,0,0
"531",229321437941882,3,348,5,"Switzerland",3,2,3,2,3,5,34,1,0,0
"532",229321437993153,4,8,4,"Switzerland",3,2,7,3,NA,4,822,1,0,1
"533",229321437994179,2,48,6,"Switzerland",2,2,10,2,5,6,348,1,0,0
"534",229321438035199,5,48,5,"Switzerland",3,2,15,2,15,5,8,1,0,2
"535",229321438062642,3,11,5,"Switzerland",4,2,10,2,15,5,6922,1,0,-1
"536",229321438072898,4,3456,4,"Switzerland",4,2,6,2,5,4,48,1,0,0
"537",229321438075977,3,1346,5,"Switzerland",4,2,25,2,20,4,36,1,1,-1
"538",229321438092389,4,34,4,"Switzerland",4,2,10,2,10,4,4,1,0,0
"539",229321438098546,4,348,2,"Switzerland",3,2,20,2,15,3,48,1,-1,1
"540",229321438104706,4,489,6,"Switzerland",4,2,5,2,8,5,22,1,1,0
"541",229321438117027,2,24,3,"Switzerland",3,2,28,2,20,3,46,1,0,-1
"542",229321438125234,3,4,4,"Switzerland",3,2,5,2,10,4,348,1,0,0
"543",229321438136512,1,348,6,"Switzerland",2,3,NA,4,1,6,3482210,1,0,-1
"544",229321438155991,3,34,4,"Switzerland",1,2,30,2,50,6,11,1,-2,2
"545",229321438159066,4,148,2,"Switzerland",3,2,4,3,NA,4,4822,1,-2,1
"546",229321438161117,3,48,4,"Switzerland",3,2,3,2,4,4,34822,1,0,0
"547",229321438164192,3,8,4,"Switzerland",3,3,NA,3,NA,2,18,1,2,0
"548",229321438195740,5,34,4,"Switzerland",5,2,33,2,57,2,8,1,2,0
"549",229321438210114,3,46,5,"Switzerland",3,2,20,2,10,5,34622,1,0,0
"550",229321438222424,4,34,4,"Switzerland",1,2,12,2,7,6,34,1,-2,3
"551",229321438238833,3,6,5,"Switzerland",2,3,NA,3,NA,4,46,1,1,1
"552",229321438243967,1,13410,5,"Switzerland",1,2,10,3,NA,6,134822,1,-1,0
"553",229321438246018,2,6,6,"Switzerland",3,2,10,2,8,5,22,1,1,-1
"554",229321438287057,2,348,6,"Switzerland",3,2,22,2,30,6,48,1,0,-1
"555",229321438289110,3,9,5,"Switzerland",4,2,5,2,10,6,22,1,-1,-1
"556",229321438291162,4,4,6,"Switzerland",3,2,30,2,40,5,4568,1,1,1
"557",229321438291163,1,134,6,"Switzerland",3,2,5,2,10,6,8,1,0,-2
"558",229321438308354,3,4,5,"Switzerland",2,2,10,2,15,6,14,1,-1,1
"559",229321438308355,2,11,5,"Switzerland",3,2,10,2,10,3,11,1,2,-1
"560",229321438312457,3,3468,4,"Switzerland",4,2,15,2,30,4,35,1,0,-1
"561",229321438315541,2,8,4,"Switzerland",3,2,8,2,7,5,39,1,-1,-1
"562",229321438330936,3,389,4,"Switzerland",3,3,NA,2,5,3,38922,1,1,0
"563",229321438343251,3,48,4,"Switzerland",3,2,5,2,15,3,48,1,1,0
"564",229321438357604,5,3489,6,"Switzerland",4,2,26,2,28,6,348922,1,0,1
"565",229321438363760,3,3456810,4,"Switzerland",3,2,5,3,NA,5,34822,1,-1,0
"566",229321438376071,3,345689,5,"Switzerland",4,3,NA,3,NA,6,2822,1,-1,-1
"567",229321438387356,3,345689,2,"Switzerland",3,2,6,2,5,4,34,1,-2,0
"568",229321438399669,5,2,5,"Switzerland",6,2,10,2,20,5,89,1,0,-1
"569",229321438413008,3,4,6,"Switzerland",3,3,NA,3,NA,3,3,1,3,0
"570",229409893551190,2,48,6,"Germany",2,2,30,2,60,6,20214,1,0,0
"571",229409893551191,3,4,5,"Germany",3,3,NA,3,NA,5,2021,1,0,0
"572",229409893551197,2,48,5,"Germany",5,3,NA,4,20,5,20214822,1,0,-3
"573",229409893551200,3,34,6,"Germany",2,2,8,2,8,3,34822,1,3,1
"574",229409893551202,4,8,2,"Germany",3,2,10,3,NA,2,20214,1,0,1
"575",229409893552235,3,48,4,"Germany",3,2,20,2,30,3,204,1,1,0
"576",229409893552237,3,11,5,"Germany",3,4,10,4,10,4,11,1,1,0
"577",229409893552239,3,348,6,"Germany",3,3,NA,4,70,6,348,1,0,0
"578",229409893553280,4,11,4,"Germany",3,2,30,2,25,4,320214,1,0,1
"579",229409893553285,4,4,4,"Germany",3,2,30,2,40,2,20214,1,2,1
"580",229409893554317,2,3489,4,"Germany",2,2,5,2,2,6,34,1,-2,0
"581",229409893554327,4,4,4,"Germany",4,2,10,4,20,2,4,1,2,0
"582",229409893554332,3,348,4,"Germany",3,4,5,3,NA,3,3489,1,1,0
"583",229409893555364,3,34,1,"Germany",3,3,NA,2,5,2,320214,1,-1,0
"584",229409893555368,3,3489,3,"Germany",4,3,NA,4,10,6,348922,1,-3,-1
"585",229409893555379,3,34,5,"Germany",3,4,25,4,13,4,32021489,1,1,0
"586",229409893556406,3,348,6,"Germany",2,2,30,2,30,6,320214822,1,0,1
"587",229409893556407,3,3489,4,"Germany",4,4,2,3,NA,3,20214,1,1,-1
"588",229409893556409,3,348,4,"Germany",2,2,50,2,30,6,320214822,1,-2,1
"589",229409893556412,4,34,2,"Germany",4,3,NA,3,NA,2,11,1,0,0
"590",229409893556414,3,3489,5,"Germany",3,3,NA,4,20,4,32021489,1,1,0
"591",229409893556415,2,348,5,"Germany",3,2,10,2,15,5,48,1,0,-1
"592",229409893557466,3,18,6,"Germany",2,3,NA,3,NA,4,22,1,2,1
"593",229409893558495,3,48,4,"Germany",3,2,75,3,NA,4,2048,1,0,0
"594",229409893558497,3,489,6,"Germany",3,2,80,2,60,6,20214822,1,0,0
"595",229409893558499,1,349,6,"Germany",1,2,15,2,25,6,3202148,1,0,0
"596",229409893558502,4,348,5,"Germany",4,4,20,4,20,1,20218,1,4,0
"597",229409893558508,3,4,6,"Germany",3,2,8,3,NA,6,4,1,0,0
"598",229409893558511,3,49,5,"Germany",3,4,100,4,100,5,4,1,0,0
"599",229409893559298,2,48,6,"Germany",2,2,10,4,5,6,202148,1,0,0
"600",229409893559543,4,1,4,"Germany",3,3,NA,3,NA,2,389,1,2,1
"601",229409893559548,3,34,4,"Germany",3,4,10,3,NA,3,3202148,1,1,0
"602",229409893560326,3,25,5,"Germany",3,2,40,2,25,5,36,1,0,0
"603",229409893560330,3,34,5,"Germany",3,2,10,2,10,6,3204822,1,-1,0
"604",229409893560343,1,34,5,"Germany",2,2,30,2,20,6,34,1,-1,-1
"605",229409893561373,2,34,6,"Germany",3,3,NA,2,20,6,32021422,1,0,-1
"606",229409893561379,2,48,6,"Germany",2,2,8,2,12,6,2048,1,0,0
"607",229409893561380,6,469,5,"Germany",6,3,NA,3,NA,5,13,1,0,0
"608",229409893561381,3,34,5,"Germany",3,2,30,2,70,5,320214,1,0,0
"609",229409893562421,1,38,6,"Germany",1,2,20,2,39,6,32021422,1,0,0
"610",229409893562422,3,8,3,"Germany",3,4,10,4,10,1,21822,1,2,0
"611",229409893563457,2,4,6,"Germany",2,4,8,3,NA,6,11,1,0,0
"612",229409893563459,3,134,4,"Germany",4,3,NA,2,20,5,11,1,-1,-1
"613",229409893563467,2,348,6,"Germany",3,3,NA,2,30,4,48,1,2,-1
"614",229409893563468,3,11,4,"Germany",3,3,NA,3,NA,4,11,1,0,0
"615",229409893563472,3,11,2,"Germany",4,2,8,4,10,2,11,1,0,-1
"616",229409893565554,3,349,4,"Germany",4,2,10,3,NA,4,3204,1,0,-1
"617",229409893565555,3,1348,5,"Germany",3,3,NA,3,NA,5,13214822,1,0,0
"618",229409893566597,3,348,3,"Germany",3,2,25,2,40,3,13214822,1,0,0
"619",229409893566606,3,10,6,"Germany",4,3,NA,4,0,6,2021410,1,0,-1
"620",229409893567636,3,3489,6,"Germany",3,4,8,4,10,6,320214822,1,0,0
"621",229409893567644,4,3456,5,"Germany",3,2,20,2,15,5,3422,1,0,1
"622",229409893567652,2,348,5,"Germany",2,2,70,2,100,5,320214,1,0,0
"623",229409893567654,3,4,1,"Germany",3,2,20,2,15,4,4,1,-3,0
"624",229409893568680,4,4,3,"Germany",4,2,20,2,25,2,4,1,1,0
"625",229409893568695,3,348,6,"Germany",3,2,30,2,60,4,2148922,1,2,0
"626",229409893569726,3,89,3,"Germany",3,2,25,2,25,3,34,1,0,0
"627",229409893570762,4,348,5,"Germany",4,2,25,2,30,4,21,1,1,0
"628",229409893570765,3,36,6,"Germany",3,2,25,2,25,5,32048,1,1,0
"629",229409893570768,1,34,6,"Germany",1,2,50,2,50,6,134,1,0,0
"630",229409893570773,3,34,6,"Germany",4,2,12,2,25,6,32021422,1,0,-1
"631",229409893571803,3,34,4,"Germany",2,2,60,2,60,6,32021489,1,-2,1
"632",229409893571805,3,3489,6,"Germany",3,4,8,4,7.9,6,349,1,0,0
"633",229409893571809,4,38,4,"Germany",4,3,NA,3,NA,4,21,1,0,0
"634",229409893571812,2,34,5,"Germany",2,3,NA,3,NA,6,32021489,1,-1,0
"635",229409893572842,2,4,1,"Germany",2,2,60,2,60,1,2021422,1,0,0
"636",229409893572855,4,348,5,"Germany",3,2,20,2,15,5,320214822,1,0,1
"637",229409893573634,4,11,5,"Germany",3,2,40,2,40,5,34,1,0,1
"638",229409893573885,1,11,6,"Germany",1,2,20,2,10,6,422,1,0,0
"639",229409893573887,3,8,5,"Germany",3,2,30,2,30,6,4,1,-1,0
"640",229409893574672,3,348,6,"Germany",3,2,100,2,100,6,3204822,1,0,0
"641",229409893574678,2,348,6,"Germany",2,2,50,2,50,5,32148,1,1,0
"642",229409893574680,3,3,3,"Germany",3,3,NA,3,NA,3,49,1,0,0
"643",229409893574681,2,349,6,"Germany",1,4,20,4,30,6,3202148,1,0,1
"644",229409893574684,3,38,3,"Germany",3,2,25,3,NA,3,202148,1,0,0
"645",229409893575711,4,4,5,"Germany",3,2,25,2,20,6,8,1,-1,1
"646",229409893575713,3,348,6,"Germany",3,2,20,2,20,5,9,1,1,0
"647",229409893575717,4,11,4,"Germany",5,4,5,3,NA,1,11,1,3,-1
"648",229409893576757,3,489,5,"Germany",2,2,15,2,20,6,2149,1,-1,1
"649",229409893576768,3,4,4,"Germany",3,3,NA,4,50,2,4,1,2,0
"650",229409893577796,2,349,6,"Germany",1,2,4,2,3,6,320214822,1,0,1
"651",229409893578856,2,34,5,"Germany",2,2,15,2,20,4,320489,1,1,0
"652",229409893578858,1,4,6,"Germany",1,2,100,2,100,6,11,1,0,0
"653",229409893579884,3,348,5,"Germany",3,2,100,2,100,3,32148,1,2,0
"654",229409893579886,3,3489,5,"Germany",3,3,NA,3,NA,5,34822,1,0,0
"655",229409893579891,3,34,3,"Germany",3,2,15,2,15,3,34,1,0,0
"656",229409893579895,3,349,6,"Germany",3,4,30,4,20,6,320214822,1,0,0
"657",229409893579901,3,39,6,"Germany",2,2,15,2,10,6,3202148922,1,0,1
"658",229409893580933,4,48,4,"Germany",3,2,5,3,NA,2,22,1,2,1
"659",229409893580935,5,8,5,"Germany",4,3,NA,2,15,2,202122,1,3,1
"660",229409893580937,3,4,4,"Germany",3,2,50,2,50,5,422,1,-1,0
"661",229409893580943,2,34,4,"Germany",3,2,50,2,35,5,320214,1,-1,-1
"662",229409893580944,4,8,6,"Germany",3,2,20,2,30,5,320214,1,1,1
"663",229409893581983,1,34,6,"Germany",2,2,100,2,50,6,34,1,0,-1
"664",229409893581988,3,49,5,"Germany",3,2,100,2,80,5,2048922,1,0,0
"665",229409893583024,3,3489,4,"Germany",3,3,NA,3,NA,3,320214822,1,1,0
"666",229409893583029,2,348,6,"Germany",3,2,15,3,NA,6,422,1,0,-1
"667",229409893584063,1,1234,6,"Germany",2,3,NA,3,NA,6,489,1,0,-1
"668",229409893584066,3,48,5,"Germany",3,3,NA,3,NA,4,4822,1,1,0
"669",229409893585116,2,34,5,"Germany",3,2,25,2,40,4,208922,1,1,-1
"670",229409893586946,3,34,3,"Germany",4,2,30,2,40,1,34,1,2,-1
"671",229409893587191,3,348,4,"Germany",3,2,50,2,50,5,320214,1,-1,0
"672",229409893587194,4,34,4,"Germany",4,2,100,2,100,6,32148,1,-2,0
"673",229409893587973,3,4,4,"Germany",3,2,50,2,50,5,4,1,-1,0
"674",229409893587987,3,8,3,"Germany",4,2,7,3,NA,4,11,1,-1,-1
"675",229409893589020,2,489,6,"Germany",2,2,5,2,10,6,202148922,1,0,0
"676",229409893589022,1,123456,6,"Germany",1,2,45,2,45,6,3,1,0,0
"677",229409893589023,3,48,6,"Germany",3,3,NA,3,NA,4,3214892210,1,2,0
"678",229409893589029,3,11,5,"Germany",3,2,10,2,15,4,11,1,1,0
"679",229409893590059,3,49,6,"Germany",3,3,NA,2,80,5,20492210,1,1,0
"680",229409893590061,3,11,3,"Germany",3,3,NA,3,NA,3,11,1,0,0
"681",229409893590068,2,34,4,"Germany",3,3,NA,3,NA,4,320214,1,0,-1
"682",229409893590069,3,489,4,"Germany",3,2,15,3,NA,3,2148922,1,1,0
"683",229409893592158,3,4,5,"Germany",3,3,NA,4,10,6,48,1,-1,0
"684",229409893594229,2,123456,6,"Germany",3,3,NA,2,15,6,320214922,1,0,-1
"685",229409893596306,1,34,6,"Germany",1,2,50,2,50,6,321,1,0,0
"686",229409893597348,2,348,6,"Germany",2,2,30,2,20,5,4822,1,1,0
"687",229409893597357,1,34,6,"Germany",1,2,10,3,NA,6,11,1,0,0
"688",229409893598399,2,3489,5,"Germany",2,4,30,4,40,4,3214822,1,1,0
"689",229409893599427,6,5,1,"Germany",6,3,NA,2,20,6,6,1,-5,0
"690",229409893600486,3,34,5,"Germany",3,3,NA,4,15,5,320214822,1,0,0
"691",229409893601517,1,134,5,"Germany",1,2,100,2,100,6,14,1,-1,0
"692",229409893602310,3,11,6,"Germany",3,2,10,2,10,6,422,1,0,0
"693",229409893603348,2,48,6,"Germany",3,3,NA,3,NA,6,48,1,0,-1
"694",229409893605426,2,8,6,"Germany",3,3,NA,2,5,5,8,1,1,-1
"695",229409893605428,4,34,4,"Germany",4,2,60,2,10,4,321,1,0,0
"696",229409893610648,3,4,4,"Germany",3,2,15,2,30,4,20422,1,0,0
"697",229409893611678,3,4,4,"Germany",3,2,15,2,15,4,3204,1,0,0
"698",229409893611680,2,138,5,"Germany",3,3,NA,3,NA,5,34822,1,0,-1
"699",229409893614809,3,348,4,"Germany",3,2,50,2,100,3,32048,1,1,0
"700",229409893614812,2,468,5,"Germany",3,3,NA,3,NA,4,48,1,1,-1
"701",229409893614815,5,3,3,"Germany",3,2,10,2,20,5,3,1,-2,2
"702",229409893616888,1,348,5,"Germany",1,2,20,2,100,6,4822,1,-1,0
"703",229409893616893,2,48,6,"Germany",2,2,50,2,70,5,1348,1,1,0
"704",229409893616894,2,34568910,4,"Germany",3,2,50,3,NA,5,2048922,1,-1,-1
"705",229409893617680,3,348,5,"Germany",3,2,5,3,NA,4,3214822,1,1,0
"706",229409893618718,2,348,6,"Germany",1,2,50,2,100,6,32048,1,0,1
"707",229409893618721,1,34,6,"Germany",1,2,10,2,20,6,2021,1,0,0
"708",229409893620798,5,146,5,"Germany",5,2,10,2,15,5,13216,1,0,0
"709",229409893622879,2,4,6,"Germany",3,2,25,4,100,6,20214,1,0,-1
"710",229409893632013,3,3489,5,"Germany",2,2,20,2,50,6,32148922,1,-1,1
"711",229409893632253,3,48,4,"Germany",3,2,8,2,15,4,4822,1,0,0
"712",229409893633038,3,11,5,"Germany",3,3,NA,3,NA,4,4822,1,1,0
"713",229409893634086,3,4,5,"Germany",3,2,20,3,NA,6,4,1,-1,0
"714",229409893635139,1,8,6,"Germany",1,2,40,2,100,6,1214,1,0,0
"715",229409893636168,1,3489,6,"Germany",3,2,4,2,12,4,3202148922,1,2,-2
"716",229409893636180,4,4,2,"Germany",2,2,15,2,20,5,20468,1,-3,2
"717",229409893637217,2,1348,6,"Germany",2,2,30,2,80,5,3202148,1,1,0
"718",229409893638261,3,348,3,"Germany",3,2,30,2,100,4,3202148922,1,-1,0
"719",229409893639303,2,34,5,"Germany",3,2,50,2,50,4,3922,1,1,-1
"720",229409893640352,2,8,6,"Germany",2,2,15,2,20,5,34,1,1,0
"721",229410206607464,4,48,4,"Switzerland",2,2,50,3,NA,5,4,1,-1,2
"722",229410206609516,3,48,3,"Switzerland",4,2,15,2,15,4,49,1,-1,-1
"723",229410206611574,2,34,4,"Switzerland",3,3,NA,4,20,5,34,1,-1,-1
"724",229410206617741,3,48,5,"Switzerland",2,2,12,2,12,5,4,1,0,1
"725",229410206617743,2,46,5,"Switzerland",5,2,26,2,13,6,348,1,-1,-3
"726",229410206623901,3,48,5,"Switzerland",3,2,20,4,10,6,34822,1,-1,0
"727",229410206625953,4,1348,3,"Switzerland",3,2,12,2,12,3,49,1,0,1
"728",229410206629043,3,11,1,"Switzerland",4,2,5,3,NA,4,8,1,-3,-1
"729",229410206629046,4,349,4,"Switzerland",5,2,10,2,10,5,322,1,-1,-1
"730",229410206632128,3,4,4,"Switzerland",4,2,10,2,10,4,22,1,0,-1
"731",229410206636238,3,34,3,"Switzerland",2,4,50,4,50,5,34,1,-2,1
"732",229410206638293,4,34,5,"Switzerland",4,3,NA,4,2,5,34,1,0,0
"733",229410206643426,3,89,4,"Switzerland",4,3,NA,3,NA,4,8922,1,0,-1
"734",229410206644455,3,489,5,"Switzerland",4,2,10,2,25,5,4,1,0,-1
"735",229410206658574,4,3,4,"Switzerland",4,2,10,2,30,3,3,1,1,0
"736",229410206661654,3,11,2,"Switzerland",3,2,25,2,15,4,8,1,-2,0
"737",229410206664732,3,348,4,"Switzerland",3,2,20,2,30,5,4822,1,-1,0
"738",229410206670888,3,48910,5,"Switzerland",3,2,14,2,30,5,482210,1,0,0
"739",229410206679098,3,48,4,"Switzerland",2,2,5,3,NA,6,48,1,-2,1
"740",229410206693467,3,489,5,"Switzerland",3,3,NA,3,NA,5,89,1,0,0
"741",229410206696544,3,8,4,"Switzerland",3,2,12,2,10,6,489,1,-2,0
"742",229410206712958,3,35,3,"Switzerland",3,2,67,3,NA,2,5,1,1,0
"743",229410206717064,4,11,6,"Switzerland",4,3,NA,3,NA,1,22,1,5,0
"744",229410206763230,3,89,5,"Switzerland",3,3,NA,3,NA,4,48,1,1,0
"745",229410206775296,4,38,2,"Switzerland",4,2,10,2,5,2,34822,1,0,0
"746",229410206780427,2,48,5,"Switzerland",2,3,NA,3,NA,5,8,1,0,0
"747",229410206789674,2,348,4,"Switzerland",3,2,40,2,20,4,348,1,0,-1
"748",229410206798905,3,34568,2,"Switzerland",3,2,20,2,20,4,356822,1,-2,0
"749",229410206799933,5,235,5,"Switzerland",5,3,NA,2,55,5,248,1,0,0
"750",229410206821485,2,4,5,"Switzerland",3,2,20,3,NA,4,822,1,1,-1
"751",229410206849208,4,38,4,"Switzerland",3,2,5,3,NA,3,49,1,1,1
"752",229410206856398,3,8,3,"Switzerland",4,2,20,2,50,3,8,1,0,-1
"753",229410206863586,1,11,6,"Switzerland",3,2,2,2,5,6,11,1,0,-2
"754",229410206882844,3,4,5,"Switzerland",3,2,20,2,10,4,4,1,1,0
"755",229410206920832,3,123489,4,"Switzerland",4,2,30,2,20,3,11,1,1,-1
"756",229410206924938,4,3,2,"Switzerland",4,3,NA,2,5,2,11,1,0,0
"757",229410206959843,3,348,3,"Switzerland",4,2,20,2,20,2,3,1,1,-1
"758",229410206981135,3,34,5,"Switzerland",3,2,20,3,NA,6,8,1,-1,0
"759",229410207028326,5,34,3,"Switzerland",2,2,20,2,30,2,23,1,1,3
"760",229410207067333,3,11,6,"Switzerland",3,2,20,2,10,5,48,1,1,0
"761",229410207199454,3,346,4,"Switzerland",3,2,40,2,30,3,49,1,1,0
"762",229410207207669,4,34,4,"Switzerland",4,2,100,2,70,5,34922,1,-1,0
"763",229410207311898,3,348,2,"Switzerland",3,3,NA,3,NA,3,348,1,-1,0
"764",229410207337591,3,48,3,"Switzerland",3,2,10,3,NA,5,34822,1,-2,0
"765",229410207341703,3,348,3,"Switzerland",3,2,10,4,5,3,348,1,0,0
"766",229410207359174,3,348,3,"Switzerland",3,2,5,2,20,4,8922,1,-1,0
"767",229410207373567,3,48,3,"Switzerland",4,2,20,4,5,2,48,1,1,-1
"768",229410207386673,4,4,4,"Switzerland",3,3,NA,3,NA,1,11,1,3,1
"769",229410207386675,3,345689,6,"Switzerland",2,2,50,2,100,4,345,1,2,1
"770",229410207387704,2,4,5,"Switzerland",2,2,15,2,15,6,348,1,-1,0
"771",229410207402117,5,4,4,"Switzerland",3,2,70,2,70,4,4,1,0,2
"772",229410207404169,3,456,4,"Switzerland",4,2,20,2,25,4,34,1,0,-1
"773",229410207420614,2,4,5,"Switzerland",1,2,11,2,4,6,14,1,-1,1
"774",229410207421640,3,38,3,"Switzerland",3,3,NA,2,10,2,38,1,1,0
"775",229677069752425,2,4,5,"Germany",3,2,4,3,NA,5,20422,1,0,-1
"776",229677069752429,3,34,3,"Germany",5,2,18,2,30,4,21,1,-1,-2
"777",229677069753462,4,4,2,"Germany",3,3,NA,4,10,2,2048,1,0,1
"778",229677069753472,3,34,5,"Germany",3,3,NA,2,50,5,320214,1,0,0
"779",229677069754503,6,12345689,5,"Germany",2,2,30,2,30,6,1,1,-1,4
"780",229677069754505,3,4,2,"Germany",3,3,NA,4,5,1,20422,1,1,0
"781",229677069754506,2,4,6,"Germany",3,2,50,2,20,6,20214,1,0,-1
"782",229677069754513,3,3,4,"Germany",3,4,10,2,10,4,2021,1,0,0
"783",229677069754516,4,11,4,"Germany",3,2,100,2,90,1,11,1,3,1
"784",229677069754519,3,3489,4,"Germany",3,4,20,4,50,2,3202148922,1,2,0
"785",229677069755544,3,348,5,"Germany",2,2,80,2,60,5,2021489,1,0,1
"786",229677069755550,3,3456,5,"Germany",3,2,20,2,20,4,320482210,1,1,0
"787",229677069755553,3,8,4,"Germany",3,3,NA,3,NA,4,822,1,0,0
"788",229677069755556,2,349,5,"Germany",3,2,15,3,NA,6,3204,1,-1,-1
"789",229677069755561,3,48,6,"Germany",2,4,5,4,5,3,204822,1,3,1
"790",229677069756589,3,348,4,"Germany",3,3,NA,3,NA,4,38922,1,0,0
"791",229677069756595,5,4,6,"Germany",2,2,50,2,100,6,204,1,0,3
"792",229677069756606,3,34,3,"Germany",4,2,10,2,10,3,3202148,1,0,-1
"793",229677069756609,4,489,5,"Germany",3,2,25,2,20,6,422,1,-1,1
"794",229677069757635,4,8,4,"Germany",3,3,NA,2,30,5,3202122,1,-1,1
"795",229677069757642,4,34,3,"Germany",3,2,15,2,20,5,32148,1,-2,1
"796",229677069757645,3,48,5,"Germany",3,2,30,2,100,6,214,1,-1,0
"797",229677069757653,3,4,5,"Germany",3,2,45,2,35,4,20214822,1,1,0
"798",229677069757654,2,48,5,"Germany",3,2,20,2,30,5,2148,1,0,-1
"799",229677069760760,3,34,4,"Germany",3,3,NA,3,NA,4,20,1,0,0
"800",229677069760763,2,348,5,"Germany",3,2,10,2,10,6,1204822,1,-1,-1
"801",229677069762575,2,48,6,"Germany",1,2,10,3,NA,6,2048,1,0,1
"802",229677069762577,4,389,5,"Germany",4,2,10,2,20,6,214,1,-1,0
"803",229677069763602,3,38,5,"Germany",3,3,NA,4,15,5,38922,1,0,0
"804",229677069763603,3,48,5,"Germany",3,2,20,2,10,4,214,1,1,0
"805",229677069765683,2,89,6,"Germany",2,4,20,4,12,6,2148922,1,0,0
"806",229677069765686,2,8,6,"Germany",2,2,40,2,30,4,3422,1,2,0
"807",229677069767759,3,34,6,"Germany",3,3,NA,3,NA,6,3214,1,0,0
"808",229677069768795,3,48,3,"Germany",4,2,20,4,10,3,20422,1,0,-1
"809",229677069769846,3,11,6,"Germany",3,2,35,3,NA,6,202148922,1,0,0
"810",229677069770882,3,349,6,"Germany",3,2,25,3,NA,5,320218922,1,1,0
"811",229677069770883,3,4,4,"Germany",3,3,NA,3,NA,4,2122,1,0,0
"812",229677069770890,3,4,6,"Germany",4,2,10,2,30,6,204,1,0,-1
"813",229677069772955,3,8,3,"Germany",4,2,20,2,30,5,8,1,-2,-1
"814",229677069772958,2,3489,6,"Germany",2,3,NA,4,8,6,202148922,1,0,0
"815",229677069775045,2,34,5,"Germany",3,2,50,2,50,3,3202148,1,2,-1
"816",229677069775046,3,34,5,"Germany",3,3,NA,3,NA,6,3202148,1,-1,0
"817",229677069777112,3,348,6,"Germany",3,2,3,2,3,5,2202122,1,1,0
"818",229677069777113,3,34,6,"Germany",5,2,50,2,20,5,34,1,1,-2
"819",229677069777128,2,34,6,"Germany",4,4,20,2,20,6,320214,1,0,-2
"820",229677069778159,4,8,4,"Germany",4,2,20,2,20,5,2021,1,-1,0
"821",229677069779187,3,4,5,"Germany",3,2,25,3,NA,5,204,1,0,0
"822",229677069780221,3,25,3,"Germany",3,3,NA,3,NA,3,2206,1,0,0
"823",229677069783094,2,148,6,"Germany",2,2,80,2,60,6,34922,1,0,0
"824",229677069783097,3,348,5,"Germany",3,2,25,2,25,4,1348,1,1,0
"825",229677069783098,3,348,6,"Germany",2,4,33,4,50,6,8922,1,0,1
"826",229677069783101,3,349,5,"Germany",3,2,40,2,80,4,3214822,1,1,0
"827",229677069786216,3,3,3,"Germany",3,3,NA,3,NA,4,3202148,1,-1,0
"828",229677069786223,3,489,4,"Germany",3,2,25,4,10,3,202148922,1,1,0
"829",229677069787271,3,4,3,"Germany",3,2,20,4,50,5,32048,1,-2,0
"830",229677069789327,3,348,6,"Germany",3,3,NA,2,70,3,3202148922,1,3,0
"831",229677069790363,3,45689,6,"Germany",1,2,50,2,30,6,202148922,1,0,2
"832",229677069796587,2,1489,6,"Germany",2,2,25,2,35,4,3202148922,1,2,0
"833",229677069801542,3,4,5,"Germany",3,3,NA,4,20,5,2048,1,0,0
"834",229677069801550,5,489,6,"Germany",2,2,6,2,4,5,3202148,1,1,3
"835",229677069804668,2,349,5,"Germany",2,3,NA,2,5,5,2149,1,0,0
"836",229677069806763,4,3489,3,"Germany",4,2,40,2,40,3,20,1,0,0
"837",229677069807795,3,34,3,"Germany",3,2,20,2,10,4,11,1,-1,0
"838",229677069834245,3,48,6,"Germany",2,4,20,4,10,6,22,1,0,1
"839",229678093097023,4,11,4,"Switzerland",4,2,5,2,6,5,38,1,-1,0
"840",229678093098051,3,4,5,"Switzerland",3,2,100,2,50,4,489,1,1,0
"841",229678093101130,2,4,4,"Switzerland",3,2,10,3,NA,2,4822,1,2,-1
"842",229678093101132,4,4,1,"Switzerland",5,3,NA,3,NA,1,11,1,0,-1
"843",229678093101134,3,8,3,"Switzerland",5,3,NA,2,20,2,8,1,1,-2
"844",229678093102160,3,348,4,"Switzerland",3,2,15,3,NA,5,422,1,-1,0
"845",229678093104221,3,38,4,"Switzerland",2,3,NA,2,10,4,8,1,0,1
"846",229678093105251,3,48,5,"Switzerland",3,2,20,2,20,4,4822,1,1,0
"847",229678093111417,3,8,5,"Switzerland",2,2,3,2,5,5,4822,1,0,1
"848",229678093112449,3,9,3,"Switzerland",3,2,20,2,65,3,89,1,0,0
"849",229678093114502,3,8,6,"Switzerland",3,2,10,2,8,5,8,1,1,0
"850",229678093115531,3,8,3,"Switzerland",3,2,5,2,5,4,4822,1,-1,0
"851",229678093128888,1,489,6,"Switzerland",3,2,5,2,5,6,48,1,0,-2
"852",229678093130942,3,4,6,"Switzerland",2,2,100,3,NA,5,4,1,1,1
"853",229678093131973,2,48,6,"Switzerland",3,3,NA,2,5,6,822,1,0,-1
"854",229678093138135,3,1,5,"Switzerland",3,2,3,2,15,4,48,1,1,0
"855",229678093141220,3,348,4,"Switzerland",3,2,25,2,15,4,34810,1,0,0
"856",229678093154327,3,489,5,"Switzerland",3,2,7,3,NA,3,8922,1,2,0
"857",229678093158445,3,11,3,"Switzerland",4,3,NA,3,NA,4,11,1,-1,-1
"858",229678093160510,3,11,4,"Switzerland",4,2,3,2,3,4,8,1,0,-1
"859",229678093162569,2,4,5,"Switzerland",2,2,20,2,5,5,4822,1,0,0
"860",229678093163595,1,3489,6,"Switzerland",2,4,0,2,25,6,348922,1,0,-1
"861",229678093165654,2,4,1,"Switzerland",4,3,NA,3,NA,1,22,1,0,-2
"862",229678093166682,3,134,5,"Switzerland",3,2,10,2,7,3,822,1,2,0
"863",229678093170791,4,148,5,"Switzerland",4,2,15,2,20,4,4822,1,1,0
"864",229678093170793,3,348,3,"Switzerland",3,2,15,2,15,3,8910,1,0,0
"865",229678093174908,4,34,4,"Switzerland",5,2,30,2,50,4,411,1,0,-1
"866",229678093176971,4,4,3,"Switzerland",3,2,60,2,20,5,82210,1,-2,1
"867",229678093184174,4,8,4,"Switzerland",4,4,5,3,NA,2,8,1,2,0
"868",229678093185199,3,34,5,"Switzerland",3,2,2,2,5,5,48,1,0,0
"869",229678093191369,4,14,5,"Switzerland",4,2,50,2,15,5,4,1,0,0
"870",229678093198559,3,34,6,"Switzerland",3,2,10,2,10,5,4822,1,1,0
"871",229678093210632,3,348,6,"Switzerland",2,2,10,2,10,6,1422,1,0,1
"872",229678093212684,3,48,4,"Switzerland",3,2,40,2,60,3,8,1,1,0
"873",229678093212685,3,3489,3,"Switzerland",3,2,30,3,NA,4,489,1,-1,0
"874",229678093213710,3,8,5,"Switzerland",3,3,NA,2,10,5,48,1,0,0
"875",229678093213711,4,11,5,"Switzerland",4,3,NA,3,NA,3,11,1,2,0
"876",229678093228064,4,4,4,"Switzerland",4,3,NA,3,NA,3,822,1,1,0
"877",229678093236281,4,48,3,"Switzerland",3,2,13,2,6,4,4822,1,-1,1
"878",229678093243470,3,3489,5,"Switzerland",4,2,15,2,10,5,49,1,0,-1
"879",229678093252715,4,8,2,"Switzerland",4,2,5,3,NA,4,822,1,-2,0
"880",229678093254769,6,34,5,"Switzerland",3,3,NA,3,NA,5,22,1,0,3
"881",229678093256821,1,348,6,"Switzerland",1,3,NA,2,15,6,34,1,0,0
"882",229678093257846,2,89,4,"Switzerland",3,3,NA,3,NA,4,8922,1,0,-1
"883",229678093258872,1,4,6,"Switzerland",1,2,100,2,100,6,4,1,0,0
"884",229678093260930,3,48,5,"Switzerland",3,2,5,2,8,4,4822,1,1,0
"885",229678093261955,3,468,6,"Switzerland",3,2,30,2,30,6,48922,1,0,0
"886",229678093262980,3,4,5,"Switzerland",4,2,30,2,20,6,422,1,-1,-1
"887",229678093268122,2,48,6,"Switzerland",3,2,25,2,15,6,4922,1,0,-1
"888",229678093270175,3,34,5,"Switzerland",3,2,3,2,2,4,348,1,1,0
"889",229678093270176,1,48,4,"Switzerland",1,2,25,2,45,6,4822,1,-2,0
"890",229678093275314,4,48,6,"Switzerland",4,2,20,3,NA,5,4822,1,1,0
"891",229678093284551,3,11,5,"Switzerland",3,3,NA,3,NA,5,11,1,0,0
"892",229678093294826,2,11,4,"Switzerland",3,2,35,2,50,5,4,1,-1,-1
"893",229678093298939,5,348,4,"Switzerland",4,2,10,2,5,5,34822,1,-1,1
"894",229678093302790,3,8,4,"Switzerland",2,2,20,2,20,5,48,1,-1,1
"895",229678093305871,4,1,4,"Switzerland",4,2,30,2,20,4,3,1,0,0
"896",229678093311007,4,11,4,"Switzerland",4,3,NA,3,NA,3,1611,1,1,0
"897",229678093312036,2,4,3,"Switzerland",3,2,18,2,25,4,4,1,-1,-1
"898",229678093313064,3,8,4,"Switzerland",2,2,10,3,NA,6,8922,1,-2,1
"899",229678093321286,4,4,5,"Switzerland",3,2,100,2,10,4,4,1,1,1
"900",229678093326426,3,48,5,"Switzerland",3,3,NA,2,10,4,8,1,1,0
"901",229678093331563,3,34689,3,"Switzerland",4,2,30,2,20,5,4,1,-2,-1
"902",229678093333617,2,469,6,"Switzerland",4,2,15,2,15,5,922,1,1,-2
"903",229678093336703,2,8,4,"Switzerland",3,3,NA,3,NA,4,11,1,0,-1
"904",229678093339800,1,34,5,"Switzerland",3,2,10,2,10,5,8,1,0,-2
"905",229678093345967,3,4,5,"Switzerland",4,3,NA,3,NA,5,34,1,0,-1
"906",229678093350079,3,8,5,"Switzerland",3,2,4,2,100,5,489,1,0,0
"907",229678093358306,2,11,1,"Switzerland",5,2,13,2,40,6,11,1,-5,-3
"908",229678093372428,2,348,6,"Switzerland",2,2,45,3,NA,2,348922,1,4,0
"909",229678093374484,4,48,4,"Switzerland",3,2,20,3,NA,4,48,1,0,1
"910",229678093381676,1,11,6,"Switzerland",1,2,40,2,40,6,48,1,0,0
"911",229678093381679,2,48,5,"Switzerland",3,2,6,4,1,5,4822,1,0,-1
"912",229678093384755,3,4,3,"Switzerland",3,2,3,3,NA,3,422,1,0,0
"913",229678093386810,3,48,4,"Switzerland",3,2,30,3,NA,3,48,1,1,0
"914",229678093397101,6,11,1,"Switzerland",3,2,40,2,40,2,34,1,-1,3
"915",229678093404309,2,4,4,"Switzerland",3,2,20,3,NA,5,4,1,-1,-1
"916",229678093404311,4,8,4,"Switzerland",4,2,5,2,15,3,48,1,1,0
"917",229678093412574,1,4,6,"Switzerland",1,2,35,2,45,6,11,1,0,0
"918",229678093413606,1,4,5,"Switzerland",1,2,10,2,25,4,4,1,1,0
"919",229678093414635,2,489,5,"Switzerland",2,2,26,2,30,6,4822,1,-1,0
"920",229678093414638,3,4568,3,"Switzerland",3,2,30,2,20,6,34,1,-3,0
"921",229678093415665,4,3468,5,"Switzerland",4,2,22,2,18,6,348,1,-1,0
"922",229678093419533,3,4,4,"Switzerland",3,2,25,2,15,5,4,1,-1,0
"923",229678093424687,6,349,6,"Switzerland",2,2,15,2,10,5,34922,1,1,4
"924",229678093426755,2,89,4,"Switzerland",5,2,70,2,70,5,1356,1,-1,-3
"925",229678093429864,2,348,6,"Switzerland",4,2,60,2,50,5,46,1,1,-2
"926",229678093430898,3,4,5,"Switzerland",3,2,10,2,12,5,48,1,0,0
"927",229678093431930,4,34,6,"Switzerland",3,2,25,2,100,5,822,1,1,1
"928",229678093431933,2,348,2,"Switzerland",2,2,10,2,15,5,34822,1,-3,0
"929",229678093435043,3,3489,4,"Switzerland",3,2,10,2,10,4,34822,1,0,0
"930",229678093437108,2,49,5,"Switzerland",2,2,15,2,10,5,48,1,0,0
"931",229678093438137,1,49,6,"Switzerland",1,2,40,2,35,6,4822,1,0,0
"932",229678093438143,4,34,3,"Switzerland",2,2,20,2,10,4,48,1,-1,2
"933",229678093439181,4,89,4,"Switzerland",4,2,20,3,NA,4,4,1,0,0
"934",229678093439184,5,389,6,"Switzerland",5,4,50,4,60,5,2589,1,1,0
"935",229678093439186,4,134,4,"Switzerland",4,2,25,2,20,3,11,1,1,0
"936",229678093439187,4,48,2,"Switzerland",4,2,10,2,70,4,8,1,-2,0
"937",229678093440221,3,348,5,"Switzerland",4,2,30,2,5,5,34822,1,0,-1
"938",229678093440224,2,48,5,"Switzerland",2,2,20,2,20,5,48,1,0,0
"939",229678093441262,1,346,6,"Switzerland",1,2,6,2,6,5,34,1,1,0
"940",229678093441266,2,11,6,"Germany",3,2,7,2,7,3,148,1,3,-1
"941",229758201742380,3,11,6,"Germany",3,2,5,2,5,5,34,1,1,0
"942",229758201767112,3,348,5,"Germany",3,2,25,2,15,4,320214822,1,1,0
"943",229758453882067,4,48,6,"Switzerland",4,2,15,2,20,5,482210,1,1,0
"944",229758453883093,3,348,5,"Switzerland",3,2,15,2,30,5,822,1,0,0
"945",229758453888227,2,348,5,"Switzerland",2,2,32,2,27,5,48,1,0,0
"946",229758453932074,3,345689,5,"Switzerland",3,2,7,3,NA,4,48922,1,1,0
"947",229758453977189,3,389,5,"Switzerland",2,3,NA,4,33,4,3489,1,1,1
"948",229758454052046,3,34,2,"Switzerland",4,3,NA,3,NA,3,34,1,-1,-1
"949",229758454062299,1,345,6,"Switzerland",1,2,10,2,30,6,4822,1,0,0
"950",229758454067427,3,348,4,"Switzerland",2,2,2,3,NA,6,11,1,-2,1
"951",229758454074603,3,348,4,"Switzerland",3,3,NA,3,NA,5,4822,1,-1,0
"952",229758454114352,1,46,5,"Switzerland",1,3,NA,2,5,5,11,1,0,0
"953",229758454128733,4,1346,5,"Switzerland",4,3,NA,3,NA,3,89,1,2,0
"954",229758454221926,2,348,5,"Switzerland",2,2,30,2,30,6,422,1,-1,0
"955",229758454227061,3,348,3,"Switzerland",4,2,20,2,15,3,3422,1,0,-1
"956",229758454228087,3,348,6,"Switzerland",4,2,10,2,50,5,348,1,1,-1
"957",229758454231173,1,348,5,"Switzerland",1,2,25,2,25,6,48,1,-1,0
"958",229758454235278,3,38,5,"Switzerland",3,2,10,2,45,5,348922,1,0,0
"959",229758454236304,2,48,5,"Switzerland",2,2,17,2,35,5,34822,1,0,0
"960",229855351959799,2,4,6,"Germany",1,2,20,2,20,6,4,1,0,1
"961",229855351994462,3,89,6,"Germany",4,4,30,3,NA,4,208,1,2,-1
"962",229855351994463,2,3489,6,"Germany",3,2,15,2,15,4,3202148922,1,2,-1
"963",229855351995491,2,348,6,"Germany",3,2,20,2,20,6,34822,1,0,-1
"964",229855351995492,3,349,4,"Germany",2,2,30,4,20,5,3204,1,-1,1
"965",229855352002681,4,11,5,"Germany",2,2,50,2,90,5,34,1,0,2
"966",229855352005760,4,48,6,"Germany",3,2,40,2,50,6,4822,1,0,1
"967",229855352032472,4,4,4,"Germany",3,2,20,2,5,3,34,1,1,1
"968",229855352035555,3,4,4,"Germany",3,3,NA,3,NA,3,11,1,1,0
"969",229855352039662,3,4,6,"Germany",4,2,80,3,NA,5,11,1,1,-1
"970",229855352053806,2,3489,6,"Germany",3,3,NA,4,10,5,32148922,1,1,-1
"971",229855352055869,4,34,4,"Germany",3,3,NA,3,NA,3,3214,1,1,1
"972",229855352122461,2,3489,6,"Germany",2,2,50,2,50,6,32048922,1,0,0
"973",229855352122474,3,3489,6,"Germany",3,2,90,2,90,4,348,1,2,0
"974",229855352123517,3,34,6,"Germany",3,2,100,2,100,5,3202148,1,1,0
"975",229855352125590,4,34,6,"Germany",3,2,30,2,25,5,202189,1,1,1
"976",229855352125597,3,11,6,"Germany",2,2,10,2,20,6,11,1,0,1
"977",229855352128714,1,48,6,"Germany",2,2,100,2,25,6,204,1,0,-1
"978",229855352128725,4,8,5,"Germany",3,2,30,2,30,6,32021422,1,-1,1
"979",229855352129760,5,3,3,"Germany",6,3,NA,2,10,2,20,1,1,-1
"980",229855352130794,3,49,5,"Germany",3,2,80,2,100,6,2049,1,-1,0
"981",229855352130795,3,3489,6,"Germany",4,2,12,2,12,5,4822,1,1,-1
"982",229937962964147,3,48,5,"Switzerland",2,2,28,2,30,4,489,1,1,1
"983",229937962987732,1,4,4,"Switzerland",4,2,12,2,40,4,4,1,0,-3
"984",229937962990809,3,48,5,"Switzerland",3,2,30,2,10,4,4822,1,1,0
"985",229937963021319,4,11,5,"Switzerland",4,2,40,3,NA,4,6,1,1,0
"986",229937963021321,3,8,4,"Switzerland",4,2,20,2,10,4,348,1,0,-1
"987",229937963024397,3,48,5,"Switzerland",4,3,NA,2,20,5,8,1,0,-1
"988",229937963048994,1,34,4,"Switzerland",1,2,35,3,NA,6,422,1,-2,0
"989",229937963061289,1,69,6,"Switzerland",2,2,20,2,25,6,8922,1,0,-1
"990",229937963083831,4,34,4,"Switzerland",3,2,2,2,2,4,22,1,0,1
"991",229937963133014,3,4810,5,"Switzerland",3,2,15,2,20,6,11,1,-1,0
"992",229937963154540,2,8,2,"Switzerland",2,2,20,2,20,4,810,1,-2,0
"993",229937963200661,1,48,6,"Switzerland",1,2,40,2,20,6,422,1,0,0
"994",229937963207838,4,11,5,"Switzerland",5,2,20,2,20,5,48922,1,0,-1
"995",229937963219114,1,34568,6,"Switzerland",1,2,15,2,6,5,3422,1,1,0
"996",229937963227316,3,348,4,"Switzerland",3,2,30,2,25,5,34822,1,-1,0
"997",229937963228341,3,48,4,"Switzerland",3,2,20,2,20,4,48,1,0,0
"998",229937963245768,1,34,3,"Switzerland",1,2,75,2,75,6,4,1,-3,0
"999",229937963274473,2,348,5,"Switzerland",3,2,20,2,100,5,3482210,1,0,-1
"1000",229937963303953,3,11,5,"Switzerland",4,2,30,2,30,2,48910,1,3,-1
"1001",229937963317277,2,48,5,"Switzerland",1,2,10,2,42,6,4822,1,-1,1
"1002",229937963343935,3,34568,5,"Switzerland",3,2,15,2,10,6,34822,1,-1,0
"1003",229937963347010,1,3456,6,"Switzerland",4,2,2,2,5,6,11,1,0,-3
"1004",229937963356233,3,48,6,"Switzerland",1,2,25,3,NA,6,48922,1,0,2
"1005",229937963365458,2,8910,6,"Switzerland",4,2,4.5,2,3,6,89,1,0,-2
"1006",229937963399296,3,48,4,"Switzerland",3,2,15,2,10,5,4822,1,-1,0
"1007",229937963416732,1,49,6,"Switzerland",1,2,15,3,NA,6,422,1,0,0
"1008",229937963436224,2,34568,5,"Switzerland",3,2,2,2,1,4,22,1,1,-1
"1009",229937963438276,3,8,6,"Switzerland",3,2,25,2,15,6,8,1,0,0
"1010",229937963517143,2,34,1,"Switzerland",2,3,NA,4,10,3,348922,1,-2,0
"1011",229937963518171,3,11,3,"Switzerland",4,2,10,2,12,4,48,1,-1,-1
"1012",229937963521249,2,34,5,"Switzerland",3,2,10,3,NA,4,8,1,1,-1
"1013",229937963524329,4,8,6,"Switzerland",4,2,20,4,10,6,11,1,0,0
"1014",229937963529455,1,49,5,"Switzerland",1,2,100,2,15,5,48,1,0,0
"1015",230295580432440,2,189,6,"Switzerland",3,2,5,2,60,4,4822,1,2,-1
"1016",230296024624230,2,348,4,"Switzerland",3,2,5,2,5,6,48,1,-2,-1
"1017",230296024693951,1,4,6,"Switzerland",2,2,10,2,3,6,4,1,0,-1
"1018",230296024724709,3,46,5,"Switzerland",2,2,12,2,12,5,4822,1,0,1
"1019",230296024728812,3,8,5,"Switzerland",2,3,NA,4,20,6,8922,1,-1,1
"1020",230296025033849,4,11,2,"Switzerland",3,2,12,2,10,4,8,1,-2,1
"1021",230296025094160,3,4,5,"Switzerland",3,2,2,2,2,6,4,1,-1,0
"1022",230296025238534,3,89,2,"Switzerland",3,2,2,2,5,3,892210,1,-1,0
"1023",230296025317508,2,348,3,"Switzerland",3,2,100,2,100,5,4,1,-2,-1
"1024",230296025318536,3,48,5,"Switzerland",3,2,5,2,20,4,4822,1,1,0
"1025",230296025322640,3,34,4,"Switzerland",3,2,20,2,50,3,134,1,1,0
"1026",230296025463038,3,3456,5,"Switzerland",3,2,35,2,100,4,48,1,1,0
"1027",230469411949637,3,11,3,"Switzerland",3,2,45,2,10,5,11,1,-2,0
"1028",230469411950672,4,48,4,"Switzerland",5,2,5,2,10,5,48,1,-1,-1
"1029",230469411954784,4,348,3,"Switzerland",3,3,NA,4,4,3,34822,1,0,1
"1030",230469411956853,3,34568,4,"Switzerland",3,2,10,2,30,2,11,1,2,0
"1031",230469411957892,3,489,5,"Switzerland",3,2,10,4,20,5,4822,1,0,0
"1032",230469411958921,3,48,5,"Switzerland",3,2,10,2,20,4,4822,1,1,0
"1033",230469411960980,2,8,5,"Switzerland",4,2,20,2,40,5,8,1,0,-2
"1034",230469411962007,4,34,3,"Switzerland",4,2,35,2,25,3,348,1,0,0
"1035",230469411964067,1,489,6,"Switzerland",2,2,15,2,10,5,348922,1,1,-1
"1036",230469411967151,3,4,4,"Switzerland",3,2,6,2,5,4,4,1,0,0
"1037",230469411984631,2,48,5,"Switzerland",2,2,100,2,15,6,4,1,-1,0
"1038",230469411989522,3,48,5,"Switzerland",3,3,NA,3,NA,3,8,1,2,0
"1039",230469412011106,4,489,4,"Switzerland",4,3,NA,3,NA,3,11,1,1,0
"1040",230469412018328,6,11,6,"Switzerland",4,3,NA,3,NA,3,11,1,3,2
