"","postal.code","ResponseId","m","country","price.diff.percent","price.diff","Preis2022","Preis2023"
"1",1030,"R_xAvoffPJOr1jEZ3",229256171975909,2,50.4,11,21.9,33
"2",1203,"R_9ELsKDXdklSgout",229242450000078,2,22.8,4.5,19.7,24.2
"3",1260,"R_OwY0BjyA8AlUB3z",229937962990809,2,51.5,12.6,24.5,37.2
"4",1568,"R_3EmcbAxB2fgWfm5",229678093294826,2,19.8,4.19,21.2,25.4
"5",1700,"R_3qatyGZwQtBLs5f",229256171858967,2,19.8,4.19,21.2,25.4
"6",1700,"R_2wEsaaIEz52MMCN",229321437702186,2,19.8,4.19,21.2,25.4
"7",1700,"R_3fTRdl9Y4HIzfQI",229242449966323,2,19.8,4.19,21.2,25.4
"8",1716,"R_1jIJHh1689WJ1Wf",230296025094160,2,19.8,4.19,21.2,25.4
"9",1763,"R_3rMSqqQNrvdZ88W",229678093419533,2,19.8,4.19,21.2,25.4
"10",2000,"R_oZRgNtKPISTf8Qh",229242450013428,2,40.6,9.51,23.6,33.1
"11",2500,"R_stC3dwfSaL6cLBL",229321438035199,2,29,7.17,24.7,31.9
"12",2504,"R_2R3WdyyTBE50O4B",229242449960062,2,29,7.17,24.7,31.9
"13",2504,"R_3PB2Ltxuh03nSYU",229678093243470,2,29,7.17,24.7,31.9
"14",2514,"R_3EtEBHJCy6a4Vs9",229256171783216,2,1.27,0.3,23.7,24
"15",2554,"R_21hMGEwDlPxhjIx",229242449956922,2,1.19,0.3,25.2,25.5
"16",2854,"R_A0evhkLCvzpJ2Jb",229937963061289,2,1.19,0.3,25.2,25.5
"17",3004,"R_2yj6iovXuhxIUFj",229937963207838,2,20,4.25,21.2,25.5
"18",3004,"R_1KkmlLf0vxRhbVE",230296025318536,2,20,4.25,21.2,25.5
"19",3007,"R_3xe9GWONYDTpSKZ",229321437670402,2,20,4.25,21.2,25.5
"20",3008,"R_2YEre5bJYfgYrBC",229321437994179,2,20,4.25,21.2,25.5
"21",3008,"R_2Vr5HURfk3ALUOy",229321437921368,2,20,4.25,21.2,25.5
"22",3008,"R_vwBxcGO3XV6CNqx",229321437924448,2,20,4.25,21.2,25.5
"23",3008,"R_28GvFWAhL5jwFRe",229321437898807,2,20,4.25,21.2,25.5
"24",3013,"R_bBLqy1uPW2N3aQ9",229256171834554,2,20,4.25,21.2,25.5
"25",3013,"R_1CeTcMn0lbUzusP",229410207421640,2,20,4.25,21.2,25.5
"26",3018,"R_3LYXqMeVnadDV9q",229321438159066,2,20,4.25,21.2,25.5
"27",3027,"R_ctDsV86N4F35z6p",229321437737054,2,20,4.25,21.2,25.5
"28",3032,"R_2qvzPowbEHSePSC",229321437681681,2,1.19,0.3,25.2,25.5
"29",3052,"R_2yrOKnTx9VJIJYc",229678093439187,2,1.19,0.3,25.2,25.5
"30",3063,"R_1gMTHND9hMVtlq6",229758454235278,2,1.19,0.3,25.2,25.5
"31",3063,"R_25HpnGCVJmRDJeN",229256171906265,2,1.19,0.3,25.2,25.5
"32",3072,"R_vOUVtIULfb961Kp",229678093112449,2,1.19,0.3,25.2,25.5
"33",3072,"R_21mI02FOGglKo1o",229166416661595,2,1.19,0.3,25.2,25.5
"34",3072,"R_3m7AJOItrFHHcFB",229166416667853,2,1.19,0.3,25.2,25.5
"35",3074,"R_30bGOYP8zubfggO",229678093404311,2,1.19,0.3,25.2,25.5
"36",3075,"R_2V1Si11PKno2lNz",229937963024397,2,89.1,22.8,25.6,48.4
"37",3076,"R_3n6ZLYGSBz8LotP",229242449971313,2,89.1,22.8,25.6,48.4
"38",3095,"R_Tu8BEhFf6Y1zjA5",229937963521249,2,1.17,0.3,25.6,25.9
"39",3097,"R_2S0octCIzzOhicw",229256171754731,2,1.17,0.3,25.6,25.9
"40",3110,"R_2OZmN3GX1csFnvS",229321438243967,2,43,9.14,21.2,30.4
"41",3115,"R_1ob4JLq5bEFQZX3",229678093131973,2,1.19,0.3,25.2,25.5
"42",3123,"R_3EgThIVtlqB8ZFN",229242450025714,2,68.6,15.4,22.4,37.8
"43",3125,"R_2v2nTKKN3vQRmr2",229678093321286,2,1.19,0.3,25.2,25.5
"44",3174,"R_3sz7qUavyfVdYmv",229256171972822,2,1.17,0.3,25.6,25.9
"45",3178,"R_1mmFq3cx5odSSLt",229678093105251,2,19.8,4.19,21.2,25.4
"46",3183,"R_1jMMgQWaTF17FdD",229410206863586,2,1.19,0.3,25.2,25.5
"47",3186,"R_2xS2aNnxwYu52vT",229678093440224,2,19.8,4.19,21.2,25.4
"48",3213,"R_1Ff7YEINWKKGDH6",229166416673876,2,19.8,4.19,21.2,25.4
"49",3250,"R_2qw808RHTW32LfJ",227471450945619,2,66.8,16.3,24.5,40.8
"50",3270,"R_3khTb6ohZTEw1uj",229256171581482,2,204,35.1,17.2,52.2
"51",3270,"R_2tunXP6UyGFpYHU",229678093130942,2,204,35.1,17.2,52.2
"52",3270,"R_1GHQl4ynOuXKsoJ",229166416665772,2,204,35.1,17.2,52.2
"53",3322,"R_12heOL3PzIhXWro",229321437514789,2,58.1,11.9,20.5,32.4
"54",3322,"R_xfjqA81JKACqddn",229242449961111,2,58.1,11.9,20.5,32.4
"55",3324,"R_2pRiCFSEUTGzhjB",229321438222424,2,58.1,11.9,20.5,32.4
"56",3326,"R_2BkQ3ur5epxKfRW",229256171634821,2,58,11.9,20.5,32.3
"57",3360,"R_RWADUC9j2nEiRYl",229758454074603,2,17.7,4.18,23.7,27.9
"58",3363,"R_2ZCBDZDzOb6z8WQ",229242449974438,2,17.7,4.18,23.7,27.9
"59",3400,"R_1I4WlAa3OiJqVwK",229758453888227,2,55.5,12.9,23.3,36.2
"60",3432,"R_2OTucPfWLWySgbQ",229242450008195,2,6.01,1.39,24.1,25.5
"61",3436,"R_Oy85Q1DqMYq5jlD",229242449962145,2,3,0.143,21.7,21.8
"62",3472,"R_RqobwnKucVJYDxn",229242449956919,2,1.19,0.3,25.2,25.5
"63",3510,"R_51PkHufroAjUffP",229410206661654,2,1.19,0.3,25.2,25.5
"64",3536,"R_27EHpzwuD9TKLik",229758454128733,2,2.28,0.565,24.9,25.5
"65",3538,"R_2ya14O4rS4r6z6L",229678093158445,2,1.19,0.3,25.2,25.5
"66",3550,"R_2YQxuPlsGNs1gax",230469411989522,2,1.19,0.3,25.2,25.5
"67",3552,"R_1pyPj6pxQTGpmoY",230296025238534,2,1.19,0.3,25.2,25.5
"68",3600,"R_2n9raHg44FUkQgh",229758454114352,2,17.9,4.06,22.7,26.8
"69",3604,"R_3J2uLwrjXaDP7ht",229410206920832,2,17.9,4.06,22.7,26.8
"70",3604,"R_DOjumlkZTjVHRn3",229256171715723,2,17.9,4.06,22.7,26.8
"71",3628,"R_2dhZaouYvscYcbk",230469411960980,2,1.19,0.3,25.2,25.5
"72",3633,"R_3KpYze7DNjoZF3b",230296024728812,2,1.19,0.3,25.2,25.5
"73",3633,"R_1QJWXCsvAbjXUrY",229321437639901,2,1.19,0.3,25.2,25.5
"74",3661,"R_2D6c4MB4OoCIkDm",229321438330936,2,1.19,0.3,25.2,25.5
"75",3672,"R_w5XWAQ49QLmCWfD",229242450030694,2,53.7,11.8,22.3,34.1
"76",3700,"R_C9p6GTOuQlnneOl",229321437542488,2,1.19,0.3,25.2,25.5
"77",3713,"R_22DlIOA1QuwsRtH",229256171670763,2,1.19,0.3,25.2,25.5
"78",3752,"R_2cc7jn3CnyczBi6",229256171892884,2,1.27,0.3,23.7,24
"79",3775,"R_1OZvYMVO8FhOvaF",230469412011106,2,1.19,0.3,25.2,25.5
"80",3800,"R_xrWkVsrFyPmWMzn",229321438062642,2,51.6,11.8,22.8,34.5
"81",3812,"R_3k4U2ExVmbnGCsw",229678093429864,2,50.7,10.3,20.3,30.6
"82",3818,"R_2zqhbgSs3QPYAx0",229410206717064,2,-0.298,-0.085,24.7,24.6
"83",3862,"R_1Km3m54TPU3JKM1",229678093326426,2,1.19,0.3,25.2,25.5
"84",3862,"R_3MPAl1HRGhuO15w",229937963356233,2,1.19,0.3,25.2,25.5
"85",3902,"R_3pkY5QiTao68mOf",229256171622503,2,62.2,11,17.7,28.8
"86",3905,"R_1FmtO0YnX1gLS41",229321437677579,2,102,18.2,17.9,36.2
"87",3930,"R_2DS6locshkb2hM4",229321437758588,2,25.2,4.97,19.7,24.7
"88",4000,"R_27PatKwP1D3wBGB",229242449957958,2,11.7,3.32,28.4,31.7
"89",4052,"R_2tAodbyDXek1lmO",229678093431930,2,11.7,3.32,28.4,31.7
"90",4052,"R_2e2viRsP5R00S1X",230296024693951,2,11.7,3.32,28.4,31.7
"91",4053,"R_2ClkLRn8oBGXLKv",229410206763230,2,11.7,3.32,28.4,31.7
"92",4053,"R_2CZMbro8CP9Uu5t",229678093163595,2,11.7,3.32,28.4,31.7
"93",4053,"R_2Y5QqGLTg8vkS9M",229321438246018,2,11.7,3.32,28.4,31.7
"94",4054,"R_1dm0mgLEerYlg7d",229678093101130,2,11.7,3.32,28.4,31.7
"95",4055,"R_125z4QSS6ryRVDw",229256171673852,2,11.7,3.32,28.4,31.7
"96",4055,"R_2s1p24MNKJ6pXqN",229410206617741,2,11.7,3.32,28.4,31.7
"97",4055,"R_2t9y2YhFbxge3FX",229242450002154,2,11.7,3.32,28.4,31.7
"98",4055,"R_3XeseMFKEK1HLwd",230469411956853,2,11.7,3.32,28.4,31.7
"99",4055,"R_2th9gAtAIbanbIK",229678093336703,2,11.7,3.32,28.4,31.7
"100",4055,"R_0wTi4jmliqouWu5",229937963021321,2,11.7,3.32,28.4,31.7
"101",4055,"R_OCI2HeR32mrC0fv",229678093430898,2,11.7,3.32,28.4,31.7
"102",4056,"R_2e4gsRcT2FLvlEh",229256171561183,2,11.7,3.32,28.4,31.7
"103",4056,"R_cBDbI624h84mH4d",229242450029643,2,11.7,3.32,28.4,31.7
"104",4056,"R_RnnchR9GUfX0ytz",229937963343935,2,11.7,3.32,28.4,31.7
"105",4056,"R_2f2KMqCnmLuyaSk",229937963021319,2,11.7,3.32,28.4,31.7
"106",4057,"R_2bN5F89p3dp47h6",229678093302790,2,11.7,3.32,28.4,31.7
"107",4057,"R_2EFd3V4EGqikFU1",229256171742412,2,11.7,3.32,28.4,31.7
"108",4057,"R_wNNGSTRMiJnLG8h",229410207404169,2,11.7,3.32,28.4,31.7
"109",4058,"R_2rBhEUCs1BqXxvI",229937963365458,2,11.7,3.32,28.4,31.7
"110",4058,"R_e5Sa8an5gWqd87T",229678093311007,2,11.7,3.32,28.4,31.7
"111",4103,"R_1mltiMTeFeXLWJB",229166416658444,2,45.9,9.85,21.5,31.3
"112",4123,"R_3MKFZSu9lFu9r7j",229678093339800,2,45.9,9.85,21.5,31.3
"113",4123,"R_Urlxrri2RjmT8k1",229678093097023,2,45.9,9.85,21.5,31.3
"114",4123,"R_3Kvm1dZ3PVC4eGF",229242449960054,2,45.9,9.85,21.5,31.3
"115",4123,"R_2PnvZ3t3ESLuuRg",229242449956920,2,45.9,9.85,21.5,31.3
"116",4125,"R_5juCpAlJ647ENRT",229410206629046,2,11.7,3.32,28.4,31.7
"117",4125,"R_Ojo34qwq19Vpce5",227471319859447,2,11.7,3.32,28.4,31.7
"118",4127,"R_3NEcJYl36tldrhz",229678093270176,2,45.9,9.85,21.5,31.3
"119",4132,"R_ANf56GXKmvpHaHn",229937963200661,2,45.9,9.85,21.5,31.3
"120",4143,"R_Q66WJgz1sXwZz33",229321438072898,2,45.9,9.85,21.5,31.3
"121",4144,"R_2uOMTtyh1bXg9ty",230296025033849,2,45.9,9.85,21.5,31.3
"122",4147,"R_3kpk3Mxhifuz5xA",229321438238833,2,45.9,9.85,21.5,31.3
"123",4147,"R_TowBIbjzMvWm63v",229678093141220,2,45.9,9.85,21.5,31.3
"124",4242,"R_2t6gsbj971toTnS",229410207387704,2,22.5,5.07,23.3,28.4
"125",4303,"R_yjvkrUjn49WQFHj",229242449970251,2,24.3,4.92,20.2,25.1
"126",4310,"R_DwtraUbo8TTxK5b",229937963227316,2,24.3,4.92,20.2,25.1
"127",4313,"R_241nEMMdhWumQoO",229256171951216,2,24.3,4.92,20.2,25.1
"128",4419,"R_2q8jjB4POrxng1J",229242449962151,2,45.9,9.85,21.5,31.3
"129",4450,"R_qVCnJhMYPvHRTjz",229321437701161,2,21.2,4.26,20.3,24.6
"130",4452,"R_2e5tMsjqS8r894Q",229242449962154,2,16.9,3.21,19.8,23
"131",4452,"R_1KsaM05l1fUtPlf",229678093185199,2,16.9,3.21,19.8,23
"132",4500,"R_1FET35ZNzpaPbdF",229678093261955,2,30.8,6.79,22,28.8
"133",4500,"R_1cYyqwuVjx1HrFm",230469411957892,2,30.8,6.79,22,28.8
"134",4528,"R_08pQbcqpFcnHu6Z",229410206679098,2,14.8,3.35,23.2,26.6
"135",4528,"R_3gXFwb5Rj3GeayC",229242450017359,2,14.8,3.35,23.2,26.6
"136",4553,"R_YVse2xBKz1KBkEF",229242449960046,2,31.2,6.79,21.8,28.6
"137",4562,"R_2EzrxrOnJkcxDmK",229410207386675,2,15.9,3.58,23.2,26.8
"138",4600,"R_2xRFAHf3m984KjF",229937963274473,2,28.4,6.56,23.1,29.6
"139",4600,"R_3jd276FCkxUx0jk",229242449955883,2,28.4,6.56,23.1,29.6
"140",4617,"R_3p2SlJMvhHdZQFF",229678093160510,2,42.3,7.73,18.3,26
"141",4702,"R_1rMMLys7a9QDlKp",229937963154540,2,1.23,0.3,24.4,24.8
"142",4704,"R_3KHlnf4QUvxSqJv",229321437668352,2,34.6,6.55,21.5,28
"143",4710,"R_V3kGA2IGHML65wJ",229321438155991,2,37.8,8.76,23.2,32
"144",4800,"R_3Gw88RytBLzHXQc",229256171696202,2,42.4,8.99,21.2,30.2
"145",4800,"R_0GLAzLpKzb2dj0t",229410206607464,2,42.4,8.99,21.2,30.2
"146",4802,"R_2Y9WhVvkCDyq3KU",229758453882067,2,42,8.99,21.4,30.4
"147",4852,"R_3dWXqIgiMohp3v6",229321437858830,2,62.6,12.8,20.5,33.3
"148",4914,"R_1eP2L8wV1THm3zI",229256171632771,2,29.6,6.91,23.4,30.3
"149",4917,"R_1dyNNy7i0IogXjW",229321438291162,2,17.7,4,23.9,27.9
"150",4950,"R_2QX1hhnet3fuiW3",229321437763714,2,73.2,16.4,22.4,38.8
"151",4954,"R_3JedFD408eCUXoU",229321438291163,2,1.19,0.3,25.2,25.5
"152",4955,"R_2Xjw9U7TeoUf9Zs",229678093176971,2,1.19,0.3,25.2,25.5
"153",5000,"R_24c60G9jeprs59Z",229678093333617,2,25.4,5.51,21.7,27.2
"154",5012,"R_1i3WThj1PPLv7sg",229321438164192,2,38,8.76,23.1,31.8
"155",5014,"R_2qfRClOFBxZsnnR",229410206882844,2,33,7.07,21.4,28.5
"156",5014,"R_3iX9gC2rzaQW4Sf",229242449966083,2,33,7.07,21.4,28.5
"157",5018,"R_WetzP6sCYnlwhs5",229256171672827,2,25.4,5.51,21.7,27.2
"158",5024,"R_1MS46DkDMSuh1PA",229321437515815,2,25.4,5.51,21.7,27.2
"159",5034,"R_0Ah8ZQaBntW3RmN",229321438136512,2,41.9,8.16,19.5,27.6
"160",5035,"R_RkTFWzS6jlgvMrf",229166416661577,2,25.4,5.51,21.7,27.2
"161",5036,"R_291bVqvQIw7Pthf",229410207359174,2,92.4,15.8,17.1,32.8
"162",5042,"R_2VJjrhVyFhYGO2W",229937963416732,2,25.4,5.51,21.7,27.2
"163",5210,"R_1LuhzYh0vCqcqBC",229242449972339,2,89.8,18.9,21.1,40
"164",5223,"R_2thAxw4OJlnEKbT",229410206849208,2,21,3.99,19,23
"165",5242,"R_8jMFl4Q2cGUox21",229937962987732,2,18.8,3.89,20.6,24.5
"166",5242,"R_2SoeQbtedg9U7A9",229321438210114,2,18.8,3.89,20.6,24.5
"167",5312,"R_2THwCnsFNqSSc1l",229321437909061,2,24.3,4.92,20.2,25.1
"168",5400,"R_12FvkBHjq90xjcH",229410207402117,2,34.3,6.6,19.2,25.8
"169",5412,"R_3D2zYtpdbhtT6vH",229166416657657,2,36.3,7.53,20.8,28.3
"170",5415,"R_bkklTWAEx4yeNhL",229242449966332,2,26.9,5.59,20.8,26.4
"171",5415,"R_1FsrFDQpo9ZXqH5",229678093212685,2,26.9,5.59,20.8,26.4
"172",5417,"R_O8bmxk3y8KPhce5",229321437752435,2,25.7,5.25,20.5,25.8
"173",5417,"R_3Oxtxu9mmCmbgXL",230295580432440,2,25.7,5.25,20.5,25.8
"174",5430,"R_Dk5989wZHXlEzct",229166416656617,2,62.7,12.2,19.5,31.8
"175",5430,"R_3dG2OSaM6IKem2B",229678093102160,2,62.7,12.2,19.5,31.8
"176",5430,"R_2riOlz6GykyQOSK",229242449960052,2,62.7,12.2,19.5,31.8
"177",5432,"R_2RUHQD5aPpSRYCm",229678093262980,2,36.8,6.97,18.9,25.9
"178",5432,"R_1I6tryAkVhTDSJ0",229678093437108,2,36.8,6.97,18.9,25.9
"179",5442,"R_1jrnUBWb0tBNVBo",230296024724709,2,38.6,7,18.1,25.1
"180",5442,"R_3Jx6MbfEXTvKxDI",229242449961112,2,38.6,7,18.1,25.1
"181",5507,"R_1dH1iYOib9kW6Yk",229678093228064,2,41.6,7.1,17.1,24.2
"182",5524,"R_1QlrekUmzTk0Wbq",229321438363760,2,41.5,6.5,15.7,22.2
"183",5610,"R_9Yp1rttWTLA5JjX",229678093198559,2,34.2,6.89,20.1,27
"184",5612,"R_3JdS6G2oeyURtlh",229256171575321,2,49.6,10.5,21.1,31.5
"185",5621,"R_TnJKPfSngzfmYhj",229256171636877,2,98.4,16.5,16.8,33.3
"186",5623,"R_1F95ZqBmJuJUOkw",230469411958921,2,47.3,8.02,16.9,25
"187",5704,"R_2f6EtfUFp544Jg0",229242450005063,2,41.4,9.36,22.6,31.9
"188",5707,"R_sZ5hFn2aGEar5K1",229256171671793,2,24.3,4.92,20.2,25.1
"189",5722,"R_21adMr6FTICq8w7",229410206775296,2,37.1,7.8,21,28.8
"190",5722,"R_2ghsWopwxNyadTb",229758454236304,2,37.1,7.8,21,28.8
"191",5722,"R_3HFoTLJEFC5wC4x",229678093166682,2,37.1,7.8,21,28.8
"192",5734,"R_1pFFiHfQdEkz93a",229678093414635,2,25.8,4.4,17.1,21.5
"193",6000,"R_2eWgxkI1ZcLlACS",229256171818133,2,32.7,6.8,20.8,27.6
"194",6003,"R_2qlSogoBK0vIz2z",229678093384755,2,32.7,6.8,20.8,27.6
"195",6004,"R_1lmLSlh21OinLUg",229321438357604,2,32.7,6.8,20.8,27.6
"196",6010,"R_1o59gPx3PeNGzjI",229410206629043,2,31.3,6.52,20.8,27.4
"197",6015,"R_1PdvSyRjroeuRch",229242449982562,2,32.7,6.8,20.8,27.6
"198",6017,"R_3ksTL2kxGb86yzZ",229678093441262,2,39.4,8.16,20.7,28.8
"199",6020,"R_2DOdBo6U9ALFufg",229242450019449,2,39.1,8.1,20.7,28.8
"200",6020,"R_3j6hQrSK7YQRpwX",229256171677705,2,39.1,8.1,20.7,28.8
"201",6020,"R_22KwCvuwNgadkM1",229410206625953,2,39.1,8.1,20.7,28.8
"202",6020,"R_1DSURcJvOpaPjL4",229410206632128,2,39.1,8.1,20.7,28.8
"203",6023,"R_1n1JzBYizsP8rTM",229256171660490,2,39.4,8.16,20.7,28.8
"204",6030,"R_1jZcZ1S8MccWXlw",229937963399296,2,39.4,8.16,20.7,28.8
"205",6038,"R_331IDX0zbNRfPC5",229678093162569,2,39.4,8.16,20.7,28.8
"206",6045,"R_3O0UASSJuVz1wKV",229678093438137,2,38.9,8.1,20.8,28.9
"207",6048,"R_3GpNBQ5CgxNdsMz",229678093165654,2,39,8.1,20.8,28.9
"208",6048,"R_3EMSyhqUCbKLNmr",229410207420614,2,39,8.1,20.8,28.9
"209",6074,"R_3D8h1NrjCM66rpq",229678093212684,2,39.2,8.39,21.4,29.8
"210",6122,"R_1K41lGNotMQuaYo",229321438312457,2,39.4,8.16,20.7,28.8
"211",6130,"R_3KpGGIpTCeV26Qq",229410206664732,2,56.1,11.1,19.9,31
"212",6132,"R_Ybr1hoXT0OQo277",229242450035926,2,56.1,11.1,19.9,31
"213",6142,"R_25zq5nVLCITNtp3",229937963524329,2,56.1,11.1,19.9,31
"214",6206,"R_0qrY0GIlLElSZnr",229242449957973,2,39.1,8.1,20.7,28.8
"215",6207,"R_cUssRwZ7X6KVAKR",229678093138135,2,39.4,8.16,20.7,28.8
"216",6215,"R_d4onltv9E2ZhjUt",229678093170791,2,39.4,8.16,20.7,28.8
"217",6243,"R_2YKwMWQVUVMr2UE",229410207207669,2,39.4,8.16,20.7,28.8
"218",6247,"R_3gL5PLi3c3Tyn7l",229256171707512,2,39.4,8.16,20.7,28.8
"219",6265,"R_2dMk0oGfGhHGCcZ",229321437924445,2,39.4,8.16,20.7,28.8
"220",6280,"R_32RVgxtiZnQ4qFn",229321437918290,2,39.2,8.35,21.3,29.7
"221",6280,"R_e5qmKddRNlgx7SV",229937963048994,2,39.2,8.35,21.3,29.7
"222",6285,"R_1BnkeWb8Yt6wKJz",229166416660547,2,39.4,8.16,20.7,28.8
"223",6300,"R_2q2wBpEDDTOLQAr",229678093358306,2,39.8,8.34,20.9,29.3
"224",6300,"R_3KTwRSPp3KkukEt",229678093184174,2,39.8,8.34,20.9,29.3
"225",6330,"R_2X4FuYhXmC8ywIK",229256171743437,2,38.8,8.39,21.6,30
"226",6340,"R_1jxnsKE1PsOW2ud",229242449956923,2,41.9,9.16,22,31.2
"227",6343,"R_1C12fULwd6sARNr",229410206611574,2,39.8,8.34,20.9,29.3
"228",6343,"R_ujE7f07IK4OOVxf",229256171601985,2,39.8,8.34,20.9,29.3
"229",6370,"R_31gXaeWDD8YXO0m",229166416663673,2,4.26,0.8,18.8,19.6
"230",6403,"R_2yeC9fRUTFi5tqO",229678093098051,2,104,21.2,20.4,41.6
"231",6403,"R_11Xg8JyRKok3DIm",229256171609167,2,104,21.2,20.4,41.6
"232",6403,"R_3HYPAQFIup9BRUb",229758454227061,2,104,21.2,20.4,41.6
"233",6422,"R_2m0qE3DQhkw5quZ",229242449966328,2,14.9,3.23,21.7,25
"234",6440,"R_rdvGOViTUIBzCnv",229678093258872,2,104,21.2,20.4,41.6
"235",6460,"R_2V8sidAyrLfM799",230469411964067,2,33.9,7.77,22.9,30.7
"236",6460,"R_xhgwIdsmKhptaSZ",229678093312036,2,33.9,7.77,22.9,30.7
"237",6465,"R_31szBB0IAUEKR80",230469411984631,2,33.9,7.77,22.9,30.7
"238",6500,"R_247c4NnDPReP6Mb",229242449966325,2,6.88,1.41,20.5,21.9
"239",6600,"R_30jwO1Q51T1Oqua",229678093115531,2,18.3,4.52,24.7,29.2
"240",6950,"R_3GvpTnsgO0dN7v3",229937962964147,2,24,5.58,23.3,28.9
"241",6982,"R_3hxUPG9N0GYg3od",229937963133014,2,32.2,6.94,21.6,28.5
"242",7000,"R_3FJ4SXnN81puDee",229256171971796,2,18.7,3.99,21.3,25.3
"243",7000,"R_vrkRIv7sYwaMm09",229242449959017,2,18.7,3.99,21.3,25.3
"244",7220,"R_10qL1CUVhegrTOE",229678093213710,2,9.35,2.4,25.7,28.1
"245",7233,"R_3Kwkto5OYOMGaGx",229678093236281,2,11.1,2.8,25.3,28.1
"246",7250,"R_1j7oxMkWVP5NSpt",229410207373567,2,11.8,2.8,23.8,26.6
"247",7323,"R_3MF2TwU91RhiPHD",229242449971312,2,24.3,4.88,20.1,25
"248",7402,"R_1KjR9tFAM9YeB0x",229256171712646,2,32.5,6.98,21.5,28.5
"249",8000,"R_2CdKqpjnwbuFxcI",229256171588667,2,4.14,0.89,21.5,22.4
"250",8001,"R_9S1HJj2WkOXsLlv",229678093439184,2,4.14,0.89,21.5,22.4
"251",8001,"R_3oFUF1QXe4YNcRL",229256171747545,2,4.14,0.89,21.5,22.4
"252",8001,"R_1Y2iKkxsibQMHVD",229321437941882,2,4.14,0.89,21.5,22.4
"253",8002,"R_3lQDx1cB3wc76j8",229242449975493,2,4.14,0.89,21.5,22.4
"254",8002,"R_3Rr91DNs3NWZo2R",229256171959445,2,4.14,0.89,21.5,22.4
"255",8003,"R_3MG5FAqJxElwWok",229321437541463,2,4.14,0.89,21.5,22.4
"256",8004,"R_1LFmb4Bx13gTnD3",230469411954784,2,4.14,0.89,21.5,22.4
"257",8004,"R_2dWss8mIevBNbql",229242449956910,2,4.14,0.89,21.5,22.4
"258",8005,"R_3eagtAH5SJ1436B",229410207311898,2,4.14,0.89,21.5,22.4
"259",8005,"R_3xiQlLLXaUO4hpL",229256171956357,2,4.14,0.89,21.5,22.4
"260",8005,"R_2Uft2iwSo6pXJ8E",229256171971794,2,4.14,0.89,21.5,22.4
"261",8006,"R_uwVUl5YWIGbnhiF",229937963517143,2,4.14,0.89,21.5,22.4
"262",8008,"R_UGsN5aSGIQohETn",229410206799933,2,4.14,0.89,21.5,22.4
"263",8037,"R_tWWP8sTyFYX40tH",229678093439181,2,4.14,0.89,21.5,22.4
"264",8037,"R_2WAJRrWbWwkXh4E",229321438376071,2,4.14,0.89,21.5,22.4
"265",8037,"R_2xPhBRgiLp0kQnn",229678093104221,2,4.14,0.89,21.5,22.4
"266",8041,"R_2YmNX6Oye45BteD",229678093252715,2,4.14,0.89,21.5,22.4
"267",8046,"R_2rAZ1Ka3wuVKPBW",229410206693467,2,4.14,0.89,21.5,22.4
"268",8046,"R_4GWm9Ta9Kjzy2E9",229410206780427,2,4.14,0.89,21.5,22.4
"269",8047,"R_26f1OmYAyKKQTeV",229678093313064,2,4.14,0.89,21.5,22.4
"270",8047,"R_1GHQis7V3Yvuhjl",229678093350079,2,4.14,0.89,21.5,22.4
"271",8048,"R_1i3c3kYUgGHTiAA",229321437798583,2,4.14,0.89,21.5,22.4
"272",8048,"R_3mAe9TEtmdbknbb",229166416662637,2,4.14,0.89,21.5,22.4
"273",8048,"R_TjiLF7QjzZx58Ax",229410206856398,2,4.14,0.89,21.5,22.4
"274",8048,"R_3LYlsetdO0jWCCR",229256171674879,2,4.14,0.89,21.5,22.4
"275",8048,"R_vdaVDoXOyJPo80h",229321438308354,2,4.14,0.89,21.5,22.4
"276",8049,"R_29iVCMt5bQ4ccVC",229678093257846,2,4.14,0.89,21.5,22.4
"277",8049,"R_2dg3EfUOU09B5o4",229256171951214,2,4.14,0.89,21.5,22.4
"278",8049,"R_1JFb2GboLo58HzV",229242449965295,2,4.14,0.89,21.5,22.4
"279",8050,"R_2zx96JsJgGlf2Gl",229937963436224,2,4.14,0.89,21.5,22.4
"280",8050,"R_sA7Re0aES3EZ7vH",230296024624230,2,4.14,0.89,21.5,22.4
"281",8052,"R_uwsz0gXGHX7JS5b",229321437554799,2,4.14,0.89,21.5,22.4
"282",8057,"R_3mjBG4EWOAh2zPn",229166416659499,2,4.14,0.89,21.5,22.4
"283",8057,"R_2rptQgetriC4VnC",229321437839597,2,4.14,0.89,21.5,22.4
"284",8102,"R_2XogjSrW9vqpdC3",230469411950672,2,28.1,4.8,17.1,21.9
"285",8108,"R_1rP3xwHOfSB3Xfm",229242449970265,2,28.1,4.8,17.1,21.9
"286",8122,"R_1QrwLMIn7K2GhNN",229321438287057,2,28.1,4.8,17.1,21.9
"287",8126,"R_PBcTTnEeUPxENON",229242449960050,2,28.1,4.8,17.1,21.9
"288",8132,"R_2XiIXFvRQQWAgP4",229242449955882,2,28.1,4.8,17.1,21.9
"289",8135,"R_0jlDzmWvG165Jfj",229758454228087,2,28.1,4.8,17.1,21.9
"290",8152,"R_12LqzQngtlo94Le",229321438315541,2,20,3.87,19.3,23.2
"291",8152,"R_268x0qErskNtjpo",229410206658574,2,20,3.87,19.3,23.2
"292",8152,"R_3nDcGHwLMBdULri",229242449969217,2,20,3.87,19.3,23.2
"293",8152,"R_3JDfuMcUJTSqd7U",229256171701343,2,20,3.87,19.3,23.2
"294",8153,"R_1CdKX4DlM73wmnq",229242449965297,2,55.2,10.7,19.4,30.1
"295",8153,"R_3rGtK5dTnqFVCjc",229678093415665,2,55.2,10.7,19.4,30.1
"296",8156,"R_24Gb9X8geu0NxJ9",229242449959012,2,28.1,4.8,17.1,21.9
"297",8157,"R_Uz0ZnKODzkhgrQJ",229678093305871,2,28.1,4.8,17.1,21.9
"298",8173,"R_1QJUJ26SmMteltD",229256171900089,2,28.1,4.8,17.1,21.9
"299",8180,"R_3iPFn2zdLAOWsY6",229678093413606,2,28.1,4.8,17.1,21.9
"300",8180,"R_1cTvFzZh8rAXZLM",229410206789674,2,28.1,4.8,17.1,21.9
"301",8180,"R_3nouJkI0EPchv0K",229242449968175,2,28.1,4.8,17.1,21.9
"302",8180,"R_rjxdCSSgbclxtmN",229678093128888,2,28.1,4.8,17.1,21.9
"303",8180,"R_2s6gbEYqdZujizh",229410206623901,2,28.1,4.8,17.1,21.9
"304",8180,"R_3O3nOZtgpHg6gaK",229256171962526,2,28.1,4.8,17.1,21.9
"305",8182,"R_UfM3vqPCw8zV58l",229410207341703,2,28.1,4.8,17.1,21.9
"306",8185,"R_r8UYG8lc0kWI42R",229678093414638,2,28.1,4.8,17.1,21.9
"307",8185,"R_22zBwIlTw6hKf92",229242449964248,2,28.1,4.8,17.1,21.9
"308",8187,"R_263IFUYHOUdE9SR",229678093381679,2,76.7,15.3,20,35.3
"309",8193,"R_1g8sB1oxmSUbqac",229321437575305,2,28.1,4.8,17.1,21.9
"310",8193,"R_29uhdl1Vw2SydD1",229242449960057,2,28.1,4.8,17.1,21.9
"311",8193,"R_x5aTwvkEp5tEnF7",229321437993153,2,28.1,4.8,17.1,21.9
"312",8197,"R_2VEBV1FZqbQzJh9",229166416662627,2,28.1,4.8,17.1,21.9
"313",8200,"R_2EudHnKol1N7utZ",229321438308355,2,26.9,5.35,19.9,25.2
"314",8212,"R_pMXDxYiOWN0mZAB",229256171567352,2,24.2,4.75,19.6,24.4
"315",8212,"R_OEbN0TJRgvWtOql",229166416657415,2,24.2,4.75,19.6,24.4
"316",8212,"R_w0NtmghAPqNxriN",229321438399669,2,24.2,4.75,19.6,24.4
"317",8222,"R_2qC9he4AoxVGi4W",229937963083831,2,24.2,4.75,19.6,24.4
"318",8222,"R_3018SSHXTKbMgat",229242449967117,2,24.2,4.75,19.6,24.4
"319",8222,"R_3oTxjZRLervWm86",229410206924938,2,24.2,4.75,19.6,24.4
"320",8240,"R_2xWTnHsjrYO8IcV",229678093213711,2,24.2,4.75,19.6,24.4
"321",8248,"R_2fx5TdeHZkzu7SR",229166416667863,2,28.1,4.8,17.1,21.9
"322",8280,"R_1pYclIa7OYRv1ML",229256171581480,2,27.6,6.11,22.2,28.3
"323",8280,"R_2ZWyyPiiLyQJZv6",229242449961110,2,27.6,6.11,22.2,28.3
"324",8302,"R_Rkm2OIdJcP6tieZ",229242449956909,2,71.9,13,18,31
"325",8304,"R_2s56lo4tG3fLjIQ",229256171644062,2,35.3,6.92,19.6,26.5
"326",8310,"R_5vc4nQWCetf8djz",230469411949637,2,62.8,12.1,19.3,31.4
"327",8311,"R_27xmPUAjYoTlGbO",229410206643426,2,28.1,4.8,17.1,21.9
"328",8340,"R_3rNS3W6jWnb4XA4",229256171582508,2,28.1,4.8,17.1,21.9
"329",8353,"R_1mftDM95HcXdSyb",229242449968159,2,28.1,4.8,17.1,21.9
"330",8355,"R_3Pq4dwxmvP7IV7W",229678093298939,2,37.2,7.4,20.1,27.5
"331",8356,"R_2TXIK6VleUaA37H",229242450014215,2,37.2,7.4,20.1,27.5
"332",8362,"R_2ZPOqSrWRiMJiEY",229256171564265,2,37.7,7.4,19.6,27
"333",8400,"R_1N36l6kUedKpvUH",229937963438276,2,30.3,6.57,21.7,28.2
"334",8405,"R_2WCGRS3itljeTiz",229321437547620,2,30.3,6.57,21.7,28.2
"335",8427,"R_2t673KXh7dRiqrM",229678093260930,2,28.1,4.8,17.1,21.9
"336",8444,"R_RFtxxKxqDaFLHtT",229678093440221,2,28.1,4.8,17.1,21.9
"337",8450,"R_1o6ZCIGdLLfFE7n",229242449971308,2,0.87,0.11,12.7,12.8
"338",8450,"R_RCgfxvMaSTFEMEx",229256171741387,2,0.87,0.11,12.7,12.8
"339",8451,"R_3fpDyJOpJ1Eg7nH",229758454231173,2,28.1,4.8,17.1,21.9
"340",8451,"R_2YXHheCUdE9I5jp",229937963245768,2,28.1,4.8,17.1,21.9
"341",8483,"R_2659tYd3sAf0P87",229410206617743,2,28.1,4.8,17.1,21.9
"342",8500,"R_3m32qTstvhmJ84V",229758454067427,2,51.3,11.1,21.7,32.8
"343",8500,"R_2RaD1qLsjvheOt2",229678093111417,2,51.3,11.1,21.7,32.8
"344",8512,"R_3EfDN5A3uRRGMEJ",229321437693984,2,7.31,1.56,21.4,22.9
"345",8535,"R_269gcLFmULGPptO",229410206644455,2,18.5,3.2,17.3,20.5
"346",8542,"R_1OOwSBX7GRf44TF",229256171733167,2,28.1,4.8,17.1,21.9
"347",8546,"R_DvGNooOqCLbTfUt",229242450009233,2,53.2,11.3,21.2,32.5
"348",8548,"R_3KUgfD2lM1BV4IY",229321438413008,2,28.1,4.8,17.1,21.9
"349",8552,"R_2492pCKHqf5dlKi",229678093372428,2,42.6,8.08,19,27
"350",8564,"R_1hWENNYHai5sIcR",229678093101132,2,114,19.2,16.9,36.1
"351",8570,"R_2YSB2Ar1L0afUeM",229166416665777,2,23.2,5.13,22.1,27.3
"352",8572,"R_3lPRoXD0peSUgP1",229678093275314,2,21.3,4.11,19.3,23.4
"353",8580,"R_2QYGfMYzAouv17p",229321438289110,2,72,16.3,22.7,39
"354",8590,"R_efXCEpWlSglm0g1",229242449956912,2,12.9,2.32,17.9,20.3
"355",8590,"R_1CkdNoOv8qkxuic",229242449979409,2,12.9,2.32,17.9,20.3
"356",8595,"R_1QcuoKglTc1aR2c",230469411967151,2,14.5,2.82,19.5,22.3
"357",8600,"R_AG05TbDyvhvnphD",229678093386810,2,35.1,6.81,19.4,26.2
"358",8600,"R_Ze5kKE9z67vfMhb",229256171580455,2,35.1,6.81,19.4,26.2
"359",8600,"R_UnpmfkU23FuTDWh",229678093397101,2,35.1,6.81,19.4,26.2
"360",8600,"R_22re08dv5zyt3zy",229256171552970,2,35.1,6.81,19.4,26.2
"361",8603,"R_uh2VLGQIPdw2WLD",229321438092389,2,28.1,4.8,17.1,21.9
"362",8606,"R_1fZtkgmHmLRnrKW",229256171627637,2,28.1,4.8,17.1,21.9
"363",8610,"R_3FRKYX9SsnpvlPA",229256171770896,2,60.5,10.9,18,28.9
"364",8623,"R_1l0RIyAa9CP5bzP",229256171658438,2,44.8,9.05,20.2,29.3
"365",8625,"R_BremVIKM3Mz3PEJ",229242449982547,2,32.2,5.76,18.2,23.9
"366",8630,"R_2uyblRo6cWLyvL3",229937963219114,2,33.6,6.2,18.5,24.7
"367",8630,"R_Wc9R39yolT7MThT",230469411962007,2,33.6,6.2,18.5,24.7
"368",8632,"R_1MK61RcnsRnWNLS",229321437739104,2,31.8,5.5,17.3,22.8
"369",8634,"R_2dBlKqNLVxM9bd1",229678093439186,2,28.1,4.8,17.1,21.9
"370",8634,"R_1fd2J5yU5aMILdN",229321437584534,2,28.1,4.8,17.1,21.9
"371",8702,"R_27dSC2bMDR9Y5Nq",229678093170793,2,30,6.14,20.4,26.6
"372",8703,"R_2S2hLsZH1WfTg51",229256171968702,2,32.6,6.54,20,26.6
"373",8707,"R_3PiDyPM1kBC79aY",229256171909345,2,29.1,6.05,20.8,26.9
"374",8712,"R_28CZFXMZNeee8Tb",229410207337591,2,52,8.77,16.8,25.6
"375",8716,"R_1jxCmTjj4OJF6wA",229321437546594,2,37.5,7.54,20.1,27.6
"376",8717,"R_3h4p0qpGxWqX6Ki",229256171706482,2,30.2,6.17,20.4,26.6
"377",8725,"R_AuJI7yC5tBSLAEV",229678093191369,2,30.8,6.44,20.9,27.3
"378",8730,"R_1oqkBndhcpDZMqi",227471450957862,2,26.6,6.03,22.6,28.7
"379",8730,"R_3GAGoyaBkjZ8A2V",229678093270175,2,26.6,6.03,22.6,28.7
"380",8730,"R_3MMxIx7rQIdzRQZ",229937963529455,2,26.6,6.03,22.6,28.7
"381",8762,"R_1rq6oBNP3dfuJSh",229256171676680,2,9.56,1.9,19.9,21.8
"382",8800,"R_3gYIjoJuMp5WMCS",229410207067333,2,28.1,4.8,17.1,21.9
"383",8803,"R_RrWEqa504IT11n3",229758453883093,2,28.1,4.8,17.1,21.9
"384",8804,"R_2t9ZLF6oFfMiMvl",229256171870274,2,28.1,4.8,17.1,21.9
"385",8805,"R_2uyAjmplIniR3LB",229410206981135,2,28.1,4.8,17.1,21.9
"386",8856,"R_3LZ94aSf5ciIvSQ",229242449967120,2,71,15.9,22.4,38.3
"387",8863,"R_2s6KWJEUr5gIDwb",229242450002953,2,72.2,15.5,21.5,37
"388",8868,"R_3nHJa8W4XzoQbm4",229410206798905,2,41.4,9.55,23.1,32.6
"389",8880,"R_RFF8tBoS3es1VRf",230296025317508,2,31.6,6.5,20.6,27.1
"390",8902,"R_2UaTpdychGDPiV7",229256171785269,2,28.1,4.8,17.1,21.9
"391",8903,"R_1LFH0LOWi9Yz49r",229758453932074,2,28.1,4.8,17.1,21.9
"392",8910,"R_1pE6ArVUGuyvRRO",229410206959843,2,28.1,4.8,17.1,21.9
"393",8910,"R_Q0xRb6pvLJr6HId",229242450005039,2,28.1,4.8,17.1,21.9
"394",8912,"R_eDNkLyvO5gzQoSZ",229256171710589,2,28.1,4.8,17.1,21.9
"395",8932,"R_3J8CArQnsceZPxX",229256171870273,2,28.1,4.8,17.1,21.9
"396",8952,"R_3GoDYngOwvRFlVe",229678093426755,2,28.1,4.8,17.1,21.9
"397",8952,"R_ToAwS1lLBvXxWW5",229321438098546,2,28.1,4.8,17.1,21.9
"398",8952,"R_r2LYrpTImTcbh4Z",229410207028326,2,28.1,4.8,17.1,21.9
"399",8953,"R_1rGjHoIhYHFANNu",229321437877282,2,28.1,4.8,17.1,21.9
"400",8954,"R_1Cl2SebPQbOFhuz",229256171549895,2,28.1,4.8,17.1,21.9
"401",8957,"R_2AFo5duAc0IHQXg",229937963228341,2,56.1,9.3,16.6,25.9
"402",8957,"R_1qfwYSQzryaZPRf",229410207386673,2,56.1,9.3,16.6,25.9
"403",9000,"R_2CKdLXRBdTOZHOl",229937963347010,2,27.5,5.88,21.4,27.2
"404",9000,"R_2ZOLtO5eQcxaywi",229256171630718,2,27.5,5.88,21.4,27.2
"405",9000,"R_1F97pVdAYa0AR1X",229321438387356,2,27.5,5.88,21.4,27.2
"406",9000,"R_3pik33O5ERDcnHu",229321437509656,2,27.5,5.88,21.4,27.2
"407",9000,"R_ZfsmpK0IRtnlaF3",229242449966330,2,27.5,5.88,21.4,27.2
"408",9008,"R_zZhGQuBwm9PKEEh",229256171950188,2,27.5,5.88,21.4,27.2
"409",9011,"R_1esHTNUUBMqaFT4",229758454221926,2,27.5,5.88,21.4,27.2
"410",9014,"R_82qifZi875gCzct",229678093254769,2,27.5,5.88,21.4,27.2
"411",9014,"R_2X5rHnaGRBKVlOf",229937963518171,2,27.5,5.88,21.4,27.2
"412",9016,"R_1Eh4vp1pfF8GFJb",229321438343251,2,27.5,5.88,21.4,27.2
"413",9055,"R_2e8zf4yA6aADPCx",229321437583507,2,31.8,6.44,20.3,26.7
"414",9100,"R_3Qy41xx43VBVI2J",229678093284551,2,31.8,6.44,20.3,26.7
"415",9100,"R_3oSBXjREfY2VK3k",229321437593760,2,31.8,6.44,20.3,26.7
"416",9100,"R_1LexZBYJhPpiZjV",229242449960063,2,31.8,6.44,20.3,26.7
"417",9100,"R_2CDORoRuFPEWDUw",229242449977582,2,31.8,6.44,20.3,26.7
"418",9100,"R_1mn6nqlgVzfC7By",229321437507604,2,31.8,6.44,20.3,26.7
"419",9103,"R_2ZQxRHv46lId9eJ",230469412018328,2,29.9,5.84,19.6,25.5
"420",9103,"R_O6yvEF2xIRQ495D",229410206609516,2,29.9,5.84,19.6,25.5
"421",9113,"R_3KSHZzbgYF0hmWN",229678093435043,2,33,6.85,20.8,27.6
"422",9127,"R_3soja05ifxsWkQq",229166416666812,2,19.8,4.19,21.2,25.4
"423",9230,"R_2pQOajlwzQ06f44",229321437755510,2,62.8,12.4,19.8,32.2
"424",9240,"R_22LmAhnuYngmKbY",229678093101134,2,29.2,5.62,19.2,24.8
"425",9244,"R_1gznfQwU0vN5Ydh",229678093431933,2,30.3,6.44,21.3,27.7
"426",9320,"R_1CevVXtsMkU9MWT",229678093114502,2,7.53,1.74,23.1,24.9
"427",9320,"R_9MQsh0tELQM4X1T",229242449961107,2,7.53,1.74,23.1,24.9
"428",9400,"R_3QQyZQp3jw4DK0T",229166416689292,2,16.2,3.57,22,25.6
"429",9424,"R_2sb8kwdFoCXuYsV",229678093256821,2,45.9,9.1,19.8,28.9
"430",9435,"R_3exXU5InBRQRN4u",229256171776032,2,62.5,11.2,17.9,29.1
"431",9442,"R_1DHhLExORVUMSTn",229256171569156,2,22.1,5.03,22.7,27.8
"432",9442,"R_YbG31hgYbU9O8HT",229410206821485,2,22.1,5.03,22.7,27.8
"433",9442,"R_1CDUlzZa5Xoqq1P",229242449969221,2,22.1,5.03,22.7,27.8
"434",9444,"R_XMrlfKuFlmyYBMd",229937963303953,2,32.5,7.04,21.6,28.7
"435",9450,"R_21u3i7hJZiGF7q8",229256171709564,2,31.2,6.72,21.6,28.3
"436",9450,"R_2BmLZyq9ByhkZoN",230296025322640,2,31.2,6.72,21.6,28.3
"437",9452,"R_2vZhhzJLS8XEt1K",229678093381676,2,41.9,7.55,18,25.6
"438",9469,"R_3KJHMzL3J7PD1Ha",229937963317277,2,40,8.82,22.4,31.3
"439",9470,"R_1imVOnSNxFLWN9G",229758454052046,2,51.2,10.4,20.4,30.8
"440",9470,"R_2wt1y2Xbl9pcLpW",229678093404309,2,51.2,10.4,20.4,30.8
"441",9470,"R_BWhUQvzCcNKa6Fb",229410206636238,2,51.2,10.4,20.4,30.8
"442",9507,"R_xDXbvT4HcZ1WQaB",229321437719617,2,7.15,1.47,20.6,22
"443",9514,"R_Dq0pgiK5mRsKU81",229321438104706,2,1.77,0.32,18.1,18.4
"444",9526,"R_2w7AymsBq0kFlRS",229256171907291,2,212,38.8,18.3,57.1
"445",9533,"R_3iDXiFQbvXiCfFk",229256171697233,2,68.3,15,22.4,37.4
"446",9535,"R_9XKo56LagUvx42d",229678093331563,2,13.4,3.42,25.5,28.9
"447",9542,"R_qDQKzSuGB6HufBf",229678093424687,2,63.5,12.1,19.1,31.2
"448",9552,"R_2OTsX0VoE5sGvbN",229256171556050,2,59,12.1,20.8,32.9
"449",9630,"R_3hg7VuBZdF9ke2k",229758453977189,2,48.5,10.3,21.3,31.7
