"","ResponseId","m","emotions.re.pos","emotions.re.pos.scaled","emotions.re.neg.scaled","emotions.crisis.neg.tot","emotions.crisis.neg.tot.sc","trust.gov","trust.gov.scaled","trust.info.media","trust.info.gov","climate_concern","concern.scaled"
"1","R_0dg1Hw00DVaqtzz",229678093154327,6,1.5471615720524,-0.91528384279476,3.33333333333333,-0.532403371113048,4,0.308964316797214,5,6,5.25,0.328817733990148
"2","R_0OfdToodUAnFM6B",229320606084260,5.5,1.0471615720524,-0.41528384279476,5,1.13426329555362,4.66666666666667,0.975630983463881,5,5,5.25,0.328817733990148
"3","R_0OolMie4oWOnlJv",229678093372428,5.5,1.0471615720524,-0.91528384279476,5,1.13426329555362,4.66666666666667,0.975630983463881,4,4,2.75,-2.17118226600985
"4","R_0TmEasAMNDaTx73",229255657997387,4.5,0.0471615720524019,0.0847161572052402,4,0.134263295553618,4,0.308964316797214,3,3,4,-0.921182266009852
"5","R_10TQ9M87QSuIqpq",229677069783098,3.5,-0.952838427947598,-0.41528384279476,5.33333333333333,1.46759662888695,2.66666666666667,-1.02436901653612,3,2,6,1.07881773399015
"6","R_10ZfwML5Q6HbOBv",230296025238534,5,0.547161572052402,-1.41528384279476,2.33333333333333,-1.53240337111305,5.33333333333333,1.64229765013055,5,4,6,1.07881773399015
"7","R_114x80EEaCoWOK0",229321437670402,6,1.5471615720524,1.08471615720524,3,-0.865736704446382,5,1.30896431679721,5,4,5.75,0.828817733990148
"8","R_11bfomFynMxQ2HS",229256171561183,2,-2.4528384279476,-1.41528384279476,1,-2.86573670444638,4,0.308964316797214,4,3,5.75,0.828817733990148
"9","R_11crUzIYPdbRfiF",229320605939886,3.5,-0.952838427947598,-0.91528384279476,3.66666666666667,-0.199070037779715,4,0.308964316797214,4,4,6,1.07881773399015
"10","R_122NLeAz7IQz6Db",229409893558502,4,-0.452838427947598,3.08471615720524,5,1.13426329555362,3.66666666666667,-0.0243690165361192,4,3,6,1.07881773399015
"11","R_123mcZ5Ghsa8y8U",229409893567654,6,1.5471615720524,-1.41528384279476,2.33333333333333,-1.53240337111305,5,1.30896431679721,4,6,6,1.07881773399015
"12","R_1253hukGlxFYfER",229255657952395,6,1.5471615720524,-0.41528384279476,5.33333333333333,1.46759662888695,4.66666666666667,0.975630983463881,5,5,6,1.07881773399015
"13","R_12DTHefOjls1akp",229409893556414,6,1.5471615720524,-1.41528384279476,5.66666666666667,1.80092996222029,4.33333333333333,0.642297650130547,4,3,6,1.07881773399015
"14","R_12i4SXq1sTQbnI2",229678093243470,3.5,-0.952838427947598,0.0847161572052402,4,0.134263295553618,3.33333333333333,-0.357702349869452,4,4,4,-0.921182266009852
"15","R_12KA26bT3vvPUxO",229855352032472,5,0.547161572052402,-1.41528384279476,3,-0.865736704446382,4.33333333333333,0.642297650130547,3,4,4.75,-0.171182266009852
"16","R_12McFRO8avvy3pt",229320605959210,4,-0.452838427947598,-0.41528384279476,3.66666666666667,-0.199070037779715,3.66666666666667,-0.0243690165361192,4,3,5.25,0.328817733990148
"17","R_12nkx2QU4KAOjzq",229256171672827,5.5,1.0471615720524,0.58471615720524,4.66666666666667,0.800929962220285,4.33333333333333,0.642297650130547,1,3,3.25,-1.67118226600985
"18","R_12sASZ4D9fY0jtV",229242450030694,5,0.547161572052402,-1.41528384279476,2.33333333333333,-1.53240337111305,5,1.30896431679721,4,5,4.25,-0.671182266009852
"19","R_12zZPiBUIW0qjxi",229678093270176,5.5,1.0471615720524,1.08471615720524,4.66666666666667,0.800929962220285,3,-0.691035683202786,3,3,5.25,0.328817733990148
"20","R_1C4wdUlbfbQ1hML",229166066778304,4,-0.452838427947598,0.0847161572052402,4,0.134263295553618,4,0.308964316797214,4,4,5.25,0.328817733990148
"21","R_1CaoCMfaarSxBtF",229242449956909,1.5,-2.9528384279476,0.0847161572052402,3.66666666666667,-0.199070037779715,4.33333333333333,0.642297650130547,4,5,4,-0.921182266009852
"22","R_1CdA8mHseMZSYAc",229242295761139,5,0.547161572052402,-1.41528384279476,2.66666666666667,-1.19907003777972,4,0.308964316797214,3,3,3.75,-1.17118226600985
"23","R_1Cf6yTr5MYyJtR8",229677069772955,4.5,0.0471615720524019,-0.41528384279476,3.33333333333333,-0.532403371113048,3.66666666666667,-0.0243690165361192,4,4,6,1.07881773399015
"24","R_1CpbbcLiMzHifTD",229409893560330,4.5,0.0471615720524019,0.0847161572052402,3.33333333333333,-0.532403371113048,5,1.30896431679721,5,5,4.75,-0.171182266009852
"25","R_1d9WC22juoRU6UJ",229255658003638,4.5,0.0471615720524019,-1.41528384279476,4.66666666666667,0.800929962220285,4.66666666666667,0.975630983463881,5,4,5.75,0.828817733990148
"26","R_1dFaniBnw4OZYyy",229255658041440,5,0.547161572052402,-0.91528384279476,2,-1.86573670444638,4,0.308964316797214,4,4,3.75,-1.17118226600985
"27","R_1DpZ2imN1WBm1c6",229409893636180,4,-0.452838427947598,1.08471615720524,3.66666666666667,-0.199070037779715,3.33333333333333,-0.357702349869452,6,6,4,-0.921182266009852
"28","R_1dtb3TlGOCmUA69",229321437858830,5.5,1.0471615720524,-0.91528384279476,2.66666666666667,-1.19907003777972,4,0.308964316797214,6,5,5.5,0.578817733990148
"29","R_1dtQ89qnhvDRtCJ",229758201742380,5,0.547161572052402,0.58471615720524,4,0.134263295553618,4.66666666666667,0.975630983463881,4,4,6,1.07881773399015
"30","R_1DvYPnMPDojvXzI",229677069772958,6,1.5471615720524,1.08471615720524,4.33333333333333,0.467596628886951,4,0.308964316797214,5,5,6,1.07881773399015
"31","R_1DwD6QWJ1LcwYXv",229410207421640,5.5,1.0471615720524,-0.91528384279476,4.33333333333333,0.467596628886951,4,0.308964316797214,5,5,5.5,0.578817733990148
"32","R_1DYavCLz1ceAMY4",229255657928942,4.5,0.0471615720524019,-1.41528384279476,4.33333333333333,0.467596628886951,4,0.308964316797214,5,4,6,1.07881773399015
"33","R_1eItHzwa9LsrDs3",229321437583507,5,0.547161572052402,1.08471615720524,3.33333333333333,-0.532403371113048,2.33333333333333,-1.35770234986945,2,3,4.25,-0.671182266009852
"34","R_1F4k8KPay3Z7kp4",229409893558497,4.5,0.0471615720524019,2.08471615720524,5.33333333333333,1.46759662888695,3.33333333333333,-0.357702349869452,5,3,6,1.07881773399015
"35","R_1F94axNpIB5vuou",229321437921368,5,0.547161572052402,2.08471615720524,4.33333333333333,0.467596628886951,4.33333333333333,0.642297650130547,1,4,5,0.0788177339901477
"36","R_1FBk1b6s6Ugkr97",229321438243967,5,0.547161572052402,-1.41528384279476,5.66666666666667,1.80092996222029,1.66666666666667,-2.02436901653612,1,1,6,1.07881773399015
"37","R_1FDtuG3k56IdBXy",229256171644062,3,-1.4528384279476,-1.41528384279476,1.33333333333333,-2.53240337111305,5,1.30896431679721,4,5,5,0.0788177339901477
"38","R_1fl2MTowCfCRhG0",229855351994462,5.5,1.0471615720524,-0.41528384279476,4.33333333333333,0.467596628886951,4.66666666666667,0.975630983463881,4,4,5.75,0.828817733990148
"39","R_1FQVElWKrunBigd",229166416667863,3,-1.4528384279476,-1.41528384279476,4.66666666666667,0.800929962220285,5,1.30896431679721,5,5,5,0.0788177339901477
"40","R_1gGgLAtf6daWkoB",229320605940944,5,0.547161572052402,-0.41528384279476,3.33333333333333,-0.532403371113048,5,1.30896431679721,5,5,5.75,0.828817733990148
"41","R_1ghcFo1JrTvT8DO",229256171709564,4.5,0.0471615720524019,1.08471615720524,4,0.134263295553618,4.33333333333333,0.642297650130547,4,4,4,-0.921182266009852
"42","R_1giJxdmvvymiV9n",229242449966323,5.5,1.0471615720524,-0.91528384279476,2.33333333333333,-1.53240337111305,6,2.30896431679721,5,5,6,1.07881773399015
"43","R_1gIlDrlegDFV6sF",229166066788472,6,1.5471615720524,-1.41528384279476,4.33333333333333,0.467596628886951,4,0.308964316797214,4,6,6,1.07881773399015
"44","R_1gNKKT2BjaM2i4g",230469411957892,5,0.547161572052402,1.08471615720524,4,0.134263295553618,4.33333333333333,0.642297650130547,3,5,5.25,0.328817733990148
"45","R_1gNlZZdQIAPxbdw",229321438210114,5,0.547161572052402,0.58471615720524,4.33333333333333,0.467596628886951,5,1.30896431679721,3,3,5.75,0.828817733990148
"46","R_1Gy9AeUKqoHNGek",229409893605426,5,0.547161572052402,0.58471615720524,5.66666666666667,1.80092996222029,1.66666666666667,-2.02436901653612,1,1,1,-3.92118226600985
"47","R_1H8LLFUTNt7leVR",229321438330936,5.5,1.0471615720524,-0.91528384279476,4,0.134263295553618,3.66666666666667,-0.0243690165361192,5,5,6,1.07881773399015
"48","R_1hH0gbNZowjmFne",229677069777112,6,1.5471615720524,-0.91528384279476,5.33333333333333,1.46759662888695,2,-1.69103568320279,3,1,6,1.07881773399015
"49","R_1Hi6v3EBgholEqM",229409893567644,4.5,0.0471615720524019,0.0847161572052402,3,-0.865736704446382,4.66666666666667,0.975630983463881,5,6,6,1.07881773399015
"50","R_1hzJ87rgsFUNEvo",229409893637217,3.5,-0.952838427947598,2.08471615720524,4.66666666666667,0.800929962220285,3.33333333333333,-0.357702349869452,3,2,3.5,-1.42118226600985
"51","R_1I3Fm74ZDEJUWVt",229677069801550,5,0.547161572052402,0.58471615720524,4,0.134263295553618,5,1.30896431679721,5,5,6,1.07881773399015
"52","R_1I4608oEAcr8qZ5",229678093184174,5,0.547161572052402,-0.41528384279476,3,-0.865736704446382,4.33333333333333,0.642297650130547,4,4,6,1.07881773399015
"53","R_1i4KE9gxWSexZgC",229410206780427,4.5,0.0471615720524019,0.58471615720524,4.33333333333333,0.467596628886951,5,1.30896431679721,4,4,6,1.07881773399015
"54","R_1i5sFl38pMZRzhx",229255657947188,2.5,-1.9528384279476,-0.91528384279476,1,-2.86573670444638,1.33333333333333,-2.35770234986945,2,1,4,-0.921182266009852
"55","R_1Isk7x4MMVzR6oS",229410207386675,1,-3.4528384279476,3.08471615720524,3.33333333333333,-0.532403371113048,1.66666666666667,-2.02436901653612,4,1,5.25,0.328817733990148
"56","R_1j8SoIjXPT4DTvP",229242449968175,3.5,-0.952838427947598,-1.41528384279476,1.66666666666667,-2.19907003777972,5.33333333333333,1.64229765013055,3,3,3.5,-1.42118226600985
"57","R_1JF7XaAKoJRpbIc",229256171676680,3.5,-0.952838427947598,1.58471615720524,2.33333333333333,-1.53240337111305,4.33333333333333,0.642297650130547,2,5,4,-0.921182266009852
"58","R_1jlhdlFwaaQA59K",229242449963187,3,-1.4528384279476,-0.91528384279476,2.66666666666667,-1.19907003777972,6,2.30896431679721,4,4,4,-0.921182266009852
"59","R_1jxNAbcEEMGNBkz",229256171671793,5,0.547161572052402,0.0847161572052402,4,0.134263295553618,5,1.30896431679721,5,5,5,0.0788177339901477
"60","R_1k23tDbzBDJCCYn",229242449982562,6,1.5471615720524,-1.41528384279476,5.33333333333333,1.46759662888695,4,0.308964316797214,4,3,4.5,-0.421182266009852
"61","R_1K3H42hqGnqinn0",229678093415665,3.5,-0.952838427947598,0.58471615720524,3.66666666666667,-0.199070037779715,3.66666666666667,-0.0243690165361192,4,3,3.5,-1.42118226600985
"62","R_1K8x1AoIHGdYEdL",229678093101134,6,1.5471615720524,-0.41528384279476,1.66666666666667,-2.19907003777972,3.66666666666667,-0.0243690165361192,4,4,5.75,0.828817733990148
"63","R_1KdVL9CKXXnCwiP",229242295868534,4.5,0.0471615720524019,1.08471615720524,5.33333333333333,1.46759662888695,4.33333333333333,0.642297650130547,3,3,4.75,-0.171182266009852
"64","R_1KjrZK9wyaht0Yi",229409893574684,6,1.5471615720524,-1.41528384279476,2.66666666666667,-1.19907003777972,5,1.30896431679721,6,5,6,1.07881773399015
"65","R_1KjsPrPEuumwKtb",229677069754513,4,-0.452838427947598,-1.41528384279476,4,0.134263295553618,4,0.308964316797214,6,5,5,0.0788177339901477
"66","R_1kMmTGmvgH9gulq",229256171907291,5.5,1.0471615720524,2.58471615720524,3,-0.865736704446382,5.33333333333333,1.64229765013055,6,6,6,1.07881773399015
"67","R_1kNYEgfcdgcFO51",229256171556050,5,0.547161572052402,-0.41528384279476,4,0.134263295553618,4,0.308964316797214,5,4,5.25,0.328817733990148
"68","R_1kOBGI4XPIWWLy6",229242295796801,3.5,-0.952838427947598,1.58471615720524,3.33333333333333,-0.532403371113048,4.33333333333333,0.642297650130547,4,3,3.75,-1.17118226600985
"69","R_1KpqCfkR85ApDEQ",229855352005760,4,-0.452838427947598,1.08471615720524,5.33333333333333,1.46759662888695,2,-1.69103568320279,2,1,2.75,-2.17118226600985
"70","R_1KuKiaIDKfwR9fT",229242449956923,4,-0.452838427947598,-0.91528384279476,3,-0.865736704446382,4.33333333333333,0.642297650130547,5,5,5.75,0.828817733990148
"71","R_1l51CHacIzAAOYr",229409893558499,2.5,-1.9528384279476,3.08471615720524,4.66666666666667,0.800929962220285,4.33333333333333,0.642297650130547,5,5,6,1.07881773399015
"72","R_1laeW4H0RHUBzsH",229242449960055,4,-0.452838427947598,-0.41528384279476,4,0.134263295553618,2.66666666666667,-1.02436901653612,3,2,3.25,-1.67118226600985
"73","R_1LBcVCh8pm4Wlva",229409893568680,4.5,0.0471615720524019,-0.41528384279476,2.33333333333333,-1.53240337111305,4.66666666666667,0.975630983463881,5,6,3.75,-1.17118226600985
"74","R_1LGa0LGSDycaZxU",229409893611680,6,1.5471615720524,-1.41528384279476,2.66666666666667,-1.19907003777972,4.33333333333333,0.642297650130547,4,4,5.75,0.828817733990148
"75","R_1LI64yNOZO7C7l3",229678093115531,5,0.547161572052402,-0.41528384279476,3,-0.865736704446382,4,0.308964316797214,4,4,5,0.0788177339901477
"76","R_1Liem5kTbkr14lF",229255657942219,5,0.547161572052402,-0.91528384279476,3.66666666666667,-0.199070037779715,4.66666666666667,0.975630983463881,6,5,4.25,-0.671182266009852
"77","R_1LM7eqPSPvv6cnA",229677069754519,5.5,1.0471615720524,-0.41528384279476,3,-0.865736704446382,5,1.30896431679721,6,5,6,1.07881773399015
"78","R_1LoIjURU32wpqKF",229256171670763,5,0.547161572052402,-0.41528384279476,4.33333333333333,0.467596628886951,3.66666666666667,-0.0243690165361192,3,2,5.75,0.828817733990148
"79","R_1LRQAdfNJTKMgGI",229758453883093,5,0.547161572052402,0.0847161572052402,4.66666666666667,0.800929962220285,4.33333333333333,0.642297650130547,4,4,5.75,0.828817733990148
"80","R_1LSfZXKQq13jmcJ",229409893581988,4,-0.452838427947598,0.58471615720524,3.66666666666667,-0.199070037779715,3,-0.691035683202786,5,4,5.25,0.328817733990148
"81","R_1lsN4gAk00nyLx9",229409893578856,6,1.5471615720524,-1.41528384279476,3.33333333333333,-0.532403371113048,3,-0.691035683202786,1,2,6,1.07881773399015
"82","R_1LUSiI51StMj2fs",229855352055869,2,-2.4528384279476,2.58471615720524,3.66666666666667,-0.199070037779715,1,-2.69103568320279,3,1,2.25,-2.67118226600985
"83","R_1LvCjhF0EEOqlAp",229855352002681,5,0.547161572052402,-0.91528384279476,4.33333333333333,0.467596628886951,3,-0.691035683202786,2,2,3.75,-1.17118226600985
"84","R_1M0xHfneKLAhQMR",230469411964067,5,0.547161572052402,-0.41528384279476,5.33333333333333,1.46759662888695,4,0.308964316797214,5,5,5.5,0.578817733990148
"85","R_1mdW7cgT4seyyqQ",229320605936754,4,-0.452838427947598,1.58471615720524,5,1.13426329555362,3.33333333333333,-0.357702349869452,1,3,4.5,-0.421182266009852
"86","R_1mEKYPdbW4MPIrp",229255657933879,2,-2.4528384279476,1.08471615720524,3.33333333333333,-0.532403371113048,3,-0.691035683202786,2,3,3.75,-1.17118226600985
"87","R_1mgS3o7laschj5y",229855352122461,4,-0.452838427947598,-1.41528384279476,5.66666666666667,1.80092996222029,2.66666666666667,-1.02436901653612,2,1,4,-0.921182266009852
"88","R_1mQvIIkrYWPyK9D",229320605970439,6,1.5471615720524,-1.41528384279476,5.33333333333333,1.46759662888695,5,1.30896431679721,6,5,6,1.07881773399015
"89","R_1mRClohcHMkdAdv",229242295749656,1,-3.4528384279476,2.58471615720524,6,2.13426329555362,1,-2.69103568320279,5,1,2.25,-2.67118226600985
"90","R_1mwQU5GVzlTar7A",229678093163595,6,1.5471615720524,-0.41528384279476,6,2.13426329555362,3.33333333333333,-0.357702349869452,1,3,4.5,-0.421182266009852
"91","R_1MWyS3TUczp278V",229409893553280,4.5,0.0471615720524019,-0.91528384279476,4,0.134263295553618,4,0.308964316797214,4,4,5.5,0.578817733990148
"92","R_1NaaqSLkXYb5DrA",229255657938043,5.5,1.0471615720524,-0.41528384279476,4.33333333333333,0.467596628886951,4,0.308964316797214,4,5,5.75,0.828817733990148
"93","R_1Ntv8wpML03b7xm",229242449956912,5.5,1.0471615720524,-1.41528384279476,2.66666666666667,-1.19907003777972,5,1.30896431679721,4,6,5,0.0788177339901477
"94","R_1o1EUzmkWnI0L6v",229320605958184,3.5,-0.952838427947598,2.08471615720524,2,-1.86573670444638,5,1.30896431679721,5,4,3.25,-1.67118226600985
"95","R_1o1iNts3exPmieU",229256171630718,5,0.547161572052402,-0.41528384279476,3,-0.865736704446382,5,1.30896431679721,6,5,5.25,0.328817733990148
"96","R_1obtEN1KAT8Ivsq",229937963356233,5,0.547161572052402,-0.41528384279476,5.33333333333333,1.46759662888695,5,1.30896431679721,4,4,5.25,0.328817733990148
"97","R_1oGDoYaN0EHfSOZ",229242450035926,5,0.547161572052402,-0.91528384279476,3.66666666666667,-0.199070037779715,1.33333333333333,-2.35770234986945,1,1,2.75,-2.17118226600985
"98","R_1ogUn1QrTtO0BPT",229758453888227,3,-1.4528384279476,0.0847161572052402,3.66666666666667,-0.199070037779715,3.66666666666667,-0.0243690165361192,5,5,5,0.0788177339901477
"99","R_1oImsaAeBtJQuJd",229321437677579,1,-3.4528384279476,-1.41528384279476,4.33333333333333,0.467596628886951,1,-2.69103568320279,1,1,2.75,-2.17118226600985
"100","R_1okjaSmNIcl4O4y",229166416665777,4.5,0.0471615720524019,1.08471615720524,4.33333333333333,0.467596628886951,3.66666666666667,-0.0243690165361192,3,3,5.5,0.578817733990148
"101","R_1OktPLDHHWKRHhV",229242295742617,4.5,0.0471615720524019,-0.91528384279476,5,1.13426329555362,4.33333333333333,0.642297650130547,5,5,5,0.0788177339901477
"102","R_1OOWbFEaUfw4nNq",229677069763602,5.5,1.0471615720524,-0.41528384279476,3.66666666666667,-0.199070037779715,5,1.30896431679721,5,5,6,1.07881773399015
"103","R_1otmNfK7mAWtgZD",229677069775045,2,-2.4528384279476,-1.41528384279476,4.33333333333333,0.467596628886951,4,0.308964316797214,3,3,4.5,-0.421182266009852
"104","R_1ozl0QYygIw2niA",229409893555368,5.5,1.0471615720524,-0.91528384279476,3.33333333333333,-0.532403371113048,4.66666666666667,0.975630983463881,4,5,6,1.07881773399015
"105","R_1pE9CDJuuBYcoF8",229758453932074,5,0.547161572052402,-1.41528384279476,3.33333333333333,-0.532403371113048,5,1.30896431679721,5,5,6,1.07881773399015
"106","R_1pLjkduyxId8PDO",229242450019449,5,0.547161572052402,-1.41528384279476,3,-0.865736704446382,4.33333333333333,0.642297650130547,2,5,5,0.0788177339901477
"107","R_1pQeLLBceDEDdP7",229677069756589,5.5,1.0471615720524,-1.41528384279476,4,0.134263295553618,4.66666666666667,0.975630983463881,4,4,6,1.07881773399015
"108","R_1prLq4RJil17Iht",229855352039662,3.5,-0.952838427947598,2.08471615720524,5,1.13426329555362,4,0.308964316797214,5,4,6,1.07881773399015
"109","R_1prs2kZZr8m54pO",229320605939889,2.5,-1.9528384279476,2.08471615720524,4,0.134263295553618,4,0.308964316797214,3,3,4.25,-0.671182266009852
"110","R_1PTVJyJDELkhvLL",229409893589029,4,-0.452838427947598,1.08471615720524,4,0.134263295553618,3,-0.691035683202786,4,3,4.25,-0.671182266009852
"111","R_1pWkYnvOiwS0XUO",229758453882067,4,-0.452838427947598,-1.41528384279476,4.33333333333333,0.467596628886951,1.33333333333333,-2.35770234986945,2,1,5,0.0788177339901477
"112","R_1pXWlt9fDYhaR3c",229242295748626,6,1.5471615720524,-1.41528384279476,5.33333333333333,1.46759662888695,5,1.30896431679721,6,5,6,1.07881773399015
"113","R_1q7E4y4PrqP1PL6",229320606018720,6,1.5471615720524,-0.91528384279476,4,0.134263295553618,2.66666666666667,-1.02436901653612,4,3,6,1.07881773399015
"114","R_1QAYO8t7hFR1nXp",229410207199454,4,-0.452838427947598,1.08471615720524,4,0.134263295553618,3,-0.691035683202786,4,4,4.5,-0.421182266009852
"115","R_1QlOVkUcUhO7Ja9",229255657938040,5,0.547161572052402,0.0847161572052402,4,0.134263295553618,5,1.30896431679721,5,5,4.75,-0.171182266009852
"116","R_1QLVecSrgBB3TF7",229855352125597,4,-0.452838427947598,1.58471615720524,5,1.13426329555362,2.33333333333333,-1.35770234986945,3,3,4.75,-0.171182266009852
"117","R_1QN6OUxkKwgceLu",229242295766095,6,1.5471615720524,-1.41528384279476,3.66666666666667,-0.199070037779715,6,2.30896431679721,4,5,5.5,0.578817733990148
"118","R_1QsyXVG8aCHPSpq",229242295811148,6,1.5471615720524,-1.41528384279476,4,0.134263295553618,4.33333333333333,0.642297650130547,4,4,6,1.07881773399015
"119","R_1QxR1QCXiVrgpRz",229242295804087,4,-0.452838427947598,3.08471615720524,6,2.13426329555362,2.33333333333333,-1.35770234986945,3,1,5,0.0788177339901477
"120","R_1rdfPw9w9wywNly",229409893556415,4.5,0.0471615720524019,0.0847161572052402,3.66666666666667,-0.199070037779715,4.66666666666667,0.975630983463881,4,5,5.25,0.328817733990148
"121","R_1rf8RkKm64iSMMO",229321438376071,5.5,1.0471615720524,-0.91528384279476,5.33333333333333,1.46759662888695,3,-0.691035683202786,3,4,6,1.07881773399015
"122","R_1rfEcoDe8h656K4",230296024624230,5.5,1.0471615720524,-1.41528384279476,4,0.134263295553618,5,1.30896431679721,5,5,4,-0.921182266009852
"123","R_1rfrFquUHpIwJiu",229758454231173,4,-0.452838427947598,0.58471615720524,3.66666666666667,-0.199070037779715,3.33333333333333,-0.357702349869452,3,3,4,-0.921182266009852
"124","R_1rHAC97MaIFeZQs",229166416657657,4.5,0.0471615720524019,-0.91528384279476,4.66666666666667,0.800929962220285,4.66666666666667,0.975630983463881,5,5,6,1.07881773399015
"125","R_1rwaK99dyb5OiNx",229242295805140,6,1.5471615720524,-1.41528384279476,3,-0.865736704446382,5,1.30896431679721,4,5,5.75,0.828817733990148
"126","R_1XjuiSN8BMQqvq9",229320605958180,5,0.547161572052402,1.58471615720524,4.33333333333333,0.467596628886951,4.33333333333333,0.642297650130547,4,5,5.75,0.828817733990148
"127","R_20MeHHXsTnlbV9o",229678093381679,3.5,-0.952838427947598,-0.41528384279476,5,1.13426329555362,3.66666666666667,-0.0243690165361192,2,5,5.25,0.328817733990148
"128","R_20Ov8RSteb1ii4S",229255657942218,3.5,-0.952838427947598,-1.41528384279476,3.66666666666667,-0.199070037779715,3,-0.691035683202786,3,3,3.5,-1.42118226600985
"129","R_20PrGSgbrqfLXmF",229242450014215,5.5,1.0471615720524,-1.41528384279476,4.66666666666667,0.800929962220285,2.33333333333333,-1.35770234986945,3,2,6,1.07881773399015
"130","R_20TCFE2SuJlAdd3",229242450002158,4,-0.452838427947598,1.58471615720524,4.66666666666667,0.800929962220285,2,-1.69103568320279,2,2,5.25,0.328817733990148
"131","R_21aGdDDHglzuebV",229678093294826,6,1.5471615720524,-0.41528384279476,4,0.134263295553618,4,0.308964316797214,5,5,6,1.07881773399015
"132","R_21aXH4qkpWoMUfc",229166066782222,4.5,0.0471615720524019,-1.41528384279476,4.66666666666667,0.800929962220285,2.33333333333333,-1.35770234986945,4,1,6,1.07881773399015
"133","R_21bvhgPlUiTqwQa",229855351995492,6,1.5471615720524,-0.41528384279476,4.33333333333333,0.467596628886951,4,0.308964316797214,4,4,5.75,0.828817733990148
"134","R_21ctbCYRWseYocx",229409893579886,5,0.547161572052402,-0.41528384279476,4,0.134263295553618,4.33333333333333,0.642297650130547,4,5,5.5,0.578817733990148
"135","R_21HBUv3fiehWFkD",229320606005406,4,-0.452838427947598,-1.41528384279476,5.33333333333333,1.46759662888695,2.33333333333333,-1.35770234986945,3,3,4,-0.921182266009852
"136","R_21suA2PX6p1Ism0",229677069756595,3,-1.4528384279476,0.58471615720524,5.33333333333333,1.46759662888695,2,-1.69103568320279,2,2,5,0.0788177339901477
"137","R_22Gm4uvMmbgC5DE",229242449956922,4,-0.452838427947598,-0.41528384279476,2.66666666666667,-1.19907003777972,3.66666666666667,-0.0243690165361192,3,3,4,-0.921182266009852
"138","R_22Jq692U13FYFUt",229242449974438,5,0.547161572052402,-0.41528384279476,3.66666666666667,-0.199070037779715,5,1.30896431679721,3,4,5.25,0.328817733990148
"139","R_22PLy8f4obVWnmz",229255657935968,1.5,-2.9528384279476,-1.41528384279476,2.66666666666667,-1.19907003777972,4,0.308964316797214,4,4,4.25,-0.671182266009852
"140","R_22tTxe5Wf46p8v3",229409893551191,3,-1.4528384279476,0.58471615720524,4.66666666666667,0.800929962220285,2,-1.69103568320279,3,2,5,0.0788177339901477
"141","R_2316XoX4fkvFvf4",229242295738451,6,1.5471615720524,1.08471615720524,3.66666666666667,-0.199070037779715,4,0.308964316797214,3,3,6,1.07881773399015
"142","R_231rtRsvBjO69aO",229320606011397,3,-1.4528384279476,-0.41528384279476,3.33333333333333,-0.532403371113048,4,0.308964316797214,4,3,4.25,-0.671182266009852
"143","R_234fD5Z9iTrtGwl",229255657936996,4.5,0.0471615720524019,-0.41528384279476,2.66666666666667,-1.19907003777972,4,0.308964316797214,4,4,4,-0.921182266009852
"144","R_23dhBmmmpedny6z",229855352130794,5,0.547161572052402,-1.41528384279476,3.33333333333333,-0.532403371113048,4.66666666666667,0.975630983463881,5,5,6,1.07881773399015
"145","R_25BgHpAMTkdum05",229677069755544,5.5,1.0471615720524,0.0847161572052402,3.66666666666667,-0.199070037779715,4,0.308964316797214,5,4,5.5,0.578817733990148
"146","R_25BnA7CPqUqo20h",229677069763603,5,0.547161572052402,0.58471615720524,4,0.134263295553618,3.66666666666667,-0.0243690165361192,4,4,5,0.0788177339901477
"147","R_25sc4jWiebwhoSv",229255657939091,3.5,-0.952838427947598,0.0847161572052402,4,0.134263295553618,4.33333333333333,0.642297650130547,3,4,4.75,-0.171182266009852
"148","R_25Sz5fHNDdvNDtK",229410206609516,3.5,-0.952838427947598,-0.41528384279476,3.33333333333333,-0.532403371113048,4.33333333333333,0.642297650130547,5,5,4.25,-0.671182266009852
"149","R_25tgtjEGT1tmYni",229321438387356,4.5,0.0471615720524019,0.58471615720524,3.33333333333333,-0.532403371113048,4,0.308964316797214,4,4,5.75,0.828817733990148
"150","R_25XCGvSK7fFBeWQ",229409893573885,3,-1.4528384279476,0.58471615720524,6,2.13426329555362,1,-2.69103568320279,1,1,3.5,-1.42118226600985
"151","R_269XIaqM07m1U0K",229678093435043,5,0.547161572052402,-0.41528384279476,4.33333333333333,0.467596628886951,3.66666666666667,-0.0243690165361192,4,3,4.25,-0.671182266009852
"152","R_26eY9IqDmD0nVPG",229242295822351,1.5,-2.9528384279476,1.58471615720524,6,2.13426329555362,2.66666666666667,-1.02436901653612,2,2,5,0.0788177339901477
"153","R_26fku5eEp2Qj9zm",229320605943813,1,-3.4528384279476,-0.41528384279476,5,1.13426329555362,1,-2.69103568320279,1,3,1,-3.92118226600985
"154","R_26loy7keZ66nKb4",229937963343935,5.5,1.0471615720524,1.08471615720524,4,0.134263295553618,4.33333333333333,0.642297650130547,4,4,5.25,0.328817733990148
"155","R_26lt8YAsRBjSSkx",229321438098546,4.5,0.0471615720524019,-0.91528384279476,1.66666666666667,-2.19907003777972,1.66666666666667,-2.02436901653612,1,1,4.25,-0.671182266009852
"156","R_279DrW8COJ7EWg9",229166416665772,5,0.547161572052402,-0.41528384279476,4,0.134263295553618,4.33333333333333,0.642297650130547,5,5,5,0.0788177339901477
"157","R_27BQw91OKVlhWPj",229677069787271,4.5,0.0471615720524019,0.0847161572052402,1.66666666666667,-2.19907003777972,5.33333333333333,1.64229765013055,5,5,5.75,0.828817733990148
"158","R_27eATTdBXeYG3tx",229242449960046,5,0.547161572052402,-0.41528384279476,3.66666666666667,-0.199070037779715,4,0.308964316797214,6,5,3.25,-1.67118226600985
"159","R_27I3NTchpL5dg6a",229677069756609,5,0.547161572052402,-0.91528384279476,5,1.13426329555362,5,1.30896431679721,5,4,5,0.0788177339901477
"160","R_27JPdjUCRJVPpPD",229677069755553,5.5,1.0471615720524,-1.41528384279476,2.66666666666667,-1.19907003777972,4,0.308964316797214,4,4,5.75,0.828817733990148
"161","R_27paz7ivFJBQEwk",229410207207669,4,-0.452838427947598,1.58471615720524,4,0.134263295553618,3.66666666666667,-0.0243690165361192,3,3,4.5,-0.421182266009852
"162","R_28UI6S5JgZB4fRG",229409893614815,4.5,0.0471615720524019,1.58471615720524,3.33333333333333,-0.532403371113048,5,1.30896431679721,5,5,4.75,-0.171182266009852
"163","R_29iyunHJ5FsrRr3",229409893603348,5,0.547161572052402,2.08471615720524,5.33333333333333,1.46759662888695,1.66666666666667,-2.02436901653612,2,1,1.75,-3.17118226600985
"164","R_2ag9KO7neo6tVIm",229256171581482,5,0.547161572052402,-0.41528384279476,5,1.13426329555362,5,1.30896431679721,3,5,6,1.07881773399015
"165","R_2ahLJVgIViB6bu6",229321437739104,3,-1.4528384279476,0.0847161572052402,3.33333333333333,-0.532403371113048,4,0.308964316797214,4,4,3,-1.92118226600985
"166","R_2aIvH7bEKgmeRSd",229256171622503,5,0.547161572052402,-0.41528384279476,5,1.13426329555362,4,0.308964316797214,3,5,4.5,-0.421182266009852
"167","R_2AMfF4aom3GcQs1",229678093138135,3,-1.4528384279476,0.58471615720524,4,0.134263295553618,3,-0.691035683202786,3,3,5,0.0788177339901477
"168","R_2AMhKoUk1l2B7aY",229256171741387,3.5,-0.952838427947598,-0.41528384279476,2,-1.86573670444638,2,-1.69103568320279,2,2,5.25,0.328817733990148
"169","R_2ANL6TUtu4Hof3w",229409893614809,2,-2.4528384279476,0.0847161572052402,4,0.134263295553618,1,-2.69103568320279,1,1,3,-1.92118226600985
"170","R_2aOZbvUCWCaZgT8",229678093275314,3,-1.4528384279476,0.58471615720524,4,0.134263295553618,4.66666666666667,0.975630983463881,4,4,5,0.0788177339901477
"171","R_2AQG0rzvUe5a4kM",229255657932828,4,-0.452838427947598,-0.91528384279476,3.66666666666667,-0.199070037779715,2.33333333333333,-1.35770234986945,2,3,5.25,0.328817733990148
"172","R_2ARWpxcD2tBg6mr",229321438125234,4,-0.452838427947598,-0.41528384279476,3.33333333333333,-0.532403371113048,3.66666666666667,-0.0243690165361192,4,4,4.75,-0.171182266009852
"173","R_2AS87J6lireNMJW",229758454236304,3,-1.4528384279476,-0.41528384279476,3.33333333333333,-0.532403371113048,3,-0.691035683202786,1,2,3.25,-1.67118226600985
"174","R_2Bas2WO0yoM9QdK",229242295848169,4,-0.452838427947598,1.58471615720524,4.66666666666667,0.800929962220285,3,-0.691035683202786,3,3,5,0.0788177339901477
"175","R_2BfYn1I2a51vRhw",229677069770882,5,0.547161572052402,0.58471615720524,4.66666666666667,0.800929962220285,4.66666666666667,0.975630983463881,3,4,5.25,0.328817733990148
"176","R_2bJDToiRAL3MEMM",229255658040397,6,1.5471615720524,-0.91528384279476,4.66666666666667,0.800929962220285,5.66666666666667,1.97563098346388,5,6,5.25,0.328817733990148
"177","R_2BnFF7O0UemP6bn",229166066821130,6,1.5471615720524,-1.41528384279476,3.66666666666667,-0.199070037779715,4,0.308964316797214,5,5,6,1.07881773399015
"178","R_2bNQX6i4Gfq2gKY",229855351994463,6,1.5471615720524,-1.41528384279476,5,1.13426329555362,1,-2.69103568320279,1,1,6,1.07881773399015
"179","R_2BqCqINqXblVi4A",229937962964147,4.5,0.0471615720524019,0.58471615720524,3,-0.865736704446382,4.33333333333333,0.642297650130547,5,5,6,1.07881773399015
"180","R_2bUdU71myo1l20P",229410207311898,3,-1.4528384279476,-0.91528384279476,1.66666666666667,-2.19907003777972,3.66666666666667,-0.0243690165361192,3,4,5.75,0.828817733990148
"181","R_2bWrFPxwlUFwasN",229256171870273,4,-0.452838427947598,0.58471615720524,3.66666666666667,-0.199070037779715,4,0.308964316797214,2,3,4.75,-0.171182266009852
"182","R_2c0CCOxpaH46dQP",229677069796587,5.5,1.0471615720524,-1.41528384279476,5.33333333333333,1.46759662888695,5,1.30896431679721,5,5,6,1.07881773399015
"183","R_2c57RvqIlGbiyW3",229320605952170,5,0.547161572052402,0.0847161572052402,4,0.134263295553618,6,2.30896431679721,5,6,4.25,-0.671182266009852
"184","R_2cBDYRcdwlr6tJe",229166066803864,5,0.547161572052402,0.0847161572052402,6,2.13426329555362,4.66666666666667,0.975630983463881,6,6,5.5,0.578817733990148
"185","R_2Ce0NgCH6zpMRJb",229255657984125,6,1.5471615720524,-1.41528384279476,5,1.13426329555362,5,1.30896431679721,5,5,5.75,0.828817733990148
"186","R_2CeJTzNjSsx2qQD",229320605935718,4.5,0.0471615720524019,-0.91528384279476,2.33333333333333,-1.53240337111305,5,1.30896431679721,4,4,5,0.0788177339901477
"187","R_2CeRAdFGYdyKpNa",229937963154540,6,1.5471615720524,-1.41528384279476,1.33333333333333,-2.53240337111305,3,-0.691035683202786,1,1,4.75,-0.171182266009852
"188","R_2CO2PyLQ0hXJVAk",229409893565555,4.5,0.0471615720524019,-0.41528384279476,4.33333333333333,0.467596628886951,2.66666666666667,-1.02436901653612,4,3,4.25,-0.671182266009852
"189","R_2CWJaPOnrUPAZRO",229410206789674,5,0.547161572052402,-1.41528384279476,2.33333333333333,-1.53240337111305,2,-1.69103568320279,2,3,5,0.0788177339901477
"190","R_2D0HsJW89BCf2CJ",229678093130942,2,-2.4528384279476,3.58471615720524,4,0.134263295553618,6,2.30896431679721,5,6,2.25,-2.67118226600985
"191","R_2dFLAg1r8gfesUi",229677069789327,5.5,1.0471615720524,-1.41528384279476,4,0.134263295553618,4.33333333333333,0.642297650130547,5,5,5.25,0.328817733990148
"192","R_2dHkl1F6JWDWwxd",229242450031736,6,1.5471615720524,2.58471615720524,5.33333333333333,1.46759662888695,5.66666666666667,1.97563098346388,5,5,5.5,0.578817733990148
"193","R_2DMjCJGfAwhN96U",229409893587973,2.5,-1.9528384279476,-1.41528384279476,2.33333333333333,-1.53240337111305,5,1.30896431679721,5,4,3.5,-1.42118226600985
"194","R_2dmTN9FJIaj61fb",229242295791846,5,0.547161572052402,-0.41528384279476,4.66666666666667,0.800929962220285,2.33333333333333,-1.35770234986945,2,2,5.5,0.578817733990148
"195","R_2dXrCgiGyoz4vxp",229256171962526,5.5,1.0471615720524,-0.41528384279476,3.33333333333333,-0.532403371113048,6,2.30896431679721,4,5,6,1.07881773399015
"196","R_2dyI7M4jUgDJyVI",229678093404309,3,-1.4528384279476,1.58471615720524,4,0.134263295553618,3,-0.691035683202786,4,1,4,-0.921182266009852
"197","R_2E0smvzVa5RkXjW",229678093236281,5.5,1.0471615720524,-1.41528384279476,3.33333333333333,-0.532403371113048,3,-0.691035683202786,3,2,4.5,-0.421182266009852
"198","R_2E6Tq5gpEy3lxsv",229321438308355,4.5,0.0471615720524019,0.58471615720524,4.66666666666667,0.800929962220285,2,-1.69103568320279,3,3,4.25,-0.671182266009852
"199","R_2e8rPRQ3Tf6hpC0",229166066799696,4,-0.452838427947598,-1.41528384279476,1,-2.86573670444638,2,-1.69103568320279,4,1,4.75,-0.171182266009852
"200","R_2EAdFWU1xsp70SE",230469411958921,5,0.547161572052402,-0.41528384279476,3.33333333333333,-0.532403371113048,5,1.30896431679721,4,5,5,0.0788177339901477
"201","R_2EBhClLUXMckvNP",229677069755550,5,0.547161572052402,-1.41528384279476,3.33333333333333,-0.532403371113048,4.33333333333333,0.642297650130547,5,5,6,1.07881773399015
"202","R_2EEuiLLUQlAKcEz",229166066789519,1,-3.4528384279476,-1.41528384279476,1.33333333333333,-2.53240337111305,5,1.30896431679721,5,5,1.75,-3.17118226600985
"203","R_2EGABATwmRGCMaX",229409893584066,5,0.547161572052402,-1.41528384279476,4.33333333333333,0.467596628886951,4.66666666666667,0.975630983463881,6,5,5.25,0.328817733990148
"204","R_2EhFk9vlQYPpHee",229678093111417,4,-0.452838427947598,1.08471615720524,5.33333333333333,1.46759662888695,3.33333333333333,-0.357702349869452,3,3,4,-0.921182266009852
"205","R_2EhtC7RpoGqCbe4",229409893572855,6,1.5471615720524,-1.41528384279476,4,0.134263295553618,3,-0.691035683202786,4,3,6,1.07881773399015
"206","R_2Ei8K9LjcjDieE9",229409893598399,4,-0.452838427947598,-0.91528384279476,5,1.13426329555362,4.33333333333333,0.642297650130547,4,4,5.5,0.578817733990148
"207","R_2EiZqFF8frpKsNn",230469411962007,4,-0.452838427947598,0.58471615720524,3,-0.865736704446382,3,-0.691035683202786,4,4,4.75,-0.171182266009852
"208","R_2ePGhUSWhjV9inV",229242295744700,6,1.5471615720524,-1.41528384279476,4.33333333333333,0.467596628886951,1,-2.69103568320279,4,1,6,1.07881773399015
"209","R_2eVHaP99y0kDK1c",229321438289110,4,-0.452838427947598,1.58471615720524,4.33333333333333,0.467596628886951,4.66666666666667,0.975630983463881,4,5,5.75,0.828817733990148
"210","R_2Evp2buY7Uor84e",229255657932820,3.5,-0.952838427947598,0.0847161572052402,3.66666666666667,-0.199070037779715,5,1.30896431679721,5,5,4.5,-0.421182266009852
"211","R_2f7CBh1lJf4ruTO",229242295744711,5.5,1.0471615720524,-1.41528384279476,4.66666666666667,0.800929962220285,2.66666666666667,-1.02436901653612,4,4,6,1.07881773399015
"212","R_2fa3tzzYgAN6xyI",229937962990809,2.5,-1.9528384279476,0.0847161572052402,4,0.134263295553618,2,-1.69103568320279,3,2,3.75,-1.17118226600985
"213","R_2foMNPrTSlORSmT",229409893580943,5,0.547161572052402,0.0847161572052402,4.33333333333333,0.467596628886951,3.33333333333333,-0.357702349869452,4,4,5.5,0.578817733990148
"214","R_2fuNpV3D3K5D2hH",229320605935728,6,1.5471615720524,0.58471615720524,4.33333333333333,0.467596628886951,3,-0.691035683202786,3,3,6,1.07881773399015
"215","R_2hjRh8rlcPAgJEZ",229410206617741,5,0.547161572052402,-1.41528384279476,4,0.134263295553618,4,0.308964316797214,3,3,3.75,-1.17118226600985
"216","R_2OHnw7eiEYDNkMB",229321437575305,5.5,1.0471615720524,-0.91528384279476,2.66666666666667,-1.19907003777972,3.66666666666667,-0.0243690165361192,4,4,4.75,-0.171182266009852
"217","R_2ONqk47gdZJglgM",229321437507604,4,-0.452838427947598,0.58471615720524,4.66666666666667,0.800929962220285,4,0.308964316797214,4,4,4,-0.921182266009852
"218","R_2OTofi6rpYevv5M",229678093431933,4.5,0.0471615720524019,0.0847161572052402,4,0.134263295553618,3,-0.691035683202786,4,4,2.5,-2.42118226600985
"219","R_2PAnGcUY9OHQY0i",229677069786216,5,0.547161572052402,0.0847161572052402,3.66666666666667,-0.199070037779715,3,-0.691035683202786,3,2,5.5,0.578817733990148
"220","R_2Pbst8kdZluDtvH",229409893572842,5.5,1.0471615720524,-1.41528384279476,1,-2.86573670444638,4.66666666666667,0.975630983463881,4,5,5,0.0788177339901477
"221","R_2PnuGLktFgYFVth",229677069770890,5,0.547161572052402,1.08471615720524,6,2.13426329555362,1.66666666666667,-2.02436901653612,3,1,6,1.07881773399015
"222","R_2PwhR3qIr4XLkco",229242295843984,5,0.547161572052402,-1.41528384279476,1.66666666666667,-2.19907003777972,5,1.30896431679721,4,5,4.5,-0.421182266009852
"223","R_2q9IHqiHtkEFt79",229409893558495,2.5,-1.9528384279476,0.0847161572052402,3.66666666666667,-0.199070037779715,2.33333333333333,-1.35770234986945,4,3,3.5,-1.42118226600985
"224","R_2QmmNeJLwl06yxm",229410207341703,4.5,0.0471615720524019,-1.41528384279476,2.33333333333333,-1.53240337111305,5,1.30896431679721,5,5,6,1.07881773399015
"225","R_2Qnsay2GAENyGmu",229242450009233,4,-0.452838427947598,0.58471615720524,4.33333333333333,0.467596628886951,5,1.30896431679721,5,5,6,1.07881773399015
"226","R_2qr4N1GYDyUsOZy",229409893574678,2,-2.4528384279476,0.58471615720524,4.33333333333333,0.467596628886951,1.66666666666667,-2.02436901653612,1,1,2.5,-2.42118226600985
"227","R_2QrlEjdJybtooPQ",229677069755561,6,1.5471615720524,-0.91528384279476,5.33333333333333,1.46759662888695,5,1.30896431679721,5,4,5.5,0.578817733990148
"228","R_2qyee8RYNHe83N3",229166416660547,4,-0.452838427947598,0.0847161572052402,3,-0.865736704446382,4.33333333333333,0.642297650130547,3,5,5.25,0.328817733990148
"229","R_2R1zKMVHMSfa4z7",229678093141220,4.5,0.0471615720524019,-0.91528384279476,2.66666666666667,-1.19907003777972,5,1.30896431679721,4,5,4.75,-0.171182266009852
"230","R_2rD5JnSOvonHkaY",229242295738453,3.5,-0.952838427947598,-1.41528384279476,2.33333333333333,-1.53240337111305,4.66666666666667,0.975630983463881,5,4,4.75,-0.171182266009852
"231","R_2rj8UoPO5LJwv1f",229242295798887,4,-0.452838427947598,1.58471615720524,4.66666666666667,0.800929962220285,4.33333333333333,0.642297650130547,4,5,6,1.07881773399015
"232","R_2rjd6OSW7yoXCFy",229937963517143,6,1.5471615720524,-1.41528384279476,2,-1.86573670444638,2.66666666666667,-1.02436901653612,6,4,6,1.07881773399015
"233","R_2rkonJe65fP5KJc",229321438159066,4.5,0.0471615720524019,-1.41528384279476,2.66666666666667,-1.19907003777972,4.33333333333333,0.642297650130547,3,4,4.75,-0.171182266009852
"234","R_2rx5p2njpd38417",229677069757653,5,0.547161572052402,1.08471615720524,5,1.13426329555362,4,0.308964316797214,3,4,6,1.07881773399015
"235","R_2S0OQ3IueOsiMy9",229321437668352,3.5,-0.952838427947598,-0.91528384279476,2.66666666666667,-1.19907003777972,1,-2.69103568320279,1,1,2,-2.92118226600985
"236","R_2SAHXl8MohUbUiF",229409893571809,4.5,0.0471615720524019,-0.41528384279476,3.33333333333333,-0.532403371113048,5,1.30896431679721,5,5,4.75,-0.171182266009852
"237","R_2sbx1HBRGkytKUq",229678093228064,4.5,0.0471615720524019,-1.41528384279476,2.66666666666667,-1.19907003777972,5,1.30896431679721,4,4,5.75,0.828817733990148
"238","R_2ScqPeJlMLfKPBn",229242449957965,1,-3.4528384279476,0.0847161572052402,4.33333333333333,0.467596628886951,1,-2.69103568320279,1,1,1,-3.92118226600985
"239","R_2SJPRlqQcQIOxkn",229409893617680,5,0.547161572052402,-1.41528384279476,4.33333333333333,0.467596628886951,5,1.30896431679721,5,5,6,1.07881773399015
"240","R_2Sw6rAOun21Rl28",229758454221926,4.5,0.0471615720524019,0.0847161572052402,4.33333333333333,0.467596628886951,4,0.308964316797214,3,4,6,1.07881773399015
"241","R_2SxHYjyVP763k5m",229320605976689,3.5,-0.952838427947598,-0.41528384279476,5,1.13426329555362,5,1.30896431679721,5,5,5.75,0.828817733990148
"242","R_2t4EE7jZaISZD1M",229409893587987,3,-1.4528384279476,-0.41528384279476,3.33333333333333,-0.532403371113048,2,-1.69103568320279,3,2,5.25,0.328817733990148
"243","R_2tA4Z3u79YkHs3a",229410206607464,5.5,1.0471615720524,-1.41528384279476,2,-1.86573670444638,5.66666666666667,1.97563098346388,3,1,5.25,0.328817733990148
"244","R_2tbx3LZrOJsIeSD",229242295779354,4.5,0.0471615720524019,-0.91528384279476,5,1.13426329555362,4,0.308964316797214,2,3,6,1.07881773399015
"245","R_2tgvC1GeI8QufUE",229678093440221,5,0.547161572052402,0.0847161572052402,4.66666666666667,0.800929962220285,2.66666666666667,-1.02436901653612,2,2,5.25,0.328817733990148
"246","R_2TKS87c4h8yApTA",229321438343251,4.5,0.0471615720524019,1.08471615720524,2.66666666666667,-1.19907003777972,3,-0.691035683202786,3,4,6,1.07881773399015
"247","R_2TMIdZbXG8NWhBs",229321437941882,4,-0.452838427947598,1.08471615720524,3.66666666666667,-0.199070037779715,3.66666666666667,-0.0243690165361192,4,4,6,1.07881773399015
"248","R_2TMKimcEcRwikm9",229255657940131,3,-1.4528384279476,0.0847161572052402,2.66666666666667,-1.19907003777972,3.33333333333333,-0.357702349869452,3,3,3.25,-1.67118226600985
"249","R_2tqWuHdLJpCVjoh",229410207067333,5,0.547161572052402,1.58471615720524,4.66666666666667,0.800929962220285,2.66666666666667,-1.02436901653612,1,2,6,1.07881773399015
"250","R_2trMR4xpeJTo3lq",229242450002154,5.5,1.0471615720524,-0.41528384279476,5,1.13426329555362,4.66666666666667,0.975630983463881,5,5,6,1.07881773399015
"251","R_2TuahJYuP8wtEj0",229409893576768,6,1.5471615720524,-1.41528384279476,2.33333333333333,-1.53240337111305,3,-0.691035683202786,4,3,6,1.07881773399015
"252","R_2U3LCDoc3EnfZ8j",229409893618721,3,-1.4528384279476,2.58471615720524,5.33333333333333,1.46759662888695,3.33333333333333,-0.357702349869452,3,4,5.5,0.578817733990148
"253","R_2uEfXyZcIgJfUr6",229678093386810,2.5,-1.9528384279476,2.58471615720524,4,0.134263295553618,3.66666666666667,-0.0243690165361192,3,4,6,1.07881773399015
"254","R_2UiwFRmg4DIHiHP",229166416659487,3.5,-0.952838427947598,-1.41528384279476,2.66666666666667,-1.19907003777972,4.33333333333333,0.642297650130547,2,3,4,-0.921182266009852
"255","R_2uO5XyabEbAk5mA",229242449969217,5,0.547161572052402,-1.41528384279476,4.66666666666667,0.800929962220285,4.33333333333333,0.642297650130547,3,4,6,1.07881773399015
"256","R_2uOfXbC4McyIpk1",229242295743653,3.5,-0.952838427947598,-0.41528384279476,3.66666666666667,-0.199070037779715,2.66666666666667,-1.02436901653612,2,2,1.5,-3.42118226600985
"257","R_2uyor5CnrGzVwLP",229409893552237,5,0.547161572052402,-0.41528384279476,4.33333333333333,0.467596628886951,4,0.308964316797214,3,4,6,1.07881773399015
"258","R_2V3zus3Kt0huqKu",229321437541463,4.5,0.0471615720524019,0.58471615720524,2.66666666666667,-1.19907003777972,3.66666666666667,-0.0243690165361192,4,4,3.75,-1.17118226600985
"259","R_2VdofypBJBuhz1H",229166066786390,2,-2.4528384279476,-1.41528384279476,2.66666666666667,-1.19907003777972,1.66666666666667,-2.02436901653612,1,1,1,-3.92118226600985
"260","R_2VmAZKeowsEAaKf",229320605953211,1,-3.4528384279476,1.08471615720524,2.33333333333333,-1.53240337111305,1,-2.69103568320279,1,1,1,-3.92118226600985
"261","R_2VO6QNbhe2MmBTA",229256171754731,4,-0.452838427947598,-0.41528384279476,4.33333333333333,0.467596628886951,3,-0.691035683202786,4,3,5.75,0.828817733990148
"262","R_2Vqd3pgSyhpvGMs",229678093313064,5,0.547161572052402,0.0847161572052402,3.33333333333333,-0.532403371113048,4.33333333333333,0.642297650130547,3,4,5,0.0788177339901477
"263","R_2vZGx1OZkobeeEs",230296025033849,5,0.547161572052402,0.0847161572052402,2.33333333333333,-1.53240337111305,5.33333333333333,1.64229765013055,3,4,5.75,0.828817733990148
"264","R_2wconsnovSxkAzJ",229256171776032,6,1.5471615720524,-1.41528384279476,1,-2.86573670444638,5.33333333333333,1.64229765013055,6,4,6,1.07881773399015
"265","R_2WD4pFUT3BApAXg",229410206696544,6,1.5471615720524,-1.41528384279476,3.66666666666667,-0.199070037779715,2.33333333333333,-1.35770234986945,5,3,6,1.07881773399015
"266","R_2wEo5iQXCYves2K",229242295766090,1,-3.4528384279476,-1.41528384279476,2,-1.86573670444638,3,-0.691035683202786,3,3,2.5,-2.42118226600985
"267","R_2wKp8LF2cWkXbfk",229321437542488,6,1.5471615720524,-1.41528384279476,4,0.134263295553618,1,-2.69103568320279,2,1,6,1.07881773399015
"268","R_2WVeoVieGVEqdKu",229320605940935,1,-3.4528384279476,-1.41528384279476,4.33333333333333,0.467596628886951,2,-1.69103568320279,1,1,1.5,-3.42118226600985
"269","R_2XakNPEaYy4jjwG",229242450008195,6,1.5471615720524,-0.91528384279476,2.66666666666667,-1.19907003777972,5,1.30896431679721,5,5,5.75,0.828817733990148
"270","R_2xUYwPj1A03RCX7",229409893634086,6,1.5471615720524,-1.41528384279476,2.33333333333333,-1.53240337111305,2,-1.69103568320279,4,4,6,1.07881773399015
"271","R_2xxvAFqyH4RVpzq",229256171658438,5,0.547161572052402,-1.41528384279476,2.66666666666667,-1.19907003777972,3.66666666666667,-0.0243690165361192,3,4,3.75,-1.17118226600985
"272","R_2Y37hooYg88WmXQ",229321437719617,5,0.547161572052402,-0.91528384279476,4,0.134263295553618,4.33333333333333,0.642297650130547,4,4,5.5,0.578817733990148
"273","R_2Ya0u9hmC0kciFh",229242450000078,4.5,0.0471615720524019,0.0847161572052402,4,0.134263295553618,3.33333333333333,-0.357702349869452,3,4,4.75,-0.171182266009852
"274","R_2YGt7n3mGj55f4P",229410206798905,4,-0.452838427947598,-0.41528384279476,3.33333333333333,-0.532403371113048,5,1.30896431679721,5,6,5,0.0788177339901477
"275","R_2YJM7Vy6fmCyYg3",229320605936770,3.5,-0.952838427947598,2.58471615720524,6,2.13426329555362,3.33333333333333,-0.357702349869452,2,1,4,-0.921182266009852
"276","R_2YKaOUszkWKFNei",229409893633038,4,-0.452838427947598,1.08471615720524,4,0.134263295553618,3.66666666666667,-0.0243690165361192,1,4,6,1.07881773399015
"277","R_2ypy9ol4uFVDmgX",229256171567352,5.5,1.0471615720524,0.0847161572052402,4,0.134263295553618,4,0.308964316797214,4,4,5.5,0.578817733990148
"278","R_2yqIknklBoBJSSa",229409893574672,3,-1.4528384279476,1.08471615720524,5,1.13426329555362,4.66666666666667,0.975630983463881,5,4,2,-2.92118226600985
"279","R_2zBiZ6H7AnnXdfc",229677069753462,5,0.547161572052402,-0.41528384279476,2,-1.86573670444638,4.33333333333333,0.642297650130547,1,2,2.75,-2.17118226600985
"280","R_2ZBtopiyki2EAhe",229242295749654,3,-1.4528384279476,-0.41528384279476,4,0.134263295553618,1.66666666666667,-2.02436901653612,3,1,3,-1.92118226600985
"281","R_2zeYp2NsaPfHrFp",229255657959433,4.5,0.0471615720524019,-1.41528384279476,2,-1.86573670444638,4.33333333333333,0.642297650130547,4,5,5.75,0.828817733990148
"282","R_2zu5nbshAH7KEPO",229678093162569,4,-0.452838427947598,-0.91528384279476,2.66666666666667,-1.19907003777972,5,1.30896431679721,5,5,5,0.0788177339901477
"283","R_302jU1hKGFVorVA",229758454074603,5,0.547161572052402,-0.91528384279476,4,0.134263295553618,4,0.308964316797214,4,4,5.25,0.328817733990148
"284","R_3037BPovs68z8Wp",227471319859447,5,0.547161572052402,1.58471615720524,4,0.134263295553618,3,-0.691035683202786,3,3,6,1.07881773399015
"285","R_306ktRGjcuf9mZ0",229242449960062,4.5,0.0471615720524019,3.08471615720524,5.66666666666667,1.80092996222029,3.33333333333333,-0.357702349869452,5,5,6,1.07881773399015
"286","R_3094TaB3sKvL10w",229242449966328,4.5,0.0471615720524019,-0.91528384279476,5.33333333333333,1.46759662888695,4.33333333333333,0.642297650130547,4,5,5.5,0.578817733990148
"287","R_30bK1uN4yIycFIn",229678093101130,4.5,0.0471615720524019,-1.41528384279476,2,-1.86573670444638,3,-0.691035683202786,1,2,5,0.0788177339901477
"288","R_30eFsgfHEfrbmWW",229409893616894,6,1.5471615720524,-1.41528384279476,4.66666666666667,0.800929962220285,4.33333333333333,0.642297650130547,3,2,6,1.07881773399015
"289","R_31i7s8usroAcZbm",229320605953205,4,-0.452838427947598,-0.91528384279476,4.66666666666667,0.800929962220285,3,-0.691035683202786,5,2,3.5,-1.42118226600985
"290","R_31i8IQNed13ckEX",229409893601517,5,0.547161572052402,-1.41528384279476,3,-0.865736704446382,1,-2.69103568320279,1,1,5,0.0788177339901477
"291","R_31mjGicLNt7ZzRN",229320606000189,4,-0.452838427947598,1.08471615720524,4.66666666666667,0.800929962220285,3.66666666666667,-0.0243690165361192,5,4,6,1.07881773399015
"292","R_325AB8k9M8UQxlw",229678093170793,6,1.5471615720524,-0.91528384279476,3.33333333333333,-0.532403371113048,4,0.308964316797214,3,4,6,1.07881773399015
"293","R_332rHLTBzW4o52Y",229166416658456,4.5,0.0471615720524019,2.08471615720524,4.33333333333333,0.467596628886951,4.33333333333333,0.642297650130547,4,4,6,1.07881773399015
"294","R_338DXYGYMn3iys2",229255657932824,4.5,0.0471615720524019,0.58471615720524,5.33333333333333,1.46759662888695,3,-0.691035683202786,5,3,5,0.0788177339901477
"295","R_33kIUzAwPAa1yng",229678093105251,5.5,1.0471615720524,-0.91528384279476,4.66666666666667,0.800929962220285,4.33333333333333,0.642297650130547,5,5,5.75,0.828817733990148
"296","R_33wCNEarcW1Pj0m",229320605934683,4.5,0.0471615720524019,0.0847161572052402,5.33333333333333,1.46759662888695,3.33333333333333,-0.357702349869452,4,4,6,1.07881773399015
"297","R_3CTa8fnOQGo2vNJ",229242449959017,3.5,-0.952838427947598,0.58471615720524,3.66666666666667,-0.199070037779715,4,0.308964316797214,4,4,5,0.0788177339901477
"298","R_3DitLG2nqStwZRY",230469411984631,5,0.547161572052402,1.08471615720524,4.33333333333333,0.467596628886951,4,0.308964316797214,2,3,3.75,-1.17118226600985
"299","R_3DjQ9uCmrnB5ll3",229321437701161,3.5,-0.952838427947598,1.08471615720524,4.33333333333333,0.467596628886951,4,0.308964316797214,2,3,5.5,0.578817733990148
"300","R_3dNb89opyPCGv1I",229677069834245,3.5,-0.952838427947598,0.58471615720524,5.66666666666667,1.80092996222029,2,-1.69103568320279,2,1,2.5,-2.42118226600985
"301","R_3dSScqXqMRYGrp2",229409893573887,3.5,-0.952838427947598,2.08471615720524,3.66666666666667,-0.199070037779715,4.33333333333333,0.642297650130547,4,4,5,0.0788177339901477
"302","R_3DtC6f6iRqHYWHG",229321437515815,4.5,0.0471615720524019,2.58471615720524,5.66666666666667,1.80092996222029,5.33333333333333,1.64229765013055,5,4,6,1.07881773399015
"303","R_3DuWsXOXRqlPJNe",229409893599427,4.5,0.0471615720524019,3.08471615720524,3.66666666666667,-0.199070037779715,5.66666666666667,1.97563098346388,5,6,5.25,0.328817733990148
"304","R_3dVWb8y2Jw8tFrk",229410206643426,5.5,1.0471615720524,1.08471615720524,3.33333333333333,-0.532403371113048,4,0.308964316797214,4,4,5.75,0.828817733990148
"305","R_3EA57iob7rXBswf",229677069768795,5,0.547161572052402,-0.91528384279476,1.66666666666667,-2.19907003777972,4.33333333333333,0.642297650130547,5,5,5.75,0.828817733990148
"306","R_3eavi4Grn0LOQQz",229320605949033,4,-0.452838427947598,-1.41528384279476,2.33333333333333,-1.53240337111305,4,0.308964316797214,3,3,4.25,-0.671182266009852
"307","R_3ebnID09JFlJTeF",229678093260930,5,0.547161572052402,-0.91528384279476,4.33333333333333,0.467596628886951,5,1.30896431679721,5,4,5.25,0.328817733990148
"308","R_3EF4W42AP3JqbNQ",229242295759045,5,0.547161572052402,-1.41528384279476,4.66666666666667,0.800929962220285,6,2.30896431679721,6,6,6,1.07881773399015
"309","R_3EGccqupxv5YC29",229166416663673,5,0.547161572052402,0.58471615720524,3.33333333333333,-0.532403371113048,5,1.30896431679721,5,5,5,0.0788177339901477
"310","R_3egCMFrdwh16DEi",229937963274473,5,0.547161572052402,1.08471615720524,4.33333333333333,0.467596628886951,2,-1.69103568320279,1,2,3.75,-1.17118226600985
"311","R_3EhflsDKTC83CQE",229758454067427,2,-2.4528384279476,-1.41528384279476,2.66666666666667,-1.19907003777972,4,0.308964316797214,4,3,3.75,-1.17118226600985
"312","R_3ek309VHljstLtw",229320605936763,4.5,0.0471615720524019,-0.41528384279476,4.66666666666667,0.800929962220285,4,0.308964316797214,2,2,3.5,-1.42118226600985
"313","R_3em2IQx1ybTeZrd",229410206775296,4.5,0.0471615720524019,-1.41528384279476,1.33333333333333,-2.53240337111305,4.66666666666667,0.975630983463881,5,4,4,-0.921182266009852
"314","R_3Emuny9GTE1FmCf",229242295738457,3,-1.4528384279476,0.58471615720524,3.66666666666667,-0.199070037779715,2.33333333333333,-1.35770234986945,1,2,4.25,-0.671182266009852
"315","R_3ergTTY9rUQZYUY",229242449960063,6,1.5471615720524,0.58471615720524,4,0.134263295553618,5,1.30896431679721,5,5,6,1.07881773399015
"316","R_3erVxLye9zFQbKQ",229678093098051,5.5,1.0471615720524,-0.91528384279476,3.66666666666667,-0.199070037779715,5.33333333333333,1.64229765013055,3,5,6,1.07881773399015
"317","R_3Eu17CSWhkIYwbv",229320605945902,5,0.547161572052402,-1.41528384279476,4.33333333333333,0.467596628886951,1,-2.69103568320279,1,2,6,1.07881773399015
"318","R_3F51HV2oo6MXsOu",229409893559298,4,-0.452838427947598,-0.41528384279476,4,0.134263295553618,4.33333333333333,0.642297650130547,4,4,4.25,-0.671182266009852
"319","R_3fAW9A9PUOTPSRY",229166416658444,5.5,1.0471615720524,-0.91528384279476,3,-0.865736704446382,5,1.30896431679721,5,5,6,1.07881773399015
"320","R_3ffPXWQN4a5pytn",229166066770991,5,0.547161572052402,-1.41528384279476,5,1.13426329555362,1.66666666666667,-2.02436901653612,2,2,5,0.0788177339901477
"321","R_3fiTHcHYD6kYayJ",229678093336703,3,-1.4528384279476,0.58471615720524,3,-0.865736704446382,2,-1.69103568320279,2,2,2.5,-2.42118226600985
"322","R_3fk6vs8uR5E62Lj",229255657931784,5,0.547161572052402,-1.41528384279476,2.66666666666667,-1.19907003777972,5,1.30896431679721,6,5,5.5,0.578817733990148
"323","R_3fOb75fcNvI7EOb",229677069801542,6,1.5471615720524,-1.41528384279476,3,-0.865736704446382,5,1.30896431679721,6,5,6,1.07881773399015
"324","R_3FORg56rf1EKsyC",229409893551197,4,-0.452838427947598,1.58471615720524,3.33333333333333,-0.532403371113048,2.66666666666667,-1.02436901653612,1,3,6,1.07881773399015
"325","R_3fpCT6vXz1qo6e5",229242449957957,4,-0.452838427947598,1.08471615720524,3.33333333333333,-0.532403371113048,1.33333333333333,-2.35770234986945,3,3,4.75,-0.171182266009852
"326","R_3FQecw6aCDx1shm",229678093326426,4.5,0.0471615720524019,-0.91528384279476,2.66666666666667,-1.19907003777972,3.66666666666667,-0.0243690165361192,5,5,6,1.07881773399015
"327","R_3fT913iGhVJfLu9",229409893590069,5.5,1.0471615720524,-1.41528384279476,3.33333333333333,-0.532403371113048,5,1.30896431679721,5,5,6,1.07881773399015
"328","R_3fvpEgn6pnVLrgJ",229320605938843,5,0.547161572052402,-0.91528384279476,4.66666666666667,0.800929962220285,3.33333333333333,-0.357702349869452,3,5,5.25,0.328817733990148
"329","R_3fW33TCtP6kVx1T",229242295775457,4,-0.452838427947598,-0.91528384279476,6,2.13426329555362,2.33333333333333,-1.35770234986945,4,2,3.5,-1.42118226600985
"330","R_3fxDHe5zipJwTU7",229255657931005,5,0.547161572052402,-0.41528384279476,4.33333333333333,0.467596628886951,4.66666666666667,0.975630983463881,3,5,6,1.07881773399015
"331","R_3g02bcIpWgCvGPQ",229255657941170,5,0.547161572052402,1.08471615720524,3.33333333333333,-0.532403371113048,5,1.30896431679721,4,5,6,1.07881773399015
"332","R_3G1dEpQidltZ7UV",229678093439187,2,-2.4528384279476,0.58471615720524,2.66666666666667,-1.19907003777972,3.66666666666667,-0.0243690165361192,4,4,5.25,0.328817733990148
"333","R_3g5brc9bkrNMBRO",229409893563467,6,1.5471615720524,-1.41528384279476,5.66666666666667,1.80092996222029,4.33333333333333,0.642297650130547,5,5,5.75,0.828817733990148
"334","R_3g7PdyeJYmUqgqL",229242449970265,6,1.5471615720524,0.0847161572052402,3.33333333333333,-0.532403371113048,6,2.30896431679721,5,5,6,1.07881773399015
"335","R_3G8pt8Wr04bbf0j",229242449975493,6,1.5471615720524,-0.41528384279476,2.66666666666667,-1.19907003777972,4.66666666666667,0.975630983463881,4,4,4.5,-0.421182266009852
"336","R_3GBUvUfh9Q3gNlv",229678093284551,4.5,0.0471615720524019,-0.41528384279476,4.33333333333333,0.467596628886951,4,0.308964316797214,3,4,6,1.07881773399015
"337","R_3GE294eZpd1Fd3b",229242449961107,4,-0.452838427947598,-0.41528384279476,4,0.134263295553618,4,0.308964316797214,5,5,4.25,-0.671182266009852
"338","R_3GfFGdrjJRUqybx",229166416666812,3,-1.4528384279476,-0.91528384279476,1.33333333333333,-2.53240337111305,4.33333333333333,0.642297650130547,4,4,4,-0.921182266009852
"339","R_3Gg0rh96RhxMnrW",229677069779187,1.5,-2.9528384279476,0.58471615720524,3.33333333333333,-0.532403371113048,1.66666666666667,-2.02436901653612,2,2,2.5,-2.42118226600985
"340","R_3GjRdkDUeZzBSiE",229242449962151,5,0.547161572052402,0.0847161572052402,3.33333333333333,-0.532403371113048,5,1.30896431679721,5,5,4.5,-0.421182266009852
"341","R_3gXXt1W2K8Pos3x",229166066778296,4,-0.452838427947598,-0.41528384279476,3.33333333333333,-0.532403371113048,2.33333333333333,-1.35770234986945,3,2,6,1.07881773399015
"342","R_3HAg4bflYU3dIBZ",229255657958647,3.5,-0.952838427947598,1.58471615720524,3.66666666666667,-0.199070037779715,3.33333333333333,-0.357702349869452,4,2,3,-1.92118226600985
"343","R_3hbHzzIb2p5LFeV",229242449970251,4.5,0.0471615720524019,-1.41528384279476,2,-1.86573670444638,5,1.30896431679721,5,4,5.25,0.328817733990148
"344","R_3hclMbURMmsEgfp",229321437763714,4,-0.452838427947598,0.58471615720524,4,0.134263295553618,4,0.308964316797214,3,3,4,-0.921182266009852
"345","R_3hg9rxVP0W2bBdv",229409893551190,5,0.547161572052402,-1.41528384279476,5.33333333333333,1.46759662888695,3.33333333333333,-0.357702349869452,4,4,5.5,0.578817733990148
"346","R_3HXooKTTwVg4kvF",229677069783101,3.5,-0.952838427947598,1.58471615720524,5.33333333333333,1.46759662888695,4,0.308964316797214,3,4,6,1.07881773399015
"347","R_3HYp55D45PFLzNr",229320605953210,4,-0.452838427947598,-0.91528384279476,3,-0.865736704446382,4,0.308964316797214,4,4,4.25,-0.671182266009852
"348","R_3IbFB1uZogY5uRE",229242449972339,3,-1.4528384279476,0.58471615720524,3.66666666666667,-0.199070037779715,4.66666666666667,0.975630983463881,5,5,3.75,-1.17118226600985
"349","R_3iD1T8NlCZIuSSn",229166066823206,4,-0.452838427947598,-1.41528384279476,2,-1.86573670444638,2.33333333333333,-1.35770234986945,3,4,1,-3.92118226600985
"350","R_3iOMuOrAkAbtEJ2",229409893579895,6,1.5471615720524,-1.41528384279476,5,1.13426329555362,5,1.30896431679721,6,5,6,1.07881773399015
"351","R_3IQALOx3VPabIO9",229242449982547,6,1.5471615720524,-1.41528384279476,6,2.13426329555362,4.33333333333333,0.642297650130547,1,2,3.75,-1.17118226600985
"352","R_3iRaw3Ijg0YgqDl",229242450017359,5,0.547161572052402,-0.91528384279476,4.33333333333333,0.467596628886951,4.66666666666667,0.975630983463881,3,5,6,1.07881773399015
"353","R_3IRbzcUp1vk5qmZ",229321437737054,3,-1.4528384279476,0.58471615720524,4.33333333333333,0.467596628886951,5,1.30896431679721,5,5,6,1.07881773399015
"354","R_3IRfQog8wLv6Z2l",229409893555364,5,0.547161572052402,-1.41528384279476,1,-2.86573670444638,5,1.30896431679721,5,5,5.25,0.328817733990148
"355","R_3isYhi6yhVinQCi",229678093384755,5,0.547161572052402,-0.91528384279476,2.66666666666667,-1.19907003777972,5,1.30896431679721,4,4,5,0.0788177339901477
"356","R_3ITeahDbcDVDfZw",229321437554799,5,0.547161572052402,1.08471615720524,2,-1.86573670444638,3.33333333333333,-0.357702349869452,3,4,5,0.0788177339901477
"357","R_3iUSBNvBL2gkwBY",229937963228341,5,0.547161572052402,-0.91528384279476,2.66666666666667,-1.19907003777972,3.66666666666667,-0.0243690165361192,4,4,6,1.07881773399015
"358","R_3ivSk5kamR28JsF",229255657999471,4,-0.452838427947598,0.0847161572052402,4,0.134263295553618,4,0.308964316797214,4,4,5.25,0.328817733990148
"359","R_3iwZiFBbukhyafr",229166066809875,4,-0.452838427947598,-1.41528384279476,4.66666666666667,0.800929962220285,4,0.308964316797214,4,4,6,1.07881773399015
"360","R_3IYJzRZcDP54Yp0",229242449967117,4,-0.452838427947598,-1.41528384279476,4,0.134263295553618,3,-0.691035683202786,2,2,4.5,-0.421182266009852
"361","R_3j38lHPlwwyS4X2",229321438291162,3.5,-0.952838427947598,1.08471615720524,3.66666666666667,-0.199070037779715,4.66666666666667,0.975630983463881,1,2,5.25,0.328817733990148
"362","R_3jebqMrrxWLoj9G",229678093331563,5.5,1.0471615720524,-0.41528384279476,2.66666666666667,-1.19907003777972,5,1.30896431679721,4,3,6,1.07881773399015
"363","R_3JeLqCpCZJ4m1X8",229409893555379,4.5,0.0471615720524019,-0.91528384279476,3.33333333333333,-0.532403371113048,4.66666666666667,0.975630983463881,2,2,2.75,-2.17118226600985
"364","R_3jfFKwL3nFTv5jm",229855352130795,5.5,1.0471615720524,-1.41528384279476,5,1.13426329555362,5,1.30896431679721,5,4,6,1.07881773399015
"365","R_3jfzT7WP5HxcBKx",229409893563468,5,0.547161572052402,-0.41528384279476,4.66666666666667,0.800929962220285,4.66666666666667,0.975630983463881,5,5,6,1.07881773399015
"366","R_3JgBBxNJzTEfspb",229855351959799,6,1.5471615720524,-1.41528384279476,4,0.134263295553618,4,0.308964316797214,3,4,5.75,0.828817733990148
"367","R_3JKoDCr9qlPtI5O",229321438363760,4,-0.452838427947598,-0.91528384279476,3,-0.865736704446382,5,1.30896431679721,3,4,4,-0.921182266009852
"368","R_3JpYYmfMdkuZ36A",229256171972822,6,1.5471615720524,-0.91528384279476,5,1.13426329555362,2.33333333333333,-1.35770234986945,5,4,5.75,0.828817733990148
"369","R_3JsmifnazgApI1d",229320606074103,4,-0.452838427947598,-0.41528384279476,3,-0.865736704446382,4.66666666666667,0.975630983463881,5,5,5.25,0.328817733990148
"370","R_3JyOgimkBE8Gpjf",229409893574681,3.5,-0.952838427947598,-0.91528384279476,5.66666666666667,1.80092996222029,1.33333333333333,-2.35770234986945,4,1,1,-3.92118226600985
"371","R_3k012OMZ7fqwMMC",229409893589020,5,0.547161572052402,2.58471615720524,5.66666666666667,1.80092996222029,4.66666666666667,0.975630983463881,5,5,6,1.07881773399015
"372","R_3KBbO4HrzSQov8h",229256171858967,3.5,-0.952838427947598,0.0847161572052402,2,-1.86573670444638,4,0.308964316797214,3,4,3.25,-1.67118226600985
"373","R_3KBneCX9IEzrDZP",229409893580933,4.5,0.0471615720524019,-0.41528384279476,2.33333333333333,-1.53240337111305,3.66666666666667,-0.0243690165361192,4,4,5.75,0.828817733990148
"374","R_3ke5ZDJpQBX1C0j",229166066780404,3,-1.4528384279476,-0.91528384279476,3.66666666666667,-0.199070037779715,2.66666666666667,-1.02436901653612,4,4,5.25,0.328817733990148
"375","R_3kHyP1LthBjvzfN",229677069777128,6,1.5471615720524,-1.41528384279476,6,2.13426329555362,3,-0.691035683202786,5,3,6,1.07881773399015
"376","R_3kiAUePCg8kLR8i",229255657934918,4,-0.452838427947598,0.58471615720524,4.33333333333333,0.467596628886951,3,-0.691035683202786,2,2,5,0.0788177339901477
"377","R_3KoN0ess4bPK8mS",229409893566597,5,0.547161572052402,-1.41528384279476,3.33333333333333,-0.532403371113048,4.66666666666667,0.975630983463881,5,5,5.75,0.828817733990148
"378","R_3KSWg37wet3GUTw",229166416667853,4.5,0.0471615720524019,0.0847161572052402,3.66666666666667,-0.199070037779715,4,0.308964316797214,4,3,4.5,-0.421182266009852
"379","R_3L5dKXTyGrFzFXF",229410206856398,4.5,0.0471615720524019,-1.41528384279476,2.66666666666667,-1.19907003777972,4.33333333333333,0.642297650130547,5,5,5.75,0.828817733990148
"380","R_3L5PQsiTJgy6Y7j",229678093158445,4,-0.452838427947598,-0.41528384279476,2.33333333333333,-1.53240337111305,2.33333333333333,-1.35770234986945,3,2,5.5,0.578817733990148
"381","R_3lGjzJeCRnEeWYp",229242295753826,5.5,1.0471615720524,0.0847161572052402,5,1.13426329555362,3.33333333333333,-0.357702349869452,3,2,6,1.07881773399015
"382","R_3lK2ZaE2Fr2bjp0",229320605936759,5,0.547161572052402,-0.41528384279476,4.33333333333333,0.467596628886951,2.33333333333333,-1.35770234986945,5,5,6,1.07881773399015
"383","R_3lWWBqWRXixfnYH",229256171733167,5.5,1.0471615720524,-0.91528384279476,2.33333333333333,-1.53240337111305,5,1.30896431679721,5,6,6,1.07881773399015
"384","R_3lxk1s9I4JxWjBb",230296025317508,6,1.5471615720524,0.58471615720524,2.33333333333333,-1.53240337111305,1,-2.69103568320279,2,1,1.5,-3.42118226600985
"385","R_3m1oTqlV5Yjzzl8",229242450025714,4.5,0.0471615720524019,0.0847161572052402,3.33333333333333,-0.532403371113048,5,1.30896431679721,4,5,6,1.07881773399015
"386","R_3M4MHlRF1yGgnV6",229410206693467,5,0.547161572052402,0.0847161572052402,4.33333333333333,0.467596628886951,4.66666666666667,0.975630983463881,5,5,6,1.07881773399015
"387","R_3M6iivw99fLhS17",229255657966698,3.5,-0.952838427947598,-1.41528384279476,2.33333333333333,-1.53240337111305,5,1.30896431679721,5,5,4.5,-0.421182266009852
"388","R_3m9PmtY3H8o50hi",229409893570762,5,0.547161572052402,-1.41528384279476,3.33333333333333,-0.532403371113048,5.33333333333333,1.64229765013055,5,5,6,1.07881773399015
"389","R_3maauwgeLmyIafc",229320605949038,6,1.5471615720524,-1.41528384279476,4.33333333333333,0.467596628886951,4,0.308964316797214,5,5,5,0.0788177339901477
"390","R_3MALkdLiaRwrGpH",229409893639303,6,1.5471615720524,-1.41528384279476,4.66666666666667,0.800929962220285,5,1.30896431679721,4,5,6,1.07881773399015
"391","R_3MbV6SP27Eiit2Z",229320606066792,5.5,1.0471615720524,-0.41528384279476,4.33333333333333,0.467596628886951,2,-1.69103568320279,3,1,6,1.07881773399015
"392","R_3meiD2BanwaGxyW",229242295750704,1,-3.4528384279476,0.58471615720524,3.66666666666667,-0.199070037779715,1,-2.69103568320279,1,1,1.75,-3.17118226600985
"393","R_3MflwzT4T2kJUka",229677069760763,3.5,-0.952838427947598,1.08471615720524,4,0.134263295553618,1.66666666666667,-2.02436901653612,1,1,5,0.0788177339901477
"394","R_3mgY6Y0UIN2HyQ8",229256171601985,6,1.5471615720524,-0.91528384279476,2,-1.86573670444638,4.66666666666667,0.975630983463881,4,4,3.25,-1.67118226600985
"395","R_3mIZQ7fAUEXJsZ3",229321438312457,5,0.547161572052402,-0.41528384279476,4,0.134263295553618,3.33333333333333,-0.357702349869452,3,3,4.75,-0.171182266009852
"396","R_3mJcyAkG7X9Gqel",229409893561373,5.5,1.0471615720524,-1.41528384279476,4.33333333333333,0.467596628886951,4,0.308964316797214,6,4,5.75,0.828817733990148
"397","R_3mk3CS39VYERPJn",229409893587194,3,-1.4528384279476,0.58471615720524,4,0.134263295553618,1,-2.69103568320279,4,1,1.75,-3.17118226600985
"398","R_3MK93DIT6IwDRoX",230469411989522,4,-0.452838427947598,-1.41528384279476,3,-0.865736704446382,5,1.30896431679721,3,4,5.25,0.328817733990148
"399","R_3mmgNPJTsI2HNu0",229855352035555,5,0.547161572052402,0.58471615720524,2.33333333333333,-1.53240337111305,5,1.30896431679721,4,4,4.75,-0.171182266009852
"400","R_3MPu31AzdohRMko",229855351995491,6,1.5471615720524,-1.41528384279476,6,2.13426329555362,4,0.308964316797214,3,5,6,1.07881773399015
"401","R_3Myrqdw0pzbDQkz",229678093440224,5.5,1.0471615720524,-0.41528384279476,4.33333333333333,0.467596628886951,3.66666666666667,-0.0243690165361192,3,4,6,1.07881773399015
"402","R_3n3tEncCO9Vv2PD",229937963399296,6,1.5471615720524,-1.41528384279476,3,-0.865736704446382,4.66666666666667,0.975630983463881,5,5,6,1.07881773399015
"403","R_3n7ordFES5aQFbd",229409893556412,4.5,0.0471615720524019,-1.41528384279476,2.33333333333333,-1.53240337111305,3.66666666666667,-0.0243690165361192,4,4,4.75,-0.171182266009852
"404","R_3nDwBXPS5qRtTye",229255657980998,4.5,0.0471615720524019,0.58471615720524,4,0.134263295553618,4.33333333333333,0.642297650130547,5,5,6,1.07881773399015
"405","R_3nGzUm4aNDYJiLY",229678093312036,4,-0.452838427947598,1.58471615720524,3.33333333333333,-0.532403371113048,4,0.308964316797214,3,3,4.75,-0.171182266009852
"406","R_3nH7erFm3FlZqRm",229678093302790,4.5,0.0471615720524019,-0.41528384279476,3.33333333333333,-0.532403371113048,3.33333333333333,-0.357702349869452,2,3,4.75,-0.171182266009852
"407","R_3nkhpGIGldYlgAR",230469412011106,5.5,1.0471615720524,-1.41528384279476,2,-1.86573670444638,5,1.30896431679721,5,5,5.75,0.828817733990148
"408","R_3NPSVGia8j1wETu",229321437547620,5.5,1.0471615720524,-1.41528384279476,1,-2.86573670444638,2.33333333333333,-1.35770234986945,1,2,2.25,-2.67118226600985
"409","R_3nUc7oJWOKlnJBV",229255657942213,3.5,-0.952838427947598,1.08471615720524,3.66666666666667,-0.199070037779715,5,1.30896431679721,5,5,6,1.07881773399015
"410","R_3NWHzCjCutDhTbe",229320605935711,3,-1.4528384279476,0.0847161572052402,3.66666666666667,-0.199070037779715,3,-0.691035683202786,4,5,4,-0.921182266009852
"411","R_3O33BxctPZwg2Ip",229677069754505,4.5,0.0471615720524019,-0.91528384279476,3.33333333333333,-0.532403371113048,4.66666666666667,0.975630983463881,4,5,5.75,0.828817733990148
"412","R_3oAPxeuf0OCltUD",229678093165654,6,1.5471615720524,0.58471615720524,2.33333333333333,-1.53240337111305,2.33333333333333,-1.35770234986945,1,1,6,1.07881773399015
"413","R_3OcYunjrJOatDOG",229410206863586,3.5,-0.952838427947598,1.08471615720524,5,1.13426329555362,2.33333333333333,-1.35770234986945,1,1,4.25,-0.671182266009852
"414","R_3OodzFvOU2GqQkk",229409893640352,5,0.547161572052402,-1.41528384279476,4.33333333333333,0.467596628886951,1,-2.69103568320279,1,1,5.5,0.578817733990148
"415","R_3oYGk0oFoKvLtzl",229409893551200,1.5,-2.9528384279476,0.0847161572052402,4.66666666666667,0.800929962220285,4,0.308964316797214,3,4,4,-0.921182266009852
"416","R_3oYpTt5mP3Z4rKn",229255657957600,2.5,-1.9528384279476,0.0847161572052402,3.66666666666667,-0.199070037779715,3.33333333333333,-0.357702349869452,4,5,5.5,0.578817733990148
"417","R_3ozNcUtSC2durX2",229409893562422,5.5,1.0471615720524,-1.41528384279476,2.66666666666667,-1.19907003777972,4,0.308964316797214,5,5,6,1.07881773399015
"418","R_3oZsyLJXDsMjWiq",229410206629043,3.5,-0.952838427947598,-1.41528384279476,1,-2.86573670444638,4.33333333333333,0.642297650130547,3,4,6,1.07881773399015
"419","R_3p4MHNZFv2QytI8",229321437762688,4.5,0.0471615720524019,2.08471615720524,3.66666666666667,-0.199070037779715,4,0.308964316797214,2,3,4.75,-0.171182266009852
"420","R_3P5N96tlMTxv2SB",229242295740534,3,-1.4528384279476,0.58471615720524,4,0.134263295553618,3,-0.691035683202786,4,4,4.5,-0.421182266009852
"421","R_3P6nIX6MCWT2rpO",229256171951216,5,0.547161572052402,1.08471615720524,4.33333333333333,0.467596628886951,4,0.308964316797214,3,3,5.5,0.578817733990148
"422","R_3P7RzAy13Y0ZyPe",229320605973564,6,1.5471615720524,-0.41528384279476,5,1.13426329555362,5,1.30896431679721,4,5,4.5,-0.421182266009852
"423","R_3PcaIkbjoodjNKU",229855352053806,5,0.547161572052402,1.08471615720524,5.33333333333333,1.46759662888695,4.33333333333333,0.642297650130547,4,5,5.75,0.828817733990148
"424","R_3purN895nsgKcPM",229242449961112,6,1.5471615720524,-0.41528384279476,2.66666666666667,-1.19907003777972,4,0.308964316797214,5,5,6,1.07881773399015
"425","R_3q87cmTulglHFwQ",229410206658574,5,0.547161572052402,-0.41528384279476,3.66666666666667,-0.199070037779715,2.33333333333333,-1.35770234986945,3,2,4,-0.921182266009852
"426","R_3QDbKyq8ExtSrh4",229166416689292,4,-0.452838427947598,-0.41528384279476,2.66666666666667,-1.19907003777972,5,1.30896431679721,4,4,5.75,0.828817733990148
"427","R_3QGIueGaks8cgn3",229320605989990,5.5,1.0471615720524,0.58471615720524,4,0.134263295553618,3.66666666666667,-0.0243690165361192,5,5,5,0.0788177339901477
"428","R_3qjukVIGc9vju6U",229758453977189,4.5,0.0471615720524019,-0.91528384279476,3,-0.865736704446382,4,0.308964316797214,4,4,5.25,0.328817733990148
"429","R_3Qo4RcpLrzI1Aul",229321438104706,5.5,1.0471615720524,-0.91528384279476,5.33333333333333,1.46759662888695,4.66666666666667,0.975630983463881,4,4,6,1.07881773399015
"430","R_3QPeNwrbrNbvdfP",229242449960057,5.5,1.0471615720524,-0.91528384279476,3.66666666666667,-0.199070037779715,5.33333333333333,1.64229765013055,5,6,5.75,0.828817733990148
"431","R_3qpx95XzcwMK7Id",229166416659499,5,0.547161572052402,2.08471615720524,4,0.134263295553618,4,0.308964316797214,3,4,6,1.07881773399015
"432","R_3qrrZIPKi2hix0x",229855352122474,4,-0.452838427947598,0.58471615720524,4.66666666666667,0.800929962220285,3,-0.691035683202786,3,2,1,-3.92118226600985
"433","R_3qUld2GTlU0xNRr",229320605954251,1.5,-2.9528384279476,3.58471615720524,5.33333333333333,1.46759662888695,1.66666666666667,-2.02436901653612,1,1,6,1.07881773399015
"434","R_3qx6ZwB18dmIdlO",229320605943020,5.5,1.0471615720524,-0.41528384279476,5,1.13426329555362,4,0.308964316797214,5,4,6,1.07881773399015
"435","R_3r21G8Nm7RsHkc0",229321437509656,5.5,1.0471615720524,1.08471615720524,3.66666666666667,-0.199070037779715,5,1.30896431679721,5,5,6,1.07881773399015
"436","R_3R8wRWQYe5SZdbT",229242450029643,4.5,0.0471615720524019,-0.41528384279476,3,-0.865736704446382,5.33333333333333,1.64229765013055,5,5,5.5,0.578817733990148
"437","R_3RgO5GN0KthHTX2",229242295855225,5.5,1.0471615720524,-1.41528384279476,5.66666666666667,1.80092996222029,4,0.308964316797214,4,3,5.25,0.328817733990148
"438","R_3RlUrzOB5KhraCa",229242449964248,5,0.547161572052402,-0.41528384279476,2.66666666666667,-1.19907003777972,4.66666666666667,0.975630983463881,4,4,5,0.0788177339901477
"439","R_3RmBbtpwmG8GnpU",229410206661654,3.5,-0.952838427947598,-1.41528384279476,2,-1.86573670444638,3.66666666666667,-0.0243690165361192,4,4,6,1.07881773399015
"440","R_3rPydNfjakAlFnL",229409893553285,1,-3.4528384279476,-1.41528384279476,2,-1.86573670444638,3.66666666666667,-0.0243690165361192,3,4,4.25,-0.671182266009852
"441","R_3rVglKGmU72rokw",229409893592158,4.5,0.0471615720524019,-0.41528384279476,4.66666666666667,0.800929962220285,3.66666666666667,-0.0243690165361192,3,3,5,0.0788177339901477
"442","R_3s04VQwuwiRt0e2",229256171636877,5,0.547161572052402,-0.41528384279476,3.66666666666667,-0.199070037779715,3,-0.691035683202786,2,2,5.5,0.578817733990148
"443","R_3s6qPNlNN0k4mS0",229256171835582,3.5,-0.952838427947598,0.58471615720524,3.66666666666667,-0.199070037779715,1.66666666666667,-2.02436901653612,2,2,4.5,-0.421182266009852
"444","R_3siQFVhDI105wbQ",229256171582508,5.5,1.0471615720524,0.0847161572052402,3,-0.865736704446382,4.33333333333333,0.642297650130547,5,5,6,1.07881773399015
"445","R_3smqZ13umEbseql",229677069757642,3.5,-0.952838427947598,-1.41528384279476,1.66666666666667,-2.19907003777972,4,0.308964316797214,3,4,5.25,0.328817733990148
"446","R_3smrwM5ZrCpylBz",229242295765044,3.5,-0.952838427947598,2.58471615720524,6,2.13426329555362,1.66666666666667,-2.02436901653612,5,1,3,-1.92118226600985
"447","R_3stNQFQ6wYJItgN",229678093112449,3,-1.4528384279476,0.58471615720524,3,-0.865736704446382,2.33333333333333,-1.35770234986945,2,2,4.5,-0.421182266009852
"448","R_3UJccoWYQtbscJX",229410206632128,4.5,0.0471615720524019,-0.41528384279476,4,0.134263295553618,5,1.30896431679721,4,5,6,1.07881773399015
"449","R_3w0BMiOH7kDSo6J",229937963061289,6,1.5471615720524,-1.41528384279476,3,-0.865736704446382,2.33333333333333,-1.35770234986945,1,1,1,-3.92118226600985
"450","R_40dNrMPFaOtEmbL",229242295752786,4,-0.452838427947598,0.58471615720524,3.66666666666667,-0.199070037779715,2,-1.69103568320279,3,2,2.25,-2.67118226600985
"451","R_4O7bW4HIAb2vxxT",229242295739490,4.5,0.0471615720524019,-1.41528384279476,2.33333333333333,-1.53240337111305,4,0.308964316797214,4,4,4.5,-0.421182266009852
"452","R_56b3rzqNRgjfHXj",229409893563459,4.5,0.0471615720524019,1.08471615720524,4,0.134263295553618,3.66666666666667,-0.0243690165361192,4,3,4.25,-0.671182266009852
"453","R_56fnmbvJywu4sKJ",229678093166682,3.5,-0.952838427947598,0.58471615720524,4,0.134263295553618,4.33333333333333,0.642297650130547,3,4,5.5,0.578817733990148
"454","R_56ZOo15E4R2qzOF",229242295756956,6,1.5471615720524,-0.91528384279476,4,0.134263295553618,4.33333333333333,0.642297650130547,5,5,6,1.07881773399015
"455","R_56ZTAc0Vrn5PXLr",229937963303953,6,1.5471615720524,-0.91528384279476,3,-0.865736704446382,3,-0.691035683202786,3,2,4.75,-0.171182266009852
"456","R_6DpxhlmL4FDsp0J",230469411967151,6,1.5471615720524,-1.41528384279476,4,0.134263295553618,4.33333333333333,0.642297650130547,4,5,2.75,-2.17118226600985
"457","R_6DwJDuYylAf74sN",229320606006452,1,-3.4528384279476,-1.41528384279476,4.66666666666667,0.800929962220285,1,-2.69103568320279,1,1,1,-3.92118226600985
"458","R_6FLOIM9YoMkt9Jv",229242449957958,6,1.5471615720524,-1.41528384279476,3.66666666666667,-0.199070037779715,4,0.308964316797214,4,4,6,1.07881773399015
"459","R_6KfWCtRpRvT3ggF",229321438315541,4,-0.452838427947598,2.08471615720524,4.33333333333333,0.467596628886951,5,1.30896431679721,5,5,5.75,0.828817733990148
"460","R_6SEE2rNUQKx5itb",229242295831746,4,-0.452838427947598,-0.41528384279476,3.33333333333333,-0.532403371113048,4.33333333333333,0.642297650130547,4,4,3.75,-1.17118226600985
"461","R_6tYWl75MHmR54KB",229256171549895,6,1.5471615720524,0.58471615720524,4,0.134263295553618,5,1.30896431679721,5,5,5.75,0.828817733990148
"462","R_6W0EW3x1y8fjSX7",229410207404169,5,0.547161572052402,-0.41528384279476,3,-0.865736704446382,4.33333333333333,0.642297650130547,4,4,6,1.07881773399015
"463","R_734AAwGylkq2Pe1",229678093414635,5.5,1.0471615720524,-1.41528384279476,4.66666666666667,0.800929962220285,5.33333333333333,1.64229765013055,5,6,6,1.07881773399015
"464","R_78wNZOEKbYNeMIV",229409893583024,4,-0.452838427947598,-1.41528384279476,2.66666666666667,-1.19907003777972,4,0.308964316797214,5,5,4.5,-0.421182266009852
"465","R_7ajpMxoVpAYR3cR",229255657949260,6,1.5471615720524,3.58471615720524,4.66666666666667,0.800929962220285,3,-0.691035683202786,3,3,6,1.07881773399015
"466","R_7WGFlGsDSnQRpmh",229166066833639,2.5,-1.9528384279476,1.08471615720524,4.33333333333333,0.467596628886951,1.66666666666667,-2.02436901653612,1,1,1.5,-3.42118226600985
"467","R_8iBn0zQMI1dvjmF",229256171968702,5,0.547161572052402,-0.91528384279476,2,-1.86573670444638,5,1.30896431679721,5,4,6,1.07881773399015
"468","R_8jJinnm0a4ic5YB",229320605962358,5.5,1.0471615720524,-0.91528384279476,5.33333333333333,1.46759662888695,4.33333333333333,0.642297650130547,4,4,6,1.07881773399015
"469","R_8q6n1RRt6MyyXex",227471319859444,6,1.5471615720524,-1.41528384279476,2,-1.86573670444638,4.33333333333333,0.642297650130547,3,4,6,1.07881773399015
"470","R_9AWvGT7rU9cKGxH",229320605949036,5,0.547161572052402,-1.41528384279476,4.66666666666667,0.800929962220285,3,-0.691035683202786,4,3,6,1.07881773399015
"471","R_9SwDxmdVRzn9FdL",229256171770896,2,-2.4528384279476,-0.41528384279476,3.33333333333333,-0.532403371113048,1,-2.69103568320279,1,1,4.5,-0.421182266009852
"472","R_AAHKZ3vcmf71Pjj",229256171707512,6,1.5471615720524,-0.91528384279476,3.33333333333333,-0.532403371113048,4.66666666666667,0.975630983463881,5,5,4.75,-0.171182266009852
"473","R_Ab6UGDbmjVtu3AZ",229256171552970,5,0.547161572052402,-0.41528384279476,4.33333333333333,0.467596628886951,4.66666666666667,0.975630983463881,2,4,5.75,0.828817733990148
"474","R_ABDhvhN4xo1jJFD",229321437924448,6,1.5471615720524,-1.41528384279476,2.33333333333333,-1.53240337111305,5,1.30896431679721,4,5,6,1.07881773399015
"475","R_Ah2SgjKYfhYCFzP",229256171951214,5.5,1.0471615720524,-1.41528384279476,5,1.13426329555362,3.66666666666667,-0.0243690165361192,5,3,6,1.07881773399015
"476","R_ah3CqRoRJKXemNb",229678093261955,5,0.547161572052402,1.08471615720524,5,1.13426329555362,5,1.30896431679721,4,4,6,1.07881773399015
"477","R_AHYq3fKkaHCcbWF",229242295753838,3.5,-0.952838427947598,1.58471615720524,6,2.13426329555362,1,-2.69103568320279,1,1,6,1.07881773399015
"478","R_An6PzcN4iqwNczv",229678093358306,5.5,1.0471615720524,-0.91528384279476,4,0.134263295553618,5.66666666666667,1.97563098346388,1,5,3.25,-1.67118226600985
"479","R_AomSIyMtDd4sOA1",229242295746789,3,-1.4528384279476,0.58471615720524,5.33333333333333,1.46759662888695,1.66666666666667,-2.02436901653612,1,1,2,-2.92118226600985
"480","R_b2ZcxCwv0pAfl4d",229320605934677,5,0.547161572052402,-0.41528384279476,3.33333333333333,-0.532403371113048,5,1.30896431679721,4,4,5.75,0.828817733990148
"481","R_b4uyOv2omR0cmf7",229242449956910,6,1.5471615720524,1.08471615720524,2.33333333333333,-1.53240337111305,4.66666666666667,0.975630983463881,6,6,6,1.07881773399015
"482","R_ba4nkvzYlW6JNIt",230469411956853,3.5,-0.952838427947598,0.58471615720524,3.66666666666667,-0.199070037779715,4,0.308964316797214,4,3,4,-0.921182266009852
"483","R_bmjQH4KlClbZu7L",229409893557466,4,-0.452838427947598,-1.41528384279476,5,1.13426329555362,3.66666666666667,-0.0243690165361192,5,5,5.25,0.328817733990148
"484","R_BP2EFUxic96I9z3",229242449956920,6,1.5471615720524,-1.41528384279476,2.66666666666667,-1.19907003777972,6,2.30896431679721,4,5,5.5,0.578817733990148
"485","R_BVtq8zZtCjE6BB7",229255657936997,3.5,-0.952838427947598,-1.41528384279476,3,-0.865736704446382,4,0.308964316797214,5,5,6,1.07881773399015
"486","R_BWcQlGznhrP7sMp",229242449969214,4.5,0.0471615720524019,2.58471615720524,5.66666666666667,1.80092996222029,5,1.30896431679721,4,6,4.75,-0.171182266009852
"487","R_bx4MDwAhY2SADXr",229320605936769,5.5,1.0471615720524,-0.91528384279476,5.66666666666667,1.80092996222029,3,-0.691035683202786,2,1,3.25,-1.67118226600985
"488","R_BywDqqxLxP5MOLD",229166066778312,5,0.547161572052402,1.58471615720524,4.66666666666667,0.800929962220285,4.66666666666667,0.975630983463881,5,5,6,1.07881773399015
"489","R_C9T1efwFZ6VT9Lz",229937963436224,6,1.5471615720524,-1.41528384279476,4.33333333333333,0.467596628886951,5,1.30896431679721,4,5,6,1.07881773399015
"490","R_cGcZqyuNa9pLbdT",229409893570768,2.5,-1.9528384279476,1.58471615720524,5.66666666666667,1.80092996222029,1,-2.69103568320279,2,2,5.5,0.578817733990148
"491","R_cOX10zgwNe6cpj3",229320605946949,4,-0.452838427947598,-0.41528384279476,6,2.13426329555362,2,-1.69103568320279,3,2,6,1.07881773399015
"492","R_cTN0cTJ7C5jMipr",229166066833642,4,-0.452838427947598,1.08471615720524,4.33333333333333,0.467596628886951,4.66666666666667,0.975630983463881,5,4,4.5,-0.421182266009852
"493","R_cYIwKezOfDVVChz",229255657937001,6,1.5471615720524,-0.91528384279476,4.66666666666667,0.800929962220285,5,1.30896431679721,5,5,6,1.07881773399015
"494","R_CZAnviMtBE31HVv",229410206636238,2.5,-1.9528384279476,-0.91528384279476,2,-1.86573670444638,4,0.308964316797214,5,4,4.75,-0.171182266009852
"495","R_cZILximj914t2mJ",229320605974599,4,-0.452838427947598,-0.41528384279476,3,-0.865736704446382,3.66666666666667,-0.0243690165361192,4,3,4.75,-0.171182266009852
"496","R_d1lzcWcat1nY2jL",229242295753832,5,0.547161572052402,-1.41528384279476,4,0.134263295553618,5.66666666666667,1.97563098346388,4,5,3,-1.92118226600985
"497","R_D8X8cKEgvvYgB7r",229255657930998,3,-1.4528384279476,0.58471615720524,4.33333333333333,0.467596628886951,4,0.308964316797214,4,4,5,0.0788177339901477
"498","R_DA9FaF7eBDE68E1",229937963021321,3.5,-0.952838427947598,0.58471615720524,3.66666666666667,-0.199070037779715,3.33333333333333,-0.357702349869452,4,3,3.75,-1.17118226600985
"499","R_DAy13Qg9X0yju5b",229166066792658,3.5,-0.952838427947598,-0.91528384279476,2.66666666666667,-1.19907003777972,1,-2.69103568320279,2,2,5.25,0.328817733990148
"500","R_DC2Y31RhrgXdq2l",229409893568695,6,1.5471615720524,-0.41528384279476,4,0.134263295553618,5.33333333333333,1.64229765013055,5,6,6,1.07881773399015
"501","R_dcG4YHz0cKrEHO9",229242295779358,1,-3.4528384279476,2.08471615720524,6,2.13426329555362,1.33333333333333,-2.35770234986945,2,1,1.5,-3.42118226600985
"502","R_DcnnxSaLoAkL3rz",229678093430898,2,-2.4528384279476,1.08471615720524,4,0.134263295553618,1.33333333333333,-2.35770234986945,1,1,1.75,-3.17118226600985
"503","R_DeJW28g6uMydLeF",229242295787687,5,0.547161572052402,1.08471615720524,4,0.134263295553618,2.66666666666667,-1.02436901653612,2,2,5.25,0.328817733990148
"504","R_DkjeeoSb4uJhCZr",229242449962145,5,0.547161572052402,0.0847161572052402,4.33333333333333,0.467596628886951,4,0.308964316797214,3,4,6,1.07881773399015
"505","R_Dl5ozsei0qGHLbj",229320605938856,5,0.547161572052402,-1.41528384279476,3.66666666666667,-0.199070037779715,5,1.30896431679721,6,5,6,1.07881773399015
"506","R_dmnxzIsmPDooyOZ",229678093212685,6,1.5471615720524,-1.41528384279476,2.66666666666667,-1.19907003777972,4.33333333333333,0.642297650130547,4,3,5.5,0.578817733990148
"507","R_dmTENL4WFRAmWml",229678093412574,3.5,-0.952838427947598,3.58471615720524,6,2.13426329555362,1,-2.69103568320279,2,2,6,1.07881773399015
"508","R_dmyfvnVwZSS6qCR",229678093438137,5.5,1.0471615720524,2.58471615720524,6,2.13426329555362,4.33333333333333,0.642297650130547,2,1,4.5,-0.421182266009852
"509","R_DNRyhi5gcPlwDRv",229256171609167,4.5,0.0471615720524019,-0.41528384279476,2.33333333333333,-1.53240337111305,5,1.30896431679721,5,5,6,1.07881773399015
"510","R_DP6oaIAjatZuWKR",229321437681681,4.5,0.0471615720524019,2.58471615720524,3.66666666666667,-0.199070037779715,4.33333333333333,0.642297650130547,2,5,4.75,-0.171182266009852
"511","R_DqafDJUij6pOidj",227471450957862,4,-0.452838427947598,-0.41528384279476,4.33333333333333,0.467596628886951,3.66666666666667,-0.0243690165361192,3,3,3,-1.92118226600985
"512","R_DSELwlHLoyxJU2Z",229410206981135,3.5,-0.952838427947598,-1.41528384279476,4,0.134263295553618,3,-0.691035683202786,5,5,2,-2.92118226600985
"513","R_DTxi23dLWEU3Lm9",229678093252715,5.5,1.0471615720524,1.58471615720524,1.66666666666667,-2.19907003777972,5,1.30896431679721,5,5,5.75,0.828817733990148
"514","R_DUAN8s8VqapyYCt",230469411954784,4.5,0.0471615720524019,0.0847161572052402,2.66666666666667,-1.19907003777972,4,0.308964316797214,4,4,5,0.0788177339901477
"515","R_e4N6cNACFRrujZf",229678093298939,4.5,0.0471615720524019,-0.41528384279476,3.33333333333333,-0.532403371113048,3.33333333333333,-0.357702349869452,4,3,5.75,0.828817733990148
"516","R_eEdxNEPfZcUq0Y9",229677069762575,2.5,-1.9528384279476,0.58471615720524,4.33333333333333,0.467596628886951,2.33333333333333,-1.35770234986945,3,4,5,0.0788177339901477
"517","R_eFZQYTp4gO6YksF",227471450945619,6,1.5471615720524,-1.41528384279476,1,-2.86573670444638,4.33333333333333,0.642297650130547,5,5,5.25,0.328817733990148
"518","R_eKWYsNTk180LbDr",229256171818133,6,1.5471615720524,-0.91528384279476,2,-1.86573670444638,5.66666666666667,1.97563098346388,4,4,6,1.07881773399015
"519","R_ePRcGNZrHmqLnz3",229242449955883,6,1.5471615720524,-1.41528384279476,2.66666666666667,-1.19907003777972,3.66666666666667,-0.0243690165361192,5,5,4.25,-0.671182266009852
"520","R_eyRlyv0mGo9RljH",229255657939099,4,-0.452838427947598,-1.41528384279476,2.66666666666667,-1.19907003777972,4.33333333333333,0.642297650130547,6,5,6,1.07881773399015
"521","R_O2OqQdFdyDL9OwN",229242295749665,3.5,-0.952838427947598,1.08471615720524,3.33333333333333,-0.532403371113048,4,0.308964316797214,5,5,4,-0.921182266009852
"522","R_O8b53p7xh5bwplT",229166066770993,3.5,-0.952838427947598,0.0847161572052402,4.33333333333333,0.467596628886951,3.66666666666667,-0.0243690165361192,4,3,5.25,0.328817733990148
"523","R_OCnbvgwnPODfkGd",229321438075977,4,-0.452838427947598,0.58471615720524,4,0.134263295553618,3.66666666666667,-0.0243690165361192,4,3,3.5,-1.42118226600985
"524","R_OlhgC04azJYZ9qp",229678093198559,4.5,0.0471615720524019,-0.41528384279476,3,-0.865736704446382,4,0.308964316797214,3,4,5.25,0.328817733990148
"525","R_Opo4165ngCwoCwF",229242449955882,4,-0.452838427947598,0.58471615720524,4,0.134263295553618,3.33333333333333,-0.357702349869452,4,3,4.75,-0.171182266009852
"526","R_Or1AiWB4eJhjZpD",229256171712646,4.5,0.0471615720524019,-1.41528384279476,2.66666666666667,-1.19907003777972,5,1.30896431679721,4,5,5.5,0.578817733990148
"527","R_OwXTYGT5v9Kwh0Z",229409893600486,5,0.547161572052402,-0.41528384279476,4,0.134263295553618,4,0.308964316797214,4,4,6,1.07881773399015
"528","R_PAtIMaxymCs5uQp",229320605966522,1,-3.4528384279476,1.58471615720524,3.33333333333333,-0.532403371113048,1,-2.69103568320279,1,1,3.5,-1.42118226600985
"529","R_pbbiWuR68CLd12V",229166416662627,4,-0.452838427947598,1.58471615720524,4,0.134263295553618,5,1.30896431679721,5,5,3.5,-1.42118226600985
"530","R_pnGgcITh1qCIByN",229242449963203,5,0.547161572052402,0.0847161572052402,2.33333333333333,-1.53240337111305,3.33333333333333,-0.357702349869452,1,2,5.25,0.328817733990148
"531","R_pPH8REPLpVM9lAt",229255657944311,4,-0.452838427947598,-1.41528384279476,5,1.13426329555362,4,0.308964316797214,4,4,5.75,0.828817733990148
"532","R_pQrbEXhp0JUxzQ5",229409893561381,4,-0.452838427947598,0.0847161572052402,4.66666666666667,0.800929962220285,5,1.30896431679721,4,4,6,1.07881773399015
"533","R_pT3EwTuf1SxdkTT",229321438161117,5,0.547161572052402,0.0847161572052402,4,0.134263295553618,3.66666666666667,-0.0243690165361192,2,3,5.5,0.578817733990148
"534","R_PtRAPkXLYtVoPRL",229256171660490,5,0.547161572052402,-0.91528384279476,3,-0.865736704446382,3,-0.691035683202786,4,4,4.5,-0.421182266009852
"535","R_PZZ2h2sjqA2zIdz",229321438035199,4.5,0.0471615720524019,0.0847161572052402,3,-0.865736704446382,2,-1.69103568320279,1,1,4.5,-0.421182266009852
"536","R_Q9A5nzfd3fY5DsB",229242295750705,1,-3.4528384279476,1.58471615720524,3,-0.865736704446382,1.66666666666667,-2.02436901653612,3,1,4.75,-0.171182266009852
"537","R_QboUij4etgUFkrL",229320605941974,4,-0.452838427947598,-0.91528384279476,5,1.13426329555362,5,1.30896431679721,5,5,6,1.07881773399015
"538","R_qCSrsgKBELjoqFr",229321438164192,4.5,0.0471615720524019,0.58471615720524,3.66666666666667,-0.199070037779715,3.66666666666667,-0.0243690165361192,4,4,3.75,-1.17118226600985
"539","R_QhTYlHh4BjieNG1",229409893559548,5.5,1.0471615720524,-1.41528384279476,4.33333333333333,0.467596628886951,5,1.30896431679721,4,5,5.25,0.328817733990148
"540","R_qK1zOTwMlZ8NCOR",229678093439181,5,0.547161572052402,-0.41528384279476,2.66666666666667,-1.19907003777972,4.66666666666667,0.975630983463881,5,4,5.75,0.828817733990148
"541","R_qWboZA7SfPjsI8N",229678093431930,6,1.5471615720524,0.58471615720524,6,2.13426329555362,6,2.30896431679721,5,4,6,1.07881773399015
"542","R_RDKEg3cbejfPs8F",229410207337591,5,0.547161572052402,0.58471615720524,3.33333333333333,-0.532403371113048,4.66666666666667,0.975630983463881,4,4,5.5,0.578817733990148
"543","R_rdw8w7IoZs4Xvod",229320605938852,4.5,0.0471615720524019,-1.41528384279476,2,-1.86573670444638,2.66666666666667,-1.02436901653612,3,3,5.25,0.328817733990148
"544","R_reEFFdzp0pypgY1",229409893610648,4,-0.452838427947598,0.58471615720524,4,0.134263295553618,4.66666666666667,0.975630983463881,3,4,4,-0.921182266009852
"545","R_RkjQBLarFrYu2hH",229677069757645,2.5,-1.9528384279476,0.58471615720524,4.33333333333333,0.467596628886951,2.33333333333333,-1.35770234986945,2,1,6,1.07881773399015
"546","R_RkNj7zIK81KGgMN",229678093404311,5.5,1.0471615720524,-1.41528384279476,2,-1.86573670444638,4,0.308964316797214,5,5,5.75,0.828817733990148
"547","R_rkYd49GtMfFH5vj",229255657970831,4.5,0.0471615720524019,0.58471615720524,6,2.13426329555362,4,0.308964316797214,4,4,6,1.07881773399015
"548","R_RLAVaQHCHLgHOhj",229320605937798,4,-0.452838427947598,-1.41528384279476,2.66666666666667,-1.19907003777972,5.66666666666667,1.97563098346388,6,5,6,1.07881773399015
"549","R_rlGxezzTYyQ1dsd",229242449966332,5,0.547161572052402,-0.41528384279476,2.33333333333333,-1.53240337111305,4.66666666666667,0.975630983463881,4,5,6,1.07881773399015
"550","R_Rlx1D84knvb3saJ",229242295830711,4,-0.452838427947598,1.58471615720524,4.33333333333333,0.467596628886951,4.66666666666667,0.975630983463881,4,3,3.25,-1.67118226600985
"551","R_saEufT8Fz6GNleN",229410206924938,6,1.5471615720524,-1.41528384279476,1.33333333333333,-2.53240337111305,6,2.30896431679721,5,6,4.5,-0.421182266009852
"552","R_SBozdhH6aNgsCe5",229677069804668,2,-2.4528384279476,-1.41528384279476,3.66666666666667,-0.199070037779715,5.33333333333333,1.64229765013055,4,5,6,1.07881773399015
"553","R_sGtv3I6l6YZ1GU1",229320606075132,5,0.547161572052402,-1.41528384279476,3.66666666666667,-0.199070037779715,4,0.308964316797214,6,6,6,1.07881773399015
"554","R_sOmW6gSKvNJ5Si5",229678093268122,3,-1.4528384279476,1.58471615720524,5,1.13426329555362,1.66666666666667,-2.02436901653612,2,2,4.25,-0.671182266009852
"555","R_sSR9IooKusigb73",229166066768915,3.5,-0.952838427947598,0.58471615720524,4,0.134263295553618,4.33333333333333,0.642297650130547,4,5,4.75,-0.171182266009852
"556","R_ST3qQDWH8a2Z8wF",229320605955296,6,1.5471615720524,-1.41528384279476,4.33333333333333,0.467596628886951,4,0.308964316797214,5,3,4.75,-0.171182266009852
"557","R_stgdPaExzIsFfRT",229242295780393,3.5,-0.952838427947598,-0.41528384279476,3.33333333333333,-0.532403371113048,1,-2.69103568320279,1,1,4.75,-0.171182266009852
"558","R_SW8meRihHCg4Ty9",229409893573634,4.5,0.0471615720524019,-1.41528384279476,4,0.134263295553618,3,-0.691035683202786,3,3,6,1.07881773399015
"559","R_SZ8HCt2oohfoGEp",229242449961111,5,0.547161572052402,0.0847161572052402,4.66666666666667,0.800929962220285,4.33333333333333,0.642297650130547,4,5,4.75,-0.171182266009852
"560","R_T7oDEcrvfbIAgQF",229678093210632,6,1.5471615720524,-1.41528384279476,5.66666666666667,1.80092996222029,4,0.308964316797214,4,2,5.75,0.828817733990148
"561","R_TkhXPO6S8FurRMB",229410206664732,3.5,-0.952838427947598,-0.41528384279476,3,-0.865736704446382,4.66666666666667,0.975630983463881,4,4,4.25,-0.671182266009852
"562","R_tPLRXslSCSIIrAZ",229409893552235,2,-2.4528384279476,0.58471615720524,3.66666666666667,-0.199070037779715,3,-0.691035683202786,3,2,4,-0.921182266009852
"563","R_tWjlJgTTfxF3Z85",229242449965295,2.5,-1.9528384279476,-1.41528384279476,1,-2.86573670444638,1,-2.69103568320279,1,1,1,-3.92118226600985
"564","R_tZ0bYpiNyMj4pt7",230296025094160,4.5,0.0471615720524019,-1.41528384279476,3,-0.865736704446382,5.66666666666667,1.97563098346388,5,5,6,1.07881773399015
"565","R_UAdBCN4Yr8bSg6d",229409893597348,4,-0.452838427947598,-0.41528384279476,5,1.13426329555362,3.33333333333333,-0.357702349869452,3,3,5.5,0.578817733990148
"566","R_UAdT6lmfGZMm2s1",229937963133014,5.5,1.0471615720524,-0.91528384279476,4,0.134263295553618,4.66666666666667,0.975630983463881,5,4,6,1.07881773399015
"567","R_ugMJIMUpAOB2oUh",229320606027862,6,1.5471615720524,-0.41528384279476,4.66666666666667,0.800929962220285,4,0.308964316797214,4,3,6,1.07881773399015
"568","R_ujLqmiC73EyREFX",229166416656617,3,-1.4528384279476,-1.41528384279476,2,-1.86573670444638,4.33333333333333,0.642297650130547,4,4,5,0.0788177339901477
"569","R_UutbqIVKMY6CypX",229256171743437,5.5,1.0471615720524,-1.41528384279476,2.66666666666667,-1.19907003777972,5.66666666666667,1.97563098346388,5,6,5.5,0.578817733990148
"570","R_uw85ACVWObqwt5n",229678093212684,4.5,0.0471615720524019,-0.91528384279476,3.66666666666667,-0.199070037779715,4.33333333333333,0.642297650130547,4,4,2.5,-2.42118226600985
"571","R_ux34WUoxkXoCzLz",229256171950188,4,-0.452838427947598,1.08471615720524,5.33333333333333,1.46759662888695,4,0.308964316797214,3,4,5.25,0.328817733990148
"572","R_vBpjBVWxgHwdR85",229255657931781,5,0.547161572052402,-1.41528384279476,4,0.134263295553618,4.33333333333333,0.642297650130547,5,5,6,1.07881773399015
"573","R_vk2QpnGK6FqBB0l",229678093381676,2.5,-1.9528384279476,1.58471615720524,5,1.13426329555362,1,-2.69103568320279,1,1,3,-1.92118226600985
"574","R_vkwQtf0JK6KmhZ7",229409893569726,5.5,1.0471615720524,-1.41528384279476,3,-0.865736704446382,4.66666666666667,0.975630983463881,5,4,5.75,0.828817733990148
"575","R_vOJ77WLNm6DJcRP",229320605944858,4,-0.452838427947598,1.08471615720524,5.33333333333333,1.46759662888695,4.33333333333333,0.642297650130547,6,6,6,1.07881773399015
"576","R_VOwxgwGF00EjgMV",229409893614812,3.5,-0.952838427947598,-1.41528384279476,4.33333333333333,0.467596628886951,4.33333333333333,0.642297650130547,5,4,4.75,-0.171182266009852
"577","R_VQFLZEC2uZrS2vn",229410207373567,5.5,1.0471615720524,-1.41528384279476,2,-1.86573670444638,5,1.30896431679721,5,4,5,0.0788177339901477
"578","R_vVnQq2iaaEV95jb",229321438291163,5,0.547161572052402,-0.91528384279476,3,-0.865736704446382,3.66666666666667,-0.0243690165361192,5,4,4.5,-0.421182266009852
"579","R_vVRnuMRGprX0NG1",229409893589023,6,1.5471615720524,-0.41528384279476,4,0.134263295553618,5.33333333333333,1.64229765013055,6,5,6,1.07881773399015
"580","R_vxm08CwJ1qMwza9",229409893622879,6,1.5471615720524,-1.41528384279476,4.33333333333333,0.467596628886951,1.66666666666667,-2.02436901653612,5,4,6,1.07881773399015
"581","R_W04oq5ANrIn86XL",229320605968605,4,-0.452838427947598,1.58471615720524,2.33333333333333,-1.53240337111305,4,0.308964316797214,4,4,3,-1.92118226600985
"582","R_w0jR8UNaqCDVHXz",229937963317277,5,0.547161572052402,-1.41528384279476,2.33333333333333,-1.53240337111305,5,1.30896431679721,5,5,4.75,-0.171182266009852
"583","R_W6egCtuD4qEhQit",229320605935709,5.5,1.0471615720524,0.58471615720524,6,2.13426329555362,2,-1.69103568320279,3,2,4,-0.921182266009852
"584","R_WdOv7WjyReZ2Izn",229256171575321,2.5,-1.9528384279476,1.08471615720524,3.66666666666667,-0.199070037779715,4.33333333333333,0.642297650130547,4,3,3.25,-1.67118226600985
"585","R_WfbcOa4R3TKEukN",229166066788475,5,0.547161572052402,-0.41528384279476,3,-0.865736704446382,4,0.308964316797214,4,3,6,1.07881773399015
"586","R_xfnvdWOK6OtEIBb",229166416673876,6,1.5471615720524,-1.41528384279476,2.33333333333333,-1.53240337111305,5,1.30896431679721,5,6,6,1.07881773399015
"587","R_XodnNQgdsehAQBb",229320605937806,3.5,-0.952838427947598,0.0847161572052402,4.66666666666667,0.800929962220285,2.33333333333333,-1.35770234986945,1,1,2.25,-2.67118226600985
"588","R_XUiFn3Edf8V2FBD",229242450013428,5,0.547161572052402,-0.91528384279476,4.33333333333333,0.467596628886951,4,0.308964316797214,4,4,5.25,0.328817733990148
"589","R_XXRYu9bNC39zVXX",229678093102160,4,-0.452838427947598,0.58471615720524,3.66666666666667,-0.199070037779715,3.33333333333333,-0.357702349869452,3,3,3.25,-1.67118226600985
"590","R_XYxPFlYL5u6ZaRb",229409893585116,5,0.547161572052402,-0.41528384279476,3,-0.865736704446382,3.66666666666667,-0.0243690165361192,4,4,5.75,0.828817733990148
"591","R_Y5okMSloOk3HkCB",229320605950073,3,-1.4528384279476,-1.41528384279476,4.33333333333333,0.467596628886951,1,-2.69103568320279,4,3,1,-3.92118226600985
"592","R_YaxFNmBVsljQcN3",229255658041449,3.5,-0.952838427947598,-0.41528384279476,3,-0.865736704446382,4.33333333333333,0.642297650130547,5,4,5,0.0788177339901477
"593","R_yBZ7U0GXRh2cYxP",229242449960052,6,1.5471615720524,-1.41528384279476,6,2.13426329555362,3.66666666666667,-0.0243690165361192,2,3,6,1.07881773399015
"594","R_yDu5FSL1xttI8Ap",229242295745754,4.5,0.0471615720524019,0.0847161572052402,4.33333333333333,0.467596628886951,2.66666666666667,-1.02436901653612,2,2,5.25,0.328817733990148
"595","R_yPjecBYgKLBuysN",229256171906265,5.5,1.0471615720524,2.08471615720524,5,1.13426329555362,5,1.30896431679721,5,5,5.5,0.578817733990148
"596","R_yUWSmPkKkg62fJf",229242295738458,3.5,-0.952838427947598,-0.41528384279476,3.66666666666667,-0.199070037779715,2,-1.69103568320279,3,2,6,1.07881773399015
"597","R_YXjZQPKE3SPGePf",229409893616893,2,-2.4528384279476,0.0847161572052402,5,1.13426329555362,1.33333333333333,-2.35770234986945,1,1,3.5,-1.42118226600985
"598","R_YXN6D7S6HtYGyCR",229255657965656,6,1.5471615720524,-1.41528384279476,3.33333333333333,-0.532403371113048,4.33333333333333,0.642297650130547,5,4,4.75,-0.171182266009852
"599","R_z0CDhN9620Hiv9T",229255657951349,6,1.5471615720524,0.0847161572052402,4.33333333333333,0.467596628886951,4.33333333333333,0.642297650130547,5,4,6,1.07881773399015
"600","R_z2OjTI6ALu00OnD",229321438287057,4,-0.452838427947598,-0.91528384279476,3.33333333333333,-0.532403371113048,2,-1.69103568320279,2,2,4,-0.921182266009852
"601","R_Z9veagVYQlL0vrH",229321437994179,5,0.547161572052402,0.0847161572052402,4,0.134263295553618,2.66666666666667,-1.02436901653612,1,1,4,-0.921182266009852
"602","R_zdHs0uya0KljHEJ",229321437584534,6,1.5471615720524,-1.41528384279476,4.33333333333333,0.467596628886951,3.33333333333333,-0.357702349869452,4,4,6,1.07881773399015
"603","R_zeY2QpcRAsD3WlH",229255657966697,6,1.5471615720524,-1.41528384279476,5.33333333333333,1.46759662888695,3,-0.691035683202786,3,3,6,1.07881773399015
"604","R_ZFcYjQPti4GmnId",229166416662637,4,-0.452838427947598,-0.91528384279476,3.66666666666667,-0.199070037779715,3,-0.691035683202786,3,3,5,0.0788177339901477
"605","R_ZfTrmuWaeRQvyQV",229409893611678,3,-1.4528384279476,-0.41528384279476,2.66666666666667,-1.19907003777972,2.66666666666667,-1.02436901653612,3,2,2.25,-2.67118226600985
"606","R_ZK76CrhFxQDLP21",229678093131973,6,1.5471615720524,0.0847161572052402,3.66666666666667,-0.199070037779715,3.33333333333333,-0.357702349869452,3,4,5.5,0.578817733990148
"607","R_Zn3GcTpFo5aOZLX",229242449962154,3.5,-0.952838427947598,0.58471615720524,3,-0.865736704446382,4.33333333333333,0.642297650130547,4,4,4.75,-0.171182266009852
"608","R_zUaNyZkkwGn2pcl",229320606061811,4,-0.452838427947598,0.0847161572052402,3.66666666666667,-0.199070037779715,5,1.30896431679721,6,6,4.5,-0.421182266009852
"609","R_ZwTzFkXwgh0Fzyx",229256171569156,6,1.5471615720524,3.58471615720524,5,1.13426329555362,4,0.308964316797214,4,4,6,1.07881773399015
