"","ResponseId.wave1","V1","V2","difference","m"
"1","R_0dg1Hw00DVaqtzz",0.577810311230312,1.74540329570578,"0",229678093154327
"2","R_0OfdToodUAnFM6B",1.05435425257979,1.16499520310002,"0",229320606084260
"3","R_0OolMie4oWOnlJv",0.734957987894543,1.62474875008547,"0",229678093372428
"4","R_0TmEasAMNDaTx73",1.06699344615597,1.13671595172374,"0",229255657997387
"5","R_10TQ9M87QSuIqpq",1.1519890234457,0.969041549652838,"1",229677069783098
"6","R_10ZfwML5Q6HbOBv",1.01729320558142,1.21899799147233,"0",230296025238534
"7","R_114x80EEaCoWOK0",0.992673286955656,1.27493124162079,"0",229321437670402
"8","R_11bfomFynMxQ2HS",0.718176106646205,1.63114457894751,"0",229256171561183
"9","R_11crUzIYPdbRfiF",1.12438658243541,1.03706433361697,"1",229320605939886
"10","R_122NLeAz7IQz6Db",0.861184934044555,1.45080255079987,"0",229409893558502
"11","R_123mcZ5Ghsa8y8U",0.91903703506241,1.40274545343278,"0",229409893567654
"12","R_1253hukGlxFYfER",1.12481608790357,1.04951922674242,"1",229255657952395
"13","R_12DTHefOjls1akp",0.907023239654567,1.38026801827973,"0",229409893556414
"14","R_12i4SXq1sTQbnI2",1.01862219425876,1.23051481469668,"0",229678093243470
"15","R_12KA26bT3vvPUxO",0.913733950330635,1.40033123615548,"0",229855352032472
"16","R_12McFRO8avvy3pt",0.880799703319891,1.42352122810335,"0",229320605959210
"17","R_12nkx2QU4KAOjzq",1.12659295648775,1.01656595766444,"1",229256171672827
"18","R_12sASZ4D9fY0jtV",1.18697727642506,0.900162465076846,"1",229242450030694
"19","R_12zZPiBUIW0qjxi",1.0672866702823,1.18272273940713,"0",229678093270176
"20","R_1C4wdUlbfbQ1hML",1.18979090718783,0.891647211324468,"1",229166066778304
"21","R_1CaoCMfaarSxBtF",1.00219307914373,1.25598671457943,"0",229242449956909
"22","R_1CdA8mHseMZSYAc",0.928934420226067,1.35309375619104,"0",229242295761139
"23","R_1Cf6yTr5MYyJtR8",1.18697727642506,0.900162465076846,"1",229677069772955
"24","R_1CpbbcLiMzHifTD",1.14032925520931,1.00163481515574,"1",229409893560330
"25","R_1d9WC22juoRU6UJ",1.0127852200163,1.23841747368094,"0",229255658003638
"26","R_1dFaniBnw4OZYyy",0.822918811650772,1.52860078251166,"0",229255658041440
"27","R_1DpZ2imN1WBm1c6",0.80060868665244,1.5528193660366,"0",229409893636180
"28","R_1dtb3TlGOCmUA69",0.97879818800594,1.26535766171521,"0",229321437858830
"29","R_1dtQ89qnhvDRtCJ",0.827522883253383,1.51541450817773,"0",229758201742380
"30","R_1DvYPnMPDojvXzI",0.852418207103752,1.49909539822795,"0",229677069772958
"31","R_1DwD6QWJ1LcwYXv",0.853989553031536,1.48396561357464,"0",229410207421640
"32","R_1DYavCLz1ceAMY4",0.905245964539988,1.38754197707965,"0",229255657928942
"33","R_1eItHzwa9LsrDs3",0.923639466799394,1.41776800036956,"0",229321437583507
"34","R_1F4k8KPay3Z7kp4",1.16967091190879,0.939133494682215,"1",229409893558497
"35","R_1F94axNpIB5vuou",0.868630386482015,1.44279282558368,"0",229321437921368
"36","R_1FBk1b6s6Ugkr97",1.04083635362928,1.17711410939276,"0",229321438243967
"37","R_1FDtuG3k56IdBXy",0.897655136693697,1.40835943341981,"0",229256171644062
"38","R_1fl2MTowCfCRhG0",0.907453539579633,1.44370754949868,"0",229855351994462
"39","R_1FQVElWKrunBigd",1.03083045910488,1.19632856712644,"0",229166416667863
"40","R_1gGgLAtf6daWkoB",0.980208990857751,1.27463329649071,"0",229320605940944
"41","R_1ghcFo1JrTvT8DO",0.779867024129836,1.5547564834547,"0",229256171709564
"42","R_1giJxdmvvymiV9n",0.902802179228198,1.41966965861642,"0",229242449966323
"43","R_1gIlDrlegDFV6sF",0.935386402362847,1.34289860380102,"0",229166066788472
"44","R_1gNKKT2BjaM2i4g",0.912678200817935,1.37890325711741,"0",230469411957892
"45","R_1gNlZZdQIAPxbdw",1.04822475138183,1.20372355589798,"0",229321438210114
"46","R_1Gy9AeUKqoHNGek",0.920546928898866,1.36672871812142,"0",229409893605426
"47","R_1H8LLFUTNt7leVR",1.05286605604041,1.16818741477627,"0",229321438330936
"48","R_1hH0gbNZowjmFne",1.18581899821753,0.891073244099272,"1",229677069777112
"49","R_1Hi6v3EBgholEqM",0.987119304775351,1.24586322318606,"0",229409893567644
"50","R_1hzJ87rgsFUNEvo",0.971008347758121,1.30150115195882,"0",229409893637217
"51","R_1I3Fm74ZDEJUWVt",1.13368060300306,1.00846203422232,"1",229677069801550
"52","R_1I4608oEAcr8qZ5",1.12206095711271,1.01784608394743,"1",229678093184174
"53","R_1i4KE9gxWSexZgC",0.995814001393806,1.26611819154787,"0",229410206780427
"54","R_1i5sFl38pMZRzhx",0.790823537165058,1.5348684940141,"0",229255657947188
"55","R_1Isk7x4MMVzR6oS",1.10633535401212,1.06280844896276,"1",229410207386675
"56","R_1j8SoIjXPT4DTvP",0.915682154073249,1.39087861422362,"0",229242449968175
"57","R_1JF7XaAKoJRpbIc",0.91221253719069,1.35832825787839,"0",229256171676680
"58","R_1jlhdlFwaaQA59K",1.3328518204206,0.0412468394285468,"1",229242449963187
"59","R_1jxNAbcEEMGNBkz",0.945291288842157,1.31418127011609,"0",229256171671793
"60","R_1k23tDbzBDJCCYn",0.949210673639957,1.32916599008035,"0",229242449982562
"61","R_1K3H42hqGnqinn0",0.87824755530135,1.40748240027822,"0",229678093415665
"62","R_1K8x1AoIHGdYEdL",0.971308428635981,1.30039300345451,"0",229678093101134
"63","R_1KdVL9CKXXnCwiP",1.09738515682744,1.10382878606958,"0",229242295868534
"64","R_1KjrZK9wyaht0Yi",0.989847692445179,1.2947443958915,"0",229409893574684
"65","R_1KjsPrPEuumwKtb",1.0718173559128,1.13129519335772,"0",229677069754513
"66","R_1kMmTGmvgH9gulq",1.14218841246076,0.975871026461554,"1",229256171907291
"67","R_1kNYEgfcdgcFO51",1.20226096186879,0.847285818531789,"1",229256171556050
"68","R_1kOBGI4XPIWWLy6",1.21825435832671,0.782904355448603,"1",229242295796801
"69","R_1KpqCfkR85ApDEQ",0.883465630000438,1.4265915949107,"0",229855352005760
"70","R_1KuKiaIDKfwR9fT",0.84117085920202,1.49959411101749,"0",229242449956923
"71","R_1l51CHacIzAAOYr",0.99378211102744,1.25885753131715,"0",229409893558499
"72","R_1laeW4H0RHUBzsH",0.997805107476969,1.29617907933082,"0",229242449960055
"73","R_1LBcVCh8pm4Wlva",1.18979090718783,0.891647211324468,"1",229409893568680
"74","R_1LGa0LGSDycaZxU",0.95946587316198,1.31319988889462,"0",229409893611680
"75","R_1LI64yNOZO7C7l3",0.823546447309191,1.52927346938539,"0",229678093115531
"76","R_1Liem5kTbkr14lF",0.987887628042221,1.27621479389785,"0",229255657942219
"77","R_1LM7eqPSPvv6cnA",1.22708812200696,0.768307008462508,"1",229677069754519
"78","R_1LoIjURU32wpqKF",1.18979090718783,0.891647211324468,"1",229256171670763
"79","R_1LRQAdfNJTKMgGI",0.961846840924996,1.33165978879855,"0",229758453883093
"80","R_1LSfZXKQq13jmcJ",0.818888663936794,1.48975930091836,"0",229409893581988
"81","R_1lsN4gAk00nyLx9",1.19256500000247,0.883520165308155,"1",229409893578856
"82","R_1LUSiI51StMj2fs",1.16663431166495,0.946505567830347,"1",229855352055869
"83","R_1LvCjhF0EEOqlAp",0.952644448516733,1.30426064879621,"0",229855352002681
"84","R_1M0xHfneKLAhQMR",0.904238137189806,1.37421403337313,"0",230469411964067
"85","R_1mdW7cgT4seyyqQ",0.957767566693044,1.32924451201987,"0",229320605936754
"86","R_1mEKYPdbW4MPIrp",0.910533945605723,1.39838032991248,"0",229255657933879
"87","R_1mgS3o7laschj5y",0.919482327209798,1.37563329219114,"0",229855352122461
"88","R_1mQvIIkrYWPyK9D",0.958757011822077,1.30772133842767,"0",229320605970439
"89","R_1mRClohcHMkdAdv",0.930970759859391,1.3419052155235,"0",229242295749656
"90","R_1mwQU5GVzlTar7A",0.95602485151325,1.35504540815718,"0",229678093163595
"91","R_1MWyS3TUczp278V",0.942918198776734,1.3518401429476,"0",229409893553280
"92","R_1NaaqSLkXYb5DrA",0.962105988477269,1.33606450561077,"0",229255657938043
"93","R_1Ntv8wpML03b7xm",0.958757011822077,1.30772133842767,"0",229242449956912
"94","R_1o1EUzmkWnI0L6v",0.912734396204682,1.3581602207044,"0",229320605958184
"95","R_1o1iNts3exPmieU",0.864669517861908,1.46778674623821,"0",229256171630718
"96","R_1obtEN1KAT8Ivsq",1.1088306808729,1.0914471172768,"1",229937963356233
"97","R_1oGDoYaN0EHfSOZ",0.947605192281976,1.34511181225315,"0",229242450035926
"98","R_1ogUn1QrTtO0BPT",0.861184934044555,1.45080255079987,"0",229758453888227
"99","R_1oImsaAeBtJQuJd",0.738933110783949,1.60276020074804,"0",229321437677579
"100","R_1okjaSmNIcl4O4y",0.459199488266423,1.84336459608454,"0",229166416665777
"101","R_1OktPLDHHWKRHhV",0.995305610946531,1.26326517361051,"0",229242295742617
"102","R_1OOWbFEaUfw4nNq",0.867640757505411,1.47017508874511,"0",229677069763602
"103","R_1otmNfK7mAWtgZD",1.332213283256,0.0923680455898021,"1",229677069775045
"104","R_1ozl0QYygIw2niA",1.03662998959765,1.18771414540576,"0",229409893555368
"105","R_1pE9CDJuuBYcoF8",1.19146131536184,0.887068191960558,"1",229758453932074
"106","R_1pLjkduyxId8PDO",1.02065594262264,1.22657617002245,"0",229242450019449
"107","R_1pQeLLBceDEDdP7",1.04044535712064,1.16969328699496,"0",229677069756589
"108","R_1prLq4RJil17Iht",0.549284480067577,1.78208983004751,"0",229855352039662
"109","R_1prs2kZZr8m54pO",0.779867024129836,1.5547564834547,"0",229320605939889
"110","R_1PTVJyJDELkhvLL",0.895361351109232,1.43251987943569,"0",229409893589029
"111","R_1pWkYnvOiwS0XUO",0.95602485151325,1.35504540815718,"0",229758453882067
"112","R_1pXWlt9fDYhaR3c",1.02655399344533,1.24963542806356,"0",229242295748626
"113","R_1q7E4y4PrqP1PL6",1.18697727642506,0.900162465076846,"1",229320606018720
"114","R_1QAYO8t7hFR1nXp",1.13934531639902,1.0055932075886,"1",229410207199454
"115","R_1QlOVkUcUhO7Ja9",0.958134500804608,1.32712711314535,"0",229255657938040
"116","R_1QLVecSrgBB3TF7",0.972523857119604,1.30003984502727,"0",229855352125597
"117","R_1QN6OUxkKwgceLu",1.01685100586715,1.23234044081207,"0",229242295766095
"118","R_1QsyXVG8aCHPSpq",1.16837660132374,0.942393760719241,"1",229242295811148
"119","R_1QxR1QCXiVrgpRz",0.928455758855615,1.3503558679923,"0",229242295804087
"120","R_1rdfPw9w9wywNly",1.10001598702671,1.0782016201649,"1",229409893556415
"121","R_1rf8RkKm64iSMMO",1.18697727642506,0.900162465076846,"1",229321438376071
"122","R_1rfEcoDe8h656K4",1.10744155397972,1.0837036377431,"1",230296024624230
"123","R_1rfrFquUHpIwJiu",1.18091534642993,0.90685363199926,"1",229758454231173
"124","R_1rHAC97MaIFeZQs",1.13451570077217,1.00476652170456,"1",229166416657657
"125","R_1rwaK99dyb5OiNx",1.07225034299187,1.17292858865827,"0",229242295805140
"126","R_1XjuiSN8BMQqvq9",0.942036209167475,1.35007356541249,"0",229320605958180
"127","R_20MeHHXsTnlbV9o",0.457191898584155,1.82928776927872,"0",229678093381679
"128","R_20Ov8RSteb1ii4S",0.889920044310123,1.43440557994915,"0",229255657942218
"129","R_20PrGSgbrqfLXmF",0.92926572000417,1.39012685446414,"0",229242450014215
"130","R_20TCFE2SuJlAdd3",1.20226096186879,0.847285818531789,"1",229242450002158
"131","R_21aGdDDHglzuebV",0.591469829534689,1.75739289508989,"0",229678093294826
"132","R_21aXH4qkpWoMUfc",0.972640820647773,1.29086944707092,"0",229166066782222
"133","R_21bvhgPlUiTqwQa",0.690076613417318,1.65377840612263,"0",229855351995492
"134","R_21ctbCYRWseYocx",0.689841396434173,1.651074903353,"0",229409893579886
"135","R_21HBUv3fiehWFkD",1.15016714928103,0.976530451302937,"1",229320606005406
"136","R_21suA2PX6p1Ism0",0.846264761451512,1.46374128711531,"0",229677069756595
"137","R_22Gm4uvMmbgC5DE",1.33293390151447,0.035039167953874,"1",229242449956922
"138","R_22Jq692U13FYFUt",1.00016641949307,1.29279387696198,"0",229242449974438
"139","R_22PLy8f4obVWnmz",0.702974321983247,1.65267700394288,"0",229255657935968
"140","R_22tTxe5Wf46p8v3",1.02847944645649,1.21671730828863,"0",229409893551191
"141","R_2316XoX4fkvFvf4",1.05535736449435,1.19023072090538,"0",229242295738451
"142","R_231rtRsvBjO69aO",0.948207193675365,1.3469431633523,"0",229320606011397
"143","R_234fD5Z9iTrtGwl",1.18697727642506,0.900162465076846,"1",229255657936996
"144","R_23dhBmmmpedny6z",1.19245400969365,0.871444353971021,"1",229855352130794
"145","R_25BgHpAMTkdum05",0.911898175841883,1.42316170265256,"0",229677069755544
"146","R_25BnA7CPqUqo20h",5.96664163099487e-07,1.96774156910311,"0",229677069763603
"147","R_25sc4jWiebwhoSv",0.912212537190689,1.35832825787839,"0",229255657939091
"148","R_25Sz5fHNDdvNDtK",0.893101857064644,1.42333573544218,"0",229410206609516
"149","R_25tgtjEGT1tmYni",1.02949141845971,1.19518569400329,"0",229321438387356
"150","R_25XCGvSK7fFBeWQ",1.0672866702823,1.18272273940713,"0",229409893573885
"151","R_269XIaqM07m1U0K",0.946813234492379,1.3843230091831,"0",229678093435043
"152","R_26eY9IqDmD0nVPG",1.12581361752682,1.03813518210496,"1",229242295822351
"153","R_26fku5eEp2Qj9zm",0.957835806955736,1.33965735150439,"0",229320605943813
"154","R_26loy7keZ66nKb4",0.770764413855332,1.5863155703696,"0",229937963343935
"155","R_26lt8YAsRBjSSkx",0.954827252564846,1.30584896087007,"0",229321438098546
"156","R_279DrW8COJ7EWg9",1.01892041110644,1.22779673312986,"0",229166416665772
"157","R_27BQw91OKVlhWPj",0.974849391571615,1.30984131997891,"0",229677069787271
"158","R_27eATTdBXeYG3tx",1.00880961828422,1.27518549445127,"0",229242449960046
"159","R_27I3NTchpL5dg6a",0.93930824381561,1.37228306183514,"0",229677069756609
"160","R_27JPdjUCRJVPpPD",1.18697727642506,0.900162465076846,"1",229677069755553
"161","R_27paz7ivFJBQEwk",1.00909620261153,1.22057306552573,"0",229410207207669
"162","R_28UI6S5JgZB4fRG",0.854001748031433,1.45160221939664,"0",229409893614815
"163","R_29iyunHJ5FsrRr3",0.958727035331924,1.32338150423354,"0",229409893603348
"164","R_2ag9KO7neo6tVIm",0.982543890543234,1.30350668145483,"0",229256171581482
"165","R_2ahLJVgIViB6bu6",1.0605505048715,1.1486003975902,"0",229321437739104
"166","R_2aIvH7bEKgmeRSd",1.0672866702823,1.18272273940713,"0",229256171622503
"167","R_2AMfF4aom3GcQs1",0.862186539611868,1.47040583987046,"0",229678093138135
"168","R_2AMhKoUk1l2B7aY",1.20226096186879,0.847285818531789,"1",229256171741387
"169","R_2ANL6TUtu4Hof3w",0.862026046717993,1.44975253874382,"0",229409893614809
"170","R_2aOZbvUCWCaZgT8",0.907990670557936,1.42544361403637,"0",229678093275314
"171","R_2AQG0rzvUe5a4kM",1.19023633490507,0.879073971875644,"1",229255657932828
"172","R_2ARWpxcD2tBg6mr",0.94088803194721,1.35169619045313,"0",229321438125234
"173","R_2AS87J6lireNMJW",0.54918151229219,1.78704572764126,"0",229758454236304
"174","R_2Bas2WO0yoM9QdK",1.04822475138183,1.20372355589798,"0",229242295848169
"175","R_2BfYn1I2a51vRhw",1.18581899821753,0.891073244099272,"1",229677069770882
"176","R_2bJDToiRAL3MEMM",0.939316624443548,1.35130519266925,"0",229255658040397
"177","R_2BnFF7O0UemP6bn",0.957767566693044,1.32924451201987,"0",229166066821130
"178","R_2bNQX6i4Gfq2gKY",1.20226096186879,0.847285818531789,"1",229855351994463
"179","R_2BqCqINqXblVi4A",0.856129748886152,1.47036850403865,"0",229937962964147
"180","R_2bUdU71myo1l20P",1.02074167388247,1.23583148550091,"0",229410207311898
"181","R_2bWrFPxwlUFwasN",1.06775016292707,1.14982769679334,"0",229256171870273
"182","R_2c0CCOxpaH46dQP",0.926467992830108,1.35865275794029,"0",229677069796587
"183","R_2c57RvqIlGbiyW3",0.909366167876748,1.41387851201653,"0",229320605952170
"184","R_2cBDYRcdwlr6tJe",1.3328518204206,0.0412468394285466,"1",229166066803864
"185","R_2Ce0NgCH6zpMRJb",1.01240201644075,1.22180857582463,"0",229255657984125
"186","R_2CeJTzNjSsx2qQD",1.03890857414198,1.18815002088857,"0",229320605935718
"187","R_2CeRAdFGYdyKpNa",1.00770228232907,1.2440170628623,"0",229937963154540
"188","R_2CO2PyLQ0hXJVAk",1.15788735105298,0.95956440686312,"1",229409893565555
"189","R_2CWJaPOnrUPAZRO",0.782736158827385,1.55368465533117,"0",229410206789674
"190","R_2D0HsJW89BCf2CJ",1.18697727642506,0.900162465076846,"1",229678093130942
"191","R_2dFLAg1r8gfesUi",1.06275485718498,1.15894146443396,"0",229677069789327
"192","R_2dHkl1F6JWDWwxd",0.815637753525589,1.51470926478665,"0",229242450031736
"193","R_2DMjCJGfAwhN96U",0.878834613080689,1.47096054919983,"0",229409893587973
"194","R_2dmTN9FJIaj61fb",0.773104267777307,1.57468188890477,"0",229242295791846
"195","R_2dXrCgiGyoz4vxp",1.18697727642506,0.900162465076846,"1",229256171962526
"196","R_2dyI7M4jUgDJyVI",0.869835824885248,1.45584713406204,"0",229678093404309
"197","R_2E0smvzVa5RkXjW",0.830015997133262,1.52487042804637,"0",229678093236281
"198","R_2E6Tq5gpEy3lxsv",0.923658713919245,1.35419351660211,"0",229321438308355
"199","R_2e8rPRQ3Tf6hpC0",0.955883262973591,1.37382955256453,"0",229166066799696
"200","R_2EAdFWU1xsp70SE",1.18979090718783,0.891647211324468,"1",230469411958921
"201","R_2EBhClLUXMckvNP",1.01002315926009,1.28038921491437,"0",229677069755550
"202","R_2EEuiLLUQlAKcEz",0.9506069396944,1.33129122550782,"0",229166066789519
"203","R_2EGABATwmRGCMaX",1.19912592980694,0.857183582797675,"1",229409893584066
"204","R_2EhFk9vlQYPpHee",1.02058328963603,1.22121641532114,"0",229678093111417
"205","R_2EhtC7RpoGqCbe4",1.3328518204206,0.0412468394285468,"1",229409893572855
"206","R_2Ei8K9LjcjDieE9",0.903587874936378,1.4231079477549,"0",229409893598399
"207","R_2EiZqFF8frpKsNn",0.839199555136691,1.48303440283895,"0",230469411962007
"208","R_2ePGhUSWhjV9inV",0.79271392643382,1.54409937387062,"0",229242295744700
"209","R_2eVHaP99y0kDK1c",0.740664328262605,1.6220340436573,"0",229321438289110
"210","R_2Evp2buY7Uor84e",0.907990670557936,1.42544361403637,"0",229255657932820
"211","R_2f7CBh1lJf4ruTO",1.10537017977754,1.0930922382653,"1",229242295744711
"212","R_2fa3tzzYgAN6xyI",1.3328518204206,0.0412468394285468,"1",229937962990809
"213","R_2foMNPrTSlORSmT",1.02789047974874,1.21923485659647,"0",229409893580943
"214","R_2fuNpV3D3K5D2hH",1.3328518204206,0.0412468394285468,"1",229320605935728
"215","R_2hjRh8rlcPAgJEZ",0.940252405363211,1.3369815341102,"0",229410206617741
"216","R_2OHnw7eiEYDNkMB",0.889885010781576,1.40014275647422,"0",229321437575305
"217","R_2ONqk47gdZJglgM",0.927330998324376,1.39816005890441,"0",229321437507604
"218","R_2OTofi6rpYevv5M",0.817555969070011,1.50475640555378,"0",229678093431933
"219","R_2PAnGcUY9OHQY0i",0.946845486816403,1.35988160181472,"0",229677069786216
"220","R_2Pbst8kdZluDtvH",1.0672866702823,1.18272273940713,"0",229409893572842
"221","R_2PnuGLktFgYFVth",1.1855727145195,0.904139901213399,"1",229677069770890
"222","R_2PwhR3qIr4XLkco",0.958966834651957,1.30951420347336,"0",229242295843984
"223","R_2q9IHqiHtkEFt79",1.04822475138183,1.20372355589798,"0",229409893558495
"224","R_2QmmNeJLwl06yxm",0.946432040593738,1.32395094424088,"0",229410207341703
"225","R_2Qnsay2GAENyGmu",0.941885602644091,1.34423940413844,"0",229242450009233
"226","R_2qr4N1GYDyUsOZy",0.932915633600265,1.38897269119264,"0",229409893574678
"227","R_2QrlEjdJybtooPQ",1.3328518204206,0.0412468394285468,"1",229677069755561
"228","R_2qyee8RYNHe83N3",0.980208990857752,1.27463329649071,"0",229166416660547
"229","R_2R1zKMVHMSfa4z7",1.33234076361505,0.0681647119537078,"1",229678093141220
"230","R_2rD5JnSOvonHkaY",1.18979090718783,0.891647211324468,"1",229242295738453
"231","R_2rj8UoPO5LJwv1f",1.19912592980694,0.857183582797675,"1",229242295798887
"232","R_2rjd6OSW7yoXCFy",0.87398360830072,1.47260450084977,"0",229937963517143
"233","R_2rkonJe65fP5KJc",0.750839355225164,1.61527009287728,"0",229321438159066
"234","R_2rx5p2njpd38417",0.52576125685612,1.80454246300643,"0",229677069757653
"235","R_2S0OQ3IueOsiMy9",0.880945841010518,1.42145740673447,"0",229321437668352
"236","R_2SAHXl8MohUbUiF",0.939928449840508,1.33589863375392,"0",229409893571809
"237","R_2sbx1HBRGkytKUq",1.19256500000247,0.883520165308155,"1",229678093228064
"238","R_2ScqPeJlMLfKPBn",1.0672866702823,1.18272273940713,"0",229242449957965
"239","R_2SJPRlqQcQIOxkn",0.925910985901296,1.40496529237925,"0",229409893617680
"240","R_2Sw6rAOun21Rl28",1.00171413710471,1.25365206586748,"0",229758454221926
"241","R_2SxHYjyVP763k5m",1.19256500000247,0.883520165308155,"1",229320605976689
"242","R_2t4EE7jZaISZD1M",0.921373667605206,1.38759673811113,"0",229409893587987
"243","R_2tA4Z3u79YkHs3a",1.20794471967294,0.826455785238467,"1",229410206607464
"244","R_2tbx3LZrOJsIeSD",1.18901079867768,0.895640383965362,"1",229242295779354
"245","R_2tgvC1GeI8QufUE",1.19256500000247,0.883520165308155,"1",229678093440221
"246","R_2TKS87c4h8yApTA",0.91265776541046,1.36112438126613,"0",229321438343251
"247","R_2TMIdZbXG8NWhBs",1.32256281746386,0.249219178287053,"1",229321437941882
"248","R_2TMKimcEcRwikm9",0.861184934044555,1.45080255079987,"0",229255657940131
"249","R_2tqWuHdLJpCVjoh",1.1859748038887,0.896206298243248,"1",229410207067333
"250","R_2trMR4xpeJTo3lq",1.1940693662566,0.86621357941567,"1",229242450002154
"251","R_2TuahJYuP8wtEj0",0.844690862459896,1.4831950973935,"0",229409893576768
"252","R_2U3LCDoc3EnfZ8j",0.764421186242984,1.5712015915732,"0",229409893618721
"253","R_2uEfXyZcIgJfUr6",0.795070999035898,1.53323853881347,"0",229678093386810
"254","R_2UiwFRmg4DIHiHP",0.955738673324111,1.34939805902344,"0",229166416659487
"255","R_2uO5XyabEbAk5mA",0.752915427906734,1.60146524112485,"0",229242449969217
"256","R_2uOfXbC4McyIpk1",0.838000715349736,1.48747188734018,"0",229242295743653
"257","R_2uyor5CnrGzVwLP",1.18800048842134,0.898493471482089,"1",229409893552237
"258","R_2V3zus3Kt0huqKu",1.10388861451817,1.10178198551559,"1",229321437541463
"259","R_2VdofypBJBuhz1H",0.920848710947384,1.35236596904195,"0",229166066786390
"260","R_2VmAZKeowsEAaKf",1.0672866702823,1.18272273940713,"0",229320605953211
"261","R_2VO6QNbhe2MmBTA",1.04380254618143,1.18624502746188,"0",229256171754731
"262","R_2Vqd3pgSyhpvGMs",0.914772366112162,1.35904899040723,"0",229678093313064
"263","R_2vZGx1OZkobeeEs",1.13841383658107,0.988349694870484,"1",230296025033849
"264","R_2wconsnovSxkAzJ",0.843830127789937,1.48850361741471,"0",229256171776032
"265","R_2WD4pFUT3BApAXg",0.938287792597838,1.3532663099461,"0",229410206696544
"266","R_2wEo5iQXCYves2K",1.18697727642506,0.900162465076846,"1",229242295766090
"267","R_2wKp8LF2cWkXbfk",1.1855727145195,0.904139901213399,"1",229321437542488
"268","R_2WVeoVieGVEqdKu",1.11247139096093,1.038413957479,"1",229320605940935
"269","R_2XakNPEaYy4jjwG",0.971008347758121,1.30150115195882,"0",229242450008195
"270","R_2xUYwPj1A03RCX7",1.18979090718783,0.891647211324468,"1",229409893634086
"271","R_2xxvAFqyH4RVpzq",0.9861133428864,1.28902029738432,"0",229256171658438
"272","R_2Y37hooYg88WmXQ",0.893503731446125,1.39605580155062,"0",229321437719617
"273","R_2Ya0u9hmC0kciFh",1.13515657489438,1.01347933439612,"1",229242450000078
"274","R_2YGt7n3mGj55f4P",1.12497484364111,1.01916857399334,"1",229410206798905
"275","R_2YJM7Vy6fmCyYg3",1.14399491080973,0.988997375619455,"1",229320605936770
"276","R_2YKaOUszkWKFNei",0.994987422247747,1.26753711697079,"0",229409893633038
"277","R_2ypy9ol4uFVDmgX",0.717294380759681,1.64772212438025,"0",229256171567352
"278","R_2yqIknklBoBJSSa",0.971003153004865,1.29107681376782,"0",229409893574672
"279","R_2zBiZ6H7AnnXdfc",1.04406868642411,1.21210438487726,"0",229677069753462
"280","R_2ZBtopiyki2EAhe",1.12659295648775,1.01656595766444,"1",229242295749654
"281","R_2zeYp2NsaPfHrFp",1.04279532020428,1.20314811779244,"0",229255657959433
"282","R_2zu5nbshAH7KEPO",1.04083635362928,1.17711410939276,"0",229678093162569
"283","R_302jU1hKGFVorVA",0.862437369661152,1.452798110684,"0",229758454074603
"284","R_3037BPovs68z8Wp",0.893410131545721,1.39836985062282,"0",227471319859447
"285","R_306ktRGjcuf9mZ0",0.900049714323265,1.39262746938263,"0",229242449960062
"286","R_3094TaB3sKvL10w",0.887461588493186,1.40974237935895,"0",229242449966328
"287","R_30bK1uN4yIycFIn",0.779782456272434,1.5683172336378,"0",229678093101130
"288","R_30eFsgfHEfrbmWW",1.00259254537303,1.23444095852177,"0",229409893616894
"289","R_31i7s8usroAcZbm",1.01014780812305,1.25290672099523,"0",229320605953205
"290","R_31i8IQNed13ckEX",0.873519935819986,1.43160072561242,"0",229409893601517
"291","R_31mjGicLNt7ZzRN",0.863099506877335,1.45294320357515,"0",229320606000189
"292","R_325AB8k9M8UQxlw",0.889885010781576,1.40014275647422,"0",229678093170793
"293","R_332rHLTBzW4o52Y",0.893503731446125,1.39605580155062,"0",229166416658456
"294","R_338DXYGYMn3iys2",0.925445154760758,1.36169024663385,"0",229255657932824
"295","R_33kIUzAwPAa1yng",0.950869405537962,1.3245992065125,"0",229678093105251
"296","R_33wCNEarcW1Pj0m",0.992279204538985,1.2938404114128,"0",229320605934683
"297","R_3CTa8fnOQGo2vNJ",0.999323470020449,1.27351099704335,"0",229242449959017
"298","R_3DitLG2nqStwZRY",1.1445967991787,0.987449646699578,"1",230469411984631
"299","R_3DjQ9uCmrnB5ll3",1.0672866702823,1.18272273940713,"0",229321437701161
"300","R_3dNb89opyPCGv1I",0.988001659240845,1.28837986549808,"0",229677069834245
"301","R_3dSScqXqMRYGrp2",0.912627870092321,1.3771750122449,"0",229409893573887
"302","R_3DtC6f6iRqHYWHG",0.834038687366096,1.52389890883725,"0",229321437515815
"303","R_3DuWsXOXRqlPJNe",0.921961146612496,1.38638672983323,"0",229409893599427
"304","R_3dVWb8y2Jw8tFrk",1.0672866702823,1.18272273940713,"0",229410206643426
"305","R_3EA57iob7rXBswf",0.938183559554877,1.35534492426269,"0",229677069768795
"306","R_3eavi4Grn0LOQQz",0.853741986216581,1.46705800553656,"0",229320605949033
"307","R_3ebnID09JFlJTeF",1.00808390265128,1.27667210679585,"0",229678093260930
"308","R_3EF4W42AP3JqbNQ",0.954251153288013,1.31295190033284,"0",229242295759045
"309","R_3EGccqupxv5YC29",0.896402350992467,1.39314325672697,"0",229166416663673
"310","R_3egCMFrdwh16DEi",0.813446740848912,1.53084297326545,"0",229937963274473
"311","R_3EhflsDKTC83CQE",0.806550967238859,1.53615525897347,"0",229758454067427
"312","R_3ek309VHljstLtw",1.03066807491092,1.22249906563346,"0",229320605936763
"313","R_3em2IQx1ybTeZrd",0.986038430178305,1.26134188777223,"0",229410206775296
"314","R_3Emuny9GTE1FmCf",0.759192942581423,1.6006646563763,"0",229242295738457
"315","R_3ergTTY9rUQZYUY",1.19256500000247,0.883520165308155,"1",229242449960063
"316","R_3erVxLye9zFQbKQ",1.07324865693434,1.12357665134422,"0",229678093098051
"317","R_3Eu17CSWhkIYwbv",1.18697727642506,0.900162465076846,"1",229320605945902
"318","R_3F51HV2oo6MXsOu",0.847402044976571,1.48380907911351,"0",229409893559298
"319","R_3fAW9A9PUOTPSRY",0.92965626408784,1.40566170628651,"0",229166416658444
"320","R_3ffPXWQN4a5pytn",0.99378211102744,1.25885753131715,"0",229166066770991
"321","R_3fiTHcHYD6kYayJ",1.06636471573045,1.15281323039571,"0",229678093336703
"322","R_3fk6vs8uR5E62Lj",1.18697727642506,0.900162465076846,"1",229255657931784
"323","R_3fOb75fcNvI7EOb",0.971335972276068,1.27162634205982,"0",229677069801542
"324","R_3FORg56rf1EKsyC",1.02058328963603,1.22121641532114,"0",229409893551197
"325","R_3fpCT6vXz1qo6e5",0.732784637804948,1.62660028391055,"0",229242449957957
"326","R_3FQecw6aCDx1shm",0.993782111027439,1.25885753131715,"0",229678093326426
"327","R_3fT913iGhVJfLu9",1.20226096186879,0.847285818531789,"1",229409893590069
"328","R_3fvpEgn6pnVLrgJ",1.20735805463067,0.832238355267016,"1",229320605938843
"329","R_3fW33TCtP6kVx1T",0.84682729917879,1.48185917436751,"0",229242295775457
"330","R_3fxDHe5zipJwTU7",1.18581899821753,0.891073244099272,"1",229255657931005
"331","R_3g02bcIpWgCvGPQ",0.898211096542287,1.41354031781347,"0",229255657941170
"332","R_3G1dEpQidltZ7UV",0.889885010781576,1.40014275647422,"0",229678093439187
"333","R_3g5brc9bkrNMBRO",0.821861865621309,1.51711889554734,"0",229409893563467
"334","R_3g7PdyeJYmUqgqL",1.03944963700638,1.1644072975868,"0",229242449970265
"335","R_3G8pt8Wr04bbf0j",0.91052484595657,1.39821031689457,"0",229242449975493
"336","R_3GBUvUfh9Q3gNlv",0.980502362627376,1.27414368135607,"0",229678093284551
"337","R_3GE294eZpd1Fd3b",1.05535736449435,1.19023072090538,"0",229242449961107
"338","R_3GfFGdrjJRUqybx",1.18503260202985,0.89261277678971,"1",229166416666812
"339","R_3Gg0rh96RhxMnrW",0.994029696877586,1.29753738916008,"0",229677069779187
"340","R_3GjRdkDUeZzBSiE",1.18979090718783,0.891647211324468,"1",229242449962151
"341","R_3gXXt1W2K8Pos3x",0.939316624443548,1.35130519266925,"0",229166066778296
"342","R_3HAg4bflYU3dIBZ",1.19156387711645,0.885401938852614,"1",229255657958647
"343","R_3hbHzzIb2p5LFeV",1.18866410043546,0.882998802788481,"1",229242449970251
"344","R_3hclMbURMmsEgfp",1.10263917687972,1.09394612056329,"1",229321437763714
"345","R_3hg9rxVP0W2bBdv",1.18697727642506,0.900162465076846,"1",229409893551190
"346","R_3HXooKTTwVg4kvF",0.974743219539135,1.28405005164142,"0",229677069783101
"347","R_3HYp55D45PFLzNr",0.943639231820178,1.33260601638829,"0",229320605953210
"348","R_3IbFB1uZogY5uRE",1.0672866702823,1.18272273940713,"0",229242449972339
"349","R_3iD1T8NlCZIuSSn",0.977526593751039,1.27811353384156,"0",229166066823206
"350","R_3iOMuOrAkAbtEJ2",1.18866410043546,0.882998802788481,"1",229409893579895
"351","R_3IQALOx3VPabIO9",1.00595233060378,1.26912386000755,"0",229242449982547
"352","R_3iRaw3Ijg0YgqDl",0.966368391928856,1.30084260341238,"0",229242450017359
"353","R_3IRbzcUp1vk5qmZ",0.908691696685085,1.41777762256383,"0",229321437737054
"354","R_3IRfQog8wLv6Z2l",1.19663187523775,0.873311874376231,"1",229409893555364
"355","R_3isYhi6yhVinQCi",0.918458525427119,1.35116391210933,"0",229678093384755
"356","R_3ITeahDbcDVDfZw",0.917400546834194,1.36534721049303,"0",229321437554799
"357","R_3iUSBNvBL2gkwBY",1.18697727642506,0.900162465076846,"1",229937963228341
"358","R_3ivSk5kamR28JsF",0.897655136693697,1.40835943341981,"0",229255657999471
"359","R_3iwZiFBbukhyafr",1.07363916565073,1.14695309142958,"0",229166066809875
"360","R_3IYJzRZcDP54Yp0",1.1191910661363,1.03288703209638,"1",229242449967117
"361","R_3j38lHPlwwyS4X2",0.786384734120175,1.55349700821731,"0",229321438291162
"362","R_3jebqMrrxWLoj9G",1.14320855665419,0.99581336519514,"1",229678093331563
"363","R_3JeLqCpCZJ4m1X8",0.948057267008464,1.34488484527364,"0",229409893555379
"364","R_3jfFKwL3nFTv5jm",1.19889261049631,0.857905263938879,"1",229855352130795
"365","R_3jfzT7WP5HxcBKx",0.885817036928539,1.47269187646755,"0",229409893563468
"366","R_3JgBBxNJzTEfspb",1.18697727642506,0.900162465076846,"1",229855351959799
"367","R_3JKoDCr9qlPtI5O",1.21657931949067,0.79890286610174,"1",229321438363760
"368","R_3JpYYmfMdkuZ36A",0.984182115406823,1.26998906215505,"0",229256171972822
"369","R_3JsmifnazgApI1d",1.20888114098422,0.822891868292259,"1",229320606074103
"370","R_3JyOgimkBE8Gpjf",1.19256500000247,0.883520165308155,"1",229409893574681
"371","R_3k012OMZ7fqwMMC",0.925437682962812,1.38308891542074,"0",229409893589020
"372","R_3KBbO4HrzSQov8h",1.18553247695654,0.904331939167533,"1",229256171858967
"373","R_3KBneCX9IEzrDZP",0.9506069396944,1.33129122550782,"0",229409893580933
"374","R_3ke5ZDJpQBX1C0j",0.847517954154659,1.51170032060394,"0",229166066780404
"375","R_3kHyP1LthBjvzfN",0.971008347758121,1.30150115195882,"0",229677069777128
"376","R_3kiAUePCg8kLR8i",0.886938195874381,1.40036227863853,"0",229255657934918
"377","R_3KoN0ess4bPK8mS",0.946366852296776,1.35704681430907,"0",229409893566597
"378","R_3KSWg37wet3GUTw",1.20502333958171,0.83603465573348,"1",229166416667853
"379","R_3L5dKXTyGrFzFXF",0.957924069936145,1.30020927528668,"0",229410206856398
"380","R_3L5PQsiTJgy6Y7j",1.18697727642506,0.900162465076846,"1",229678093158445
"381","R_3lGjzJeCRnEeWYp",1.01170225697729,1.2188542611147,"0",229242295753826
"382","R_3lK2ZaE2Fr2bjp0",1.02840812578823,1.21649005613257,"0",229320605936759
"383","R_3lWWBqWRXixfnYH",0.960003613958395,1.31289604906729,"0",229256171733167
"384","R_3lxk1s9I4JxWjBb",0.968007952411942,1.29021422574339,"0",230296025317508
"385","R_3m1oTqlV5Yjzzl8",0.9342328539026,1.35909419604661,"0",229242450025714
"386","R_3M4MHlRF1yGgnV6",1.20017119824544,0.861670452199972,"1",229410206693467
"387","R_3M6iivw99fLhS17",1.13373717252908,1.006511440969,"1",229255657966698
"388","R_3m9PmtY3H8o50hi",0.918084273451888,1.42550046914175,"0",229409893570762
"389","R_3maauwgeLmyIafc",0.883447564626576,1.4290757482239,"0",229320605949038
"390","R_3MALkdLiaRwrGpH",0.909474399080179,1.43809008273884,"0",229409893639303
"391","R_3MbV6SP27Eiit2Z",0.988356687696613,1.25863706608995,"0",229320606066792
"392","R_3meiD2BanwaGxyW",0.964262804426627,1.34667939489863,"0",229242295750704
"393","R_3MflwzT4T2kJUka",1.18697727642506,0.900162465076846,"1",229677069760763
"394","R_3mgY6Y0UIN2HyQ8",0.938855063332173,1.39934480731429,"0",229256171601985
"395","R_3mIZQ7fAUEXJsZ3",0.902166031985106,1.41286076847357,"0",229321438312457
"396","R_3mJcyAkG7X9Gqel",0.933487109291826,1.35120012161136,"0",229409893561373
"397","R_3mk3CS39VYERPJn",0.930819199319964,1.35228368894062,"0",229409893587194
"398","R_3MK93DIT6IwDRoX",0.94441359359549,1.33011451315503,"0",230469411989522
"399","R_3mmgNPJTsI2HNu0",0.969029238822908,1.32300809403685,"0",229855352035555
"400","R_3MPu31AzdohRMko",1.18697727642506,0.900162465076846,"1",229855351995491
"401","R_3Myrqdw0pzbDQkz",0.77990439622791,1.57905268563338,"0",229678093440224
"402","R_3n3tEncCO9Vv2PD",1.04337732462828,1.19397177325824,"0",229937963399296
"403","R_3n7ordFES5aQFbd",0.98065490563971,1.32725305613725,"0",229409893556412
"404","R_3nDwBXPS5qRtTye",1.02411159198548,1.21200808612595,"0",229255657980998
"405","R_3nGzUm4aNDYJiLY",1.15569114494522,0.959601846815038,"1",229678093312036
"406","R_3nH7erFm3FlZqRm",0.946126857493248,1.33376714851765,"0",229678093302790
"407","R_3nkhpGIGldYlgAR",0.958727035331924,1.32338150423354,"0",230469412011106
"408","R_3NPSVGia8j1wETu",1.04407396874626,1.18572479761449,"0",229321437547620
"409","R_3nUc7oJWOKlnJBV",0.893503731446125,1.39605580155062,"0",229255657942213
"410","R_3NWHzCjCutDhTbe",1.06379893908374,1.17871077834345,"0",229320605935711
"411","R_3O33BxctPZwg2Ip",1.00620057521211,1.26175472649049,"0",229677069754505
"412","R_3oAPxeuf0OCltUD",0.858135706576905,1.45839896464921,"0",229678093165654
"413","R_3OcYunjrJOatDOG",0.845021484992208,1.49514426060122,"0",229410206863586
"414","R_3OodzFvOU2GqQkk",1.20660366050111,0.834672677598511,"1",229409893640352
"415","R_3oYGk0oFoKvLtzl",1.18503260202986,0.89261277678971,"1",229409893551200
"416","R_3oYpTt5mP3Z4rKn",1.18697727642506,0.900162465076846,"1",229255657957600
"417","R_3ozNcUtSC2durX2",0.971003153004865,1.29107681376782,"0",229409893562422
"418","R_3oZsyLJXDsMjWiq",0.963184047400034,1.32207272932857,"0",229410206629043
"419","R_3p4MHNZFv2QytI8",0.885669869398187,1.41035434193881,"0",229321437762688
"420","R_3P5N96tlMTxv2SB",1.14965410324551,0.957174968328127,"1",229242295740534
"421","R_3P6nIX6MCWT2rpO",1.04913023914897,1.17258156958747,"0",229256171951216
"422","R_3P7RzAy13Y0ZyPe",0.904773219431508,1.41090607290586,"0",229320605973564
"423","R_3PcaIkbjoodjNKU",1.09424875157906,1.09854058448381,"0",229855352053806
"424","R_3purN895nsgKcPM",1.01340682444515,1.24798623266211,"0",229242449961112
"425","R_3q87cmTulglHFwQ",0.968158004399915,1.34074848518109,"0",229410206658574
"426","R_3QDbKyq8ExtSrh4",0.794566644415097,1.52903638742167,"0",229166416689292
"427","R_3QGIueGaks8cgn3",0.939658181371829,1.37056524261222,"0",229320605989990
"428","R_3qjukVIGc9vju6U",1.0076993073474,1.24370179907473,"0",229758453977189
"429","R_3Qo4RcpLrzI1Aul",1.00484111974221,1.2561437443704,"0",229321438104706
"430","R_3QPeNwrbrNbvdfP",0.349111415208977,1.88657909866914,"0",229242449960057
"431","R_3qpx95XzcwMK7Id",0.878539633805889,1.43877249988718,"0",229166416659499
"432","R_3qrrZIPKi2hix0x",0.91979816070028,1.39957610200593,"0",229855352122474
"433","R_3qUld2GTlU0xNRr",0.832336648696799,1.52939163255893,"0",229320605954251
"434","R_3qx6ZwB18dmIdlO",1.18126915852492,0.90462180639948,"1",229320605943020
"435","R_3r21G8Nm7RsHkc0",0.946533008034093,1.361223632185,"0",229321437509656
"436","R_3R8wRWQYe5SZdbT",0.739900092471039,1.61964099257384,"0",229242450029643
"437","R_3RgO5GN0KthHTX2",0.964897699468069,1.31304778029724,"0",229242295855225
"438","R_3RlUrzOB5KhraCa",1.02063638901839,1.19721386630815,"0",229242449964248
"439","R_3RmBbtpwmG8GnpU",1.19256500000247,0.883520165308155,"1",229410206661654
"440","R_3rPydNfjakAlFnL",0.799722261763857,1.54866921576614,"0",229409893553285
"441","R_3rVglKGmU72rokw",0.991052447032016,1.26440433308056,"0",229409893592158
"442","R_3s04VQwuwiRt0e2",0.968007952411942,1.29021422574339,"0",229256171636877
"443","R_3s6qPNlNN0k4mS0",0.994624471714744,1.27015401290664,"0",229256171835582
"444","R_3siQFVhDI105wbQ",0.855184005988073,1.46070220771154,"0",229256171582508
"445","R_3smqZ13umEbseql",1.12993024706541,1.02669285468316,"1",229677069757642
"446","R_3smrwM5ZrCpylBz",0.968007952411942,1.29021422574339,"0",229242295765044
"447","R_3stNQFQ6wYJItgN",0.995814001393806,1.26611819154787,"0",229678093112449
"448","R_3UJccoWYQtbscJX",0.937669229608312,1.35479120627006,"0",229410206632128
"449","R_3w0BMiOH7kDSo6J",0.955389074238983,1.327406636675,"0",229937963061289
"450","R_40dNrMPFaOtEmbL",0.994595793868557,1.28592878024226,"0",229242295752786
"451","R_4O7bW4HIAb2vxxT",0.919884576028405,1.38239562716601,"0",229242295739490
"452","R_56b3rzqNRgjfHXj",0.852730382050728,1.47794089458091,"0",229409893563459
"453","R_56fnmbvJywu4sKJ",1.06810821390864,1.13103642588015,"0",229678093166682
"454","R_56ZOo15E4R2qzOF",1.04822475138183,1.20372355589798,"0",229242295756956
"455","R_56ZTAc0Vrn5PXLr",1.18979090718783,0.891647211324468,"1",229937963303953
"456","R_6DpxhlmL4FDsp0J",0.863081082096482,1.4613322386106,"0",230469411967151
"457","R_6DwJDuYylAf74sN",1.0672866702823,1.18272273940713,"0",229320606006452
"458","R_6FLOIM9YoMkt9Jv",0.966807454000625,1.31145325149626,"0",229242449957958
"459","R_6KfWCtRpRvT3ggF",0.897655136693697,1.40835943341981,"0",229321438315541
"460","R_6SEE2rNUQKx5itb",1.04822475138183,1.20372355589798,"0",229242295831746
"461","R_6tYWl75MHmR54KB",1.13713920959358,0.988694422618378,"1",229256171549895
"462","R_6W0EW3x1y8fjSX7",0.9017770272893,1.38783984409229,"0",229410207404169
"463","R_734AAwGylkq2Pe1",0.892534777735559,1.39832711192344,"0",229678093414635
"464","R_78wNZOEKbYNeMIV",1.01553862319947,1.26360827994385,"0",229409893583024
"465","R_7ajpMxoVpAYR3cR",0.928530433784178,1.34435976020008,"0",229255657949260
"466","R_7WGFlGsDSnQRpmh",1.18697727642506,0.900162465076846,"1",229166066833639
"467","R_8iBn0zQMI1dvjmF",0.893503731446125,1.39605580155062,"0",229256171968702
"468","R_8jJinnm0a4ic5YB",0.940525710832527,1.39407794974834,"0",229320605962358
"469","R_8q6n1RRt6MyyXex",0.760469987290654,1.59824120697267,"0",227471319859444
"470","R_9AWvGT7rU9cKGxH",0.996687705912156,1.2646121211602,"0",229320605949036
"471","R_9SwDxmdVRzn9FdL",0.912212537190689,1.35832825787839,"0",229256171770896
"472","R_AAHKZ3vcmf71Pjj",0.958757011822077,1.30772133842767,"0",229256171707512
"473","R_Ab6UGDbmjVtu3AZ",1.02461953196702,1.24655451040951,"0",229256171552970
"474","R_ABDhvhN4xo1jJFD",0.774933263061653,1.57281841355877,"0",229321437924448
"475","R_Ah2SgjKYfhYCFzP",0.95481113179107,1.34807301160369,"0",229256171951214
"476","R_ah3CqRoRJKXemNb",0.907990670557936,1.42544361403637,"0",229678093261955
"477","R_AHYq3fKkaHCcbWF",0.980046293531236,1.29779102823774,"0",229242295753838
"478","R_An6PzcN4iqwNczv",1.19146131536184,0.887068191960558,"1",229678093358306
"479","R_AomSIyMtDd4sOA1",0.86675651125121,1.47248357974074,"0",229242295746789
"480","R_b2ZcxCwv0pAfl4d",0.935683509224109,1.3762651986121,"0",229320605934677
"481","R_b4uyOv2omR0cmf7",1.06399842602795,1.1364277874354,"0",229242449956910
"482","R_ba4nkvzYlW6JNIt",1.03029498455269,1.19733420681931,"0",230469411956853
"483","R_bmjQH4KlClbZu7L",1.18697727642506,0.900162465076846,"1",229409893557466
"484","R_BP2EFUxic96I9z3",1.20226096186879,0.847285818531789,"1",229242449956920
"485","R_BVtq8zZtCjE6BB7",0.980962850092504,1.30072104056717,"0",229255657936997
"486","R_BWcQlGznhrP7sMp",0.862186539611868,1.47040583987046,"0",229242449969214
"487","R_bx4MDwAhY2SADXr",0.978798188005939,1.26535766171521,"0",229320605936769
"488","R_BywDqqxLxP5MOLD",1.18979090718783,0.891647211324468,"1",229166066778312
"489","R_C9T1efwFZ6VT9Lz",0.850841575623734,1.47831124893029,"0",229937963436224
"490","R_cGcZqyuNa9pLbdT",0.794566644415097,1.52903638742167,"0",229409893570768
"491","R_cOX10zgwNe6cpj3",1.01089518471735,1.21872014702737,"0",229320605946949
"492","R_cTN0cTJ7C5jMipr",0.848863923824053,1.48413058765083,"0",229166066833642
"493","R_cYIwKezOfDVVChz",0.924978154999988,1.35262721591477,"0",229255657937001
"494","R_CZAnviMtBE31HVv",0.964343673067498,1.29627954877824,"0",229410206636238
"495","R_cZILximj914t2mJ",0.878539633805889,1.43877249988718,"0",229320605974599
"496","R_d1lzcWcat1nY2jL",0.84312476404762,1.50933049637157,"0",229242295753832
"497","R_D8X8cKEgvvYgB7r",1.02441945262709,1.21350158967103,"0",229255657930998
"498","R_DA9FaF7eBDE68E1",0.824545228259673,1.51894490218504,"0",229937963021321
"499","R_DAy13Qg9X0yju5b",1.13713920959358,0.988694422618378,"1",229166066792658
"500","R_DC2Y31RhrgXdq2l",0.999803485386214,1.27446354277588,"0",229409893568695
"501","R_dcG4YHz0cKrEHO9",1.13713920959358,0.988694422618378,"1",229242295779358
"502","R_DcnnxSaLoAkL3rz",1.03373951809315,1.22000006722958,"0",229678093430898
"503","R_DeJW28g6uMydLeF",0.899548483582283,1.42866287233792,"0",229242295787687
"504","R_DkjeeoSb4uJhCZr",3.24259333814518e-10,1.96750904812754,"0",229242449962145
"505","R_Dl5ozsei0qGHLbj",0.616067965320407,1.73160713120747,"0",229320605938856
"506","R_dmnxzIsmPDooyOZ",1.06601696300659,1.1278337782092,"0",229678093212685
"507","R_dmTENL4WFRAmWml",1.01553862319947,1.26360827994385,"0",229678093412574
"508","R_dmyfvnVwZSS6qCR",1.18979090718783,0.891647211324468,"1",229678093438137
"509","R_DNRyhi5gcPlwDRv",1.16721821779195,0.942930488613335,"1",229256171609167
"510","R_DP6oaIAjatZuWKR",0.738329469940514,1.61155072775103,"0",229321437681681
"511","R_DqafDJUij6pOidj",0.909897299958424,1.37717202279235,"0",227471450957862
"512","R_DSELwlHLoyxJU2Z",0.997366512179738,1.24252027364407,"0",229410206981135
"513","R_DTxi23dLWEU3Lm9",0.849409185185366,1.46927139023866,"0",229678093252715
"514","R_DUAN8s8VqapyYCt",1.06505537524643,1.13637336426658,"0",230469411954784
"515","R_e4N6cNACFRrujZf",0.958252707905546,1.32345630925941,"0",229678093298939
"516","R_eEdxNEPfZcUq0Y9",0.985139730534074,1.2704958324441,"0",229677069762575
"517","R_eFZQYTp4gO6YksF",1.00325988331686,1.26028898027892,"0",227471450945619
"518","R_eKWYsNTk180LbDr",0.732784637804948,1.62660028391055,"0",229256171818133
"519","R_ePRcGNZrHmqLnz3",0.940752298063064,1.36438892416578,"0",229242449955883
"520","R_eyRlyv0mGo9RljH",0.738405913870741,1.6222660690032,"0",229255657939099
"521","R_O2OqQdFdyDL9OwN",1.03444673519322,1.20520882062469,"0",229242295749665
"522","R_O8b53p7xh5bwplT",1.15349493113367,0.958542614363289,"1",229166066770993
"523","R_OCnbvgwnPODfkGd",1.04751684528527,1.20877827183107,"0",229321438075977
"524","R_OlhgC04azJYZ9qp",1.09758452556182,1.12086500040951,"0",229678093198559
"525","R_Opo4165ngCwoCwF",1.10631165293672,1.08510139101875,"1",229242449955882
"526","R_Or1AiWB4eJhjZpD",1.02698778378933,1.21341118050807,"0",229256171712646
"527","R_OwXTYGT5v9Kwh0Z",0.88551415475363,1.40792208238276,"0",229409893600486
"528","R_PAtIMaxymCs5uQp",1.0672866702823,1.18272273940713,"0",229320605966522
"529","R_pbbiWuR68CLd12V",0.958138204832138,1.31205283200165,"0",229166416662627
"530","R_pnGgcITh1qCIByN",0.964198932752632,1.319647910656,"0",229242449963203
"531","R_pPH8REPLpVM9lAt",0.794976030345562,1.57419624815231,"0",229255657944311
"532","R_pQrbEXhp0JUxzQ5",0.790451848139588,1.56700501868539,"0",229409893561381
"533","R_pT3EwTuf1SxdkTT",1.00346748567415,1.25737669362769,"0",229321438161117
"534","R_PtRAPkXLYtVoPRL",1.20998888877883,0.822373342278565,"1",229256171660490
"535","R_PZZ2h2sjqA2zIdz",0.91221253719069,1.35832825787839,"0",229321438035199
"536","R_Q9A5nzfd3fY5DsB",0.984982859721939,1.31378362619526,"0",229242295750705
"537","R_QboUij4etgUFkrL",0.9846314963112,1.29801820595163,"0",229320605941974
"538","R_qCSrsgKBELjoqFr",0.880799703319891,1.42352122810335,"0",229321438164192
"539","R_QhTYlHh4BjieNG1",0.910312417821743,1.40769113015021,"0",229409893559548
"540","R_qK1zOTwMlZ8NCOR",1.04909126079947,1.20978193679972,"0",229678093439181
"541","R_qWboZA7SfPjsI8N",1.04614045432689,1.18352254822956,"0",229678093431930
"542","R_RDKEg3cbejfPs8F",1.05592486547811,1.18901603078261,"0",229410207337591
"543","R_rdw8w7IoZs4Xvod",1.06872015418556,1.17990724547043,"0",229320605938852
"544","R_reEFFdzp0pypgY1",1.02590046098902,1.21288554277628,"0",229409893610648
"545","R_RkjQBLarFrYu2hH",0.912212537190689,1.35832825787839,"0",229677069757645
"546","R_RkNj7zIK81KGgMN",1.02960124429501,1.22975214673026,"0",229678093404311
"547","R_rkYd49GtMfFH5vj",0.992673286955656,1.27493124162079,"0",229255657970831
"548","R_RLAVaQHCHLgHOhj",1.17954217897664,0.909504596600633,"1",229320605937798
"549","R_rlGxezzTYyQ1dsd",0.819914177432793,1.51032218231702,"0",229242449966332
"550","R_Rlx1D84knvb3saJ",1.03901936383742,1.20768302125368,"0",229242295830711
"551","R_saEufT8Fz6GNleN",0.853741986216581,1.46705800553656,"0",229410206924938
"552","R_SBozdhH6aNgsCe5",0.79552798177836,1.55615246432603,"0",229677069804668
"553","R_sGtv3I6l6YZ1GU1",1.18697727642506,0.900162465076846,"1",229320606075132
"554","R_sOmW6gSKvNJ5Si5",1.05574203103476,1.17429964611092,"0",229678093268122
"555","R_sSR9IooKusigb73",0.90695571718323,1.4200662455024,"0",229166066768915
"556","R_ST3qQDWH8a2Z8wF",1.0672866702823,1.18272273940713,"0",229320605955296
"557","R_stgdPaExzIsFfRT",1.00714741272788,1.26013397965614,"0",229242295780393
"558","R_SW8meRihHCg4Ty9",0.95021411327146,1.33190169417483,"0",229409893573634
"559","R_SZ8HCt2oohfoGEp",1.06715733873744,1.11908360015492,"0",229242449961111
"560","R_T7oDEcrvfbIAgQF",1.14778421730894,0.979745704158585,"1",229678093210632
"561","R_TkhXPO6S8FurRMB",0.922730710291038,1.40506425561631,"0",229410206664732
"562","R_tPLRXslSCSIIrAZ",1.19146131536184,0.887068191960558,"1",229409893552235
"563","R_tWjlJgTTfxF3Z85",0.681983827408055,1.6837783641085,"0",229242449965295
"564","R_tZ0bYpiNyMj4pt7",0.912212537190689,1.35832825787839,"0",230296025094160
"565","R_UAdBCN4Yr8bSg6d",1.13502441660363,1.00228444001448,"1",229409893597348
"566","R_UAdT6lmfGZMm2s1",0.972923462755295,1.30973093453313,"0",229937963133014
"567","R_ugMJIMUpAOB2oUh",0.986476593853732,1.3015135778327,"0",229320606027862
"568","R_ujLqmiC73EyREFX",1.07533231739364,1.12723590133237,"0",229166416656617
"569","R_UutbqIVKMY6CypX",1.14563393752119,0.956666773761991,"1",229256171743437
"570","R_uw85ACVWObqwt5n",0.987479528123989,1.30218664576811,"0",229678093212684
"571","R_ux34WUoxkXoCzLz",0.889885010781576,1.40014275647422,"0",229256171950188
"572","R_vBpjBVWxgHwdR85",1.04909686676563,1.16035168526962,"0",229255657931781
"573","R_vk2QpnGK6FqBB0l",1.07324865693434,1.12357665134422,"0",229678093381676
"574","R_vkwQtf0JK6KmhZ7",1.13397726247557,1.00812164604289,"1",229409893569726
"575","R_vOJ77WLNm6DJcRP",1.19377360960375,0.867101526140481,"1",229320605944858
"576","R_VOwxgwGF00EjgMV",0.939316624443548,1.35130519266925,"0",229409893614812
"577","R_VQFLZEC2uZrS2vn",1.18697727642506,0.900162465076846,"1",229410207373567
"578","R_vVnQq2iaaEV95jb",1.20998888877883,0.822373342278565,"1",229321438291163
"579","R_vVRnuMRGprX0NG1",0.967019164512406,1.31838520628507,"0",229409893589023
"580","R_vxm08CwJ1qMwza9",1.18091534642993,0.90685363199926,"1",229409893622879
"581","R_W04oq5ANrIn86XL",1.15077727861807,0.971791565199471,"1",229320605968605
"582","R_w0jR8UNaqCDVHXz",1.10888437332305,1.05532479626157,"1",229937963317277
"583","R_W6egCtuD4qEhQit",1.18979090718783,0.891647211324468,"1",229320605935709
"584","R_WdOv7WjyReZ2Izn",1.18688009480736,0.888017887842006,"1",229256171575321
"585","R_WfbcOa4R3TKEukN",0.897881715440493,1.43168001699484,"0",229166066788475
"586","R_xfnvdWOK6OtEIBb",1.16663431166495,0.946505567830347,"1",229166416673876
"587","R_XodnNQgdsehAQBb",1.14893162406825,0.980414861553347,"1",229320605937806
"588","R_XUiFn3Edf8V2FBD",1.19964336077839,0.851315722672045,"1",229242450013428
"589","R_XXRYu9bNC39zVXX",0.885817036928539,1.47269187646755,"0",229678093102160
"590","R_XYxPFlYL5u6ZaRb",1.02461953196702,1.24655451040951,"0",229409893585116
"591","R_Y5okMSloOk3HkCB",0.97912181352883,1.27724438308687,"0",229320605950073
"592","R_YaxFNmBVsljQcN3",1.18979090718783,0.891647211324468,"1",229255658041449
"593","R_yBZ7U0GXRh2cYxP",1.16840005748729,0.91580859958548,"1",229242449960052
"594","R_yDu5FSL1xttI8Ap",0.984182115406823,1.26998906215505,"0",229242295745754
"595","R_yPjecBYgKLBuysN",0.945988123746511,1.33138134153561,"0",229256171906265
"596","R_yUWSmPkKkg62fJf",1.18468864552519,0.894715886721956,"1",229242295738458
"597","R_YXjZQPKE3SPGePf",1.02655080384179,1.24391820233354,"0",229409893616893
"598","R_YXN6D7S6HtYGyCR",0.846976914331962,1.49422871769545,"0",229255657965656
"599","R_z0CDhN9620Hiv9T",0.90163636674715,1.38739547807025,"0",229255657951349
"600","R_z2OjTI6ALu00OnD",0.830313417402522,1.49586864159641,"0",229321438287057
"601","R_Z9veagVYQlL0vrH",0.91265776541046,1.36112438126613,"0",229321437994179
"602","R_zdHs0uya0KljHEJ",1.18697727642506,0.900162465076846,"1",229321437584534
"603","R_zeY2QpcRAsD3WlH",0.847817387704134,1.48414473056571,"0",229255657966697
"604","R_ZFcYjQPti4GmnId",1.13646529670915,1.00991517358466,"1",229166416662637
"605","R_ZfTrmuWaeRQvyQV",0.913094027893542,1.36414898856483,"0",229409893611678
"606","R_ZK76CrhFxQDLP21",1.18697727642506,0.900162465076846,"1",229678093131973
"607","R_Zn3GcTpFo5aOZLX",1.0842028607946,1.09451622345296,"0",229242449962154
"608","R_zUaNyZkkwGn2pcl",1.03444673519322,1.20520882062469,"0",229320606061811
"609","R_ZwTzFkXwgh0Fzyx",0.965956165089719,1.31286039657477,"0",229256171569156
